-- phpMyAdmin SQL Dump
-- version 5.1.1
-- https://www.phpmyadmin.net/
--
-- Servidor: 127.0.0.1
-- Tiempo de generación: 27-01-2022 a las 14:28:40
-- Versión del servidor: 10.4.21-MariaDB
-- Versión de PHP: 7.3.31

SET SQL_MODE = "NO_AUTO_VALUE_ON_ZERO";
START TRANSACTION;
SET time_zone = "+00:00";


/*!40101 SET @OLD_CHARACTER_SET_CLIENT=@@CHARACTER_SET_CLIENT */;
/*!40101 SET @OLD_CHARACTER_SET_RESULTS=@@CHARACTER_SET_RESULTS */;
/*!40101 SET @OLD_COLLATION_CONNECTION=@@COLLATION_CONNECTION */;
/*!40101 SET NAMES utf8mb4 */;

--
-- Base de datos: `2aw3_agenda`
--
CREATE DATABASE IF NOT EXISTS `2aw3_agenda` DEFAULT CHARACTER SET latin1 COLLATE latin1_swedish_ci;
USE `2aw3_agenda`;

-- --------------------------------------------------------

--
-- Estructura de tabla para la tabla `contacts`
--

CREATE TABLE `contacts` (
  `idContact` int(11) NOT NULL,
  `name` varchar(255) NOT NULL,
  `surname` varchar(255) DEFAULT NULL,
  `tel` varchar(10) NOT NULL
) ENGINE=InnoDB DEFAULT CHARSET=latin1;

--
-- Volcado de datos para la tabla `contacts`
--

INSERT INTO `contacts` (`idContact`, `name`, `surname`, `tel`) VALUES
(1, 'Xabier', 'Fernandez-Casa', '645545454'),
(3, 'Ane', 'Osa', '555224411'),
(4, 'Ane', 'Ruiz', '66778855'),
(5, 'Mick', 'Cook', '1122345'),
(6, 'Rose', 'Stuart', '22334433'),
(16, 'Nick', 'Anderson', '5698854552'),
(23, 'Iñaki', 'Nuñez', '675534231'),
(24, 'Ion Ander', 'Güebbo', '762523223'),
(28, 'Aitor', 'Ibañez', '78236478'),
(31, 'Clint', 'Eastwood', '347853498'),
(32, 'Miren', 'Muñoz', '89742');

-- --------------------------------------------------------

--
-- Estructura de tabla para la tabla `contactsgroups`
--

CREATE TABLE `contactsgroups` (
  `idContact` int(11) NOT NULL,
  `idGroup` int(11) NOT NULL
) ENGINE=InnoDB DEFAULT CHARSET=latin1;

--
-- Volcado de datos para la tabla `contactsgroups`
--

INSERT INTO `contactsgroups` (`idContact`, `idGroup`) VALUES
(1, 3),
(3, 1),
(4, 1),
(4, 2),
(4, 3),
(5, 1),
(5, 2),
(5, 3),
(6, 2),
(6, 3),
(16, 1),
(16, 2),
(16, 3),
(23, 1),
(23, 3),
(24, 1),
(24, 2),
(28, 1),
(31, 2),
(32, 2),
(32, 3);

-- --------------------------------------------------------

--
-- Estructura de tabla para la tabla `emails`
--

CREATE TABLE `emails` (
  `idEmail` int(11) NOT NULL,
  `idContact` int(11) DEFAULT NULL,
  `e_mail` varchar(25) NOT NULL
) ENGINE=InnoDB DEFAULT CHARSET=latin1;

--
-- Volcado de datos para la tabla `emails`
--

INSERT INTO `emails` (`idEmail`, `idContact`, `e_mail`) VALUES
(27, 31, 'Clint@yahoho.es'),
(38, 23, 'nunez@hotmail.co'),
(39, 24, 'ion@ggg.vom'),
(40, 16, 'nick@gmail.com'),
(41, 16, 'nick@hotmail.com'),
(43, 28, 'aitor@hotmail.com'),
(47, 32, 'miren600@fpzornotza.com'),
(61, 6, 'rose@gmail.com'),
(62, 6, 'rose2@hotmail.com'),
(63, 1, 'xabier@gmail.com'),
(64, 4, 'ane@hotmail.com'),
(65, 3, 'ane@gmail.com'),
(66, 3, 'anebigarrena@gmail.com'),
(67, 3, 'nvbnvb'),
(68, 5, 'mick@gmail.com'),
(69, 5, 'mick2@zornotza.eus'),
(70, 5, 'mnm,n');

-- --------------------------------------------------------

--
-- Estructura de tabla para la tabla `groups`
--

CREATE TABLE `groups` (
  `idGroup` int(11) NOT NULL,
  `groupName` varchar(20) DEFAULT NULL
) ENGINE=InnoDB DEFAULT CHARSET=latin1;

--
-- Volcado de datos para la tabla `groups`
--

INSERT INTO `groups` (`idGroup`, `groupName`) VALUES
(1, 'Lagunak'),
(2, 'Familia'),
(3, 'Lana');

--
-- Índices para tablas volcadas
--

--
-- Indices de la tabla `contacts`
--
ALTER TABLE `contacts`
  ADD PRIMARY KEY (`idContact`);

--
-- Indices de la tabla `contactsgroups`
--
ALTER TABLE `contactsgroups`
  ADD PRIMARY KEY (`idContact`,`idGroup`),
  ADD KEY `idGroup` (`idGroup`);

--
-- Indices de la tabla `emails`
--
ALTER TABLE `emails`
  ADD PRIMARY KEY (`idEmail`),
  ADD KEY `fk_contactos` (`idContact`);

--
-- Indices de la tabla `groups`
--
ALTER TABLE `groups`
  ADD PRIMARY KEY (`idGroup`);

--
-- AUTO_INCREMENT de las tablas volcadas
--

--
-- AUTO_INCREMENT de la tabla `contacts`
--
ALTER TABLE `contacts`
  MODIFY `idContact` int(11) NOT NULL AUTO_INCREMENT, AUTO_INCREMENT=33;

--
-- AUTO_INCREMENT de la tabla `emails`
--
ALTER TABLE `emails`
  MODIFY `idEmail` int(11) NOT NULL AUTO_INCREMENT, AUTO_INCREMENT=71;

--
-- AUTO_INCREMENT de la tabla `groups`
--
ALTER TABLE `groups`
  MODIFY `idGroup` int(11) NOT NULL AUTO_INCREMENT, AUTO_INCREMENT=4;

--
-- Restricciones para tablas volcadas
--

--
-- Filtros para la tabla `contactsgroups`
--
ALTER TABLE `contactsgroups`
  ADD CONSTRAINT `contactsgroups_ibfk_1` FOREIGN KEY (`idGroup`) REFERENCES `groups` (`idGroup`),
  ADD CONSTRAINT `contactsgroups_ibfk_2` FOREIGN KEY (`idContact`) REFERENCES `contacts` (`idContact`);

--
-- Filtros para la tabla `emails`
--
ALTER TABLE `emails`
  ADD CONSTRAINT `emails_ibfk_1` FOREIGN KEY (`idContact`) REFERENCES `contacts` (`idContact`),
  ADD CONSTRAINT `fk_contactos` FOREIGN KEY (`idContact`) REFERENCES `contacts` (`idContact`) ON DELETE CASCADE ON UPDATE CASCADE;
--
-- Base de datos: `2aw3_biblio`
--
CREATE DATABASE IF NOT EXISTS `2aw3_biblio` DEFAULT CHARACTER SET utf8mb4 COLLATE utf8mb4_unicode_ci;
USE `2aw3_biblio`;

-- --------------------------------------------------------

--
-- Estructura de tabla para la tabla `libros`
--

CREATE TABLE `libros` (
  `id` int(2) NOT NULL,
  `titulo` varchar(27) DEFAULT NULL,
  `autor` varchar(24) DEFAULT NULL,
  `numPag` int(4) DEFAULT 0
) ENGINE=InnoDB DEFAULT CHARSET=utf8;

--
-- Volcado de datos para la tabla `libros`
--

INSERT INTO `libros` (`id`, `titulo`, `autor`, `numPag`) VALUES
(17, 'OCEANO', 'ALBERTO VAZQUEZ FIGUEROA', 250),
(25, 'Lazarillo ', 'joseba', 33),
(26, 'aaaaaaa', 'fdsfds', 88888),
(27, 'kfjsdf', 'jfkdsjf', 33),
(28, 'nuevo', 'ssss', 55),
(29, 'nuevo', 'ssss', 55),
(30, 'fffd', 'ddds', 33),
(31, 'fffd', 'ddds', 4455566),
(32, 'fffd', 'ddds', 33),
(33, 'fffd', 'ddds', 44444),
(34, 'fffd', 'ddds', 66),
(162, 'wwwwwwww', 'cccccccccc', 77),
(163, 'wwwwwwww', 'cccccccccc', 111111111),
(164, 'wwwwwwww', 'cccccccccc', 111111111),
(165, 'gdfgdf', '1', 44),
(166, 'gdfgdf', '1', 44),
(167, 'gdfgdf', 'ngfhfg', 44111),
(177, 'fds', 'eee', 1111),
(178, 'sss', 'cc', 88),
(179, 'fdsf', 'fdsf', 66),
(180, 'hhh', 'ggg', 999),
(181, 'ss', 'dd', 22),
(182, 'dfds', 'dfdf', 33),
(183, 'sdsd', 'fff', 33),
(184, 'sdsd', 'fff', 33),
(186, 'mnb', 'nbn', 77),
(187, 'mnm', 'ghg', 99),
(188, 'khjkh', 'jhjkh', 76666),
(189, 'gfdg', 'hjhg', 111),
(190, 'bnvb', 'bnvb', 77),
(191, 'hgjg', 'hgjhg', 44),
(213, 'sada', 'cvxcv', 11444),
(214, 'sada', 'cvxcv', 222),
(215, 'fgdf', 'gfdg', 33),
(216, 'fsdf', 'dfsdf', 55),
(217, 'fgdgfd', 'gfdgd', 444),
(218, 'fsdf', 'fdsf', 444),
(219, 'aaa', 'aaa', 111),
(220, 'hgfh', 'ghfg', 44);

--
-- Índices para tablas volcadas
--

--
-- Indices de la tabla `libros`
--
ALTER TABLE `libros`
  ADD PRIMARY KEY (`id`);

--
-- AUTO_INCREMENT de las tablas volcadas
--

--
-- AUTO_INCREMENT de la tabla `libros`
--
ALTER TABLE `libros`
  MODIFY `id` int(2) NOT NULL AUTO_INCREMENT, AUTO_INCREMENT=231;
--
-- Base de datos: `2aw3_bibliobitaula`
--
CREATE DATABASE IF NOT EXISTS `2aw3_bibliobitaula` DEFAULT CHARACTER SET utf8mb4 COLLATE utf8mb4_unicode_ci;
USE `2aw3_bibliobitaula`;

-- --------------------------------------------------------

--
-- Estructura de tabla para la tabla `editorial`
--

CREATE TABLE `editorial` (
  `idEditorial` int(11) NOT NULL,
  `nombreEditorial` varchar(50) COLLATE utf8mb4_unicode_ci NOT NULL,
  `ciudad` varchar(50) COLLATE utf8mb4_unicode_ci NOT NULL
) ENGINE=InnoDB DEFAULT CHARSET=utf8mb4 COLLATE=utf8mb4_unicode_ci;

--
-- Volcado de datos para la tabla `editorial`
--

INSERT INTO `editorial` (`idEditorial`, `nombreEditorial`, `ciudad`) VALUES
(1, 'Planeta', 'Madrid'),
(2, 'Espasa', 'Barcelona'),
(3, 'Anagrama', 'Salamanca');

-- --------------------------------------------------------

--
-- Estructura de tabla para la tabla `libros`
--

CREATE TABLE `libros` (
  `id` int(2) NOT NULL,
  `titulo` varchar(27) DEFAULT NULL,
  `autor` varchar(24) DEFAULT NULL,
  `numPag` int(4) DEFAULT NULL,
  `idEditorial` int(11) NOT NULL
) ENGINE=InnoDB DEFAULT CHARSET=utf8;

--
-- Volcado de datos para la tabla `libros`
--

INSERT INTO `libros` (`id`, `titulo`, `autor`, `numPag`, `idEditorial`) VALUES
(3, 'VIDAS MAGICAS E INQUISICION', 'JULIO CARO BAROJA', 850, 1),
(5, 'MUSEO DEL PRADO', 'SANTIAGO ALCOLEA BLANS', 464, 2),
(6, 'EL OPALO NEGRO', 'VICTORIA HOLT', 384, 1),
(7, 'POESIA Y OTROS TEXTOS', 'SAN JUAN DE LA CRUZ', 304, 2),
(8, 'EL JUEGO DE HERRALL', 'STEPHEN KING', 400, 1),
(10, 'EL SEÑOR DE LOS ANILLOS', 'J.R. TOLKIEN', 1104, 1),
(12, 'IT', 'STEPHEN KING', 1000, 2),
(15, 'COMO SI FUERA DIOS', 'ROBIN COOK', 456, 2),
(16, 'TEMINAL', 'ROBIN COOK', 370, 1),
(17, 'OCEANO', 'ALBERTO VAZQUEZ FIGUEROA', 250, 2),
(18, 'LA IGUANA', 'ALBERTO VAZQUEZ FIGUEROA', 290, 1),
(19, 'YALZA', 'ALBERTO VAZQUEZ FIGUEROA', 350, 2),
(26, 'dsada', '1', 3453, 1),
(27, 'dfsdfds', 'fgdf', 543453, 2),
(28, 'aaaa', 'ghhhhhhhh', 44, 3),
(29, 'erwer', 'rew', 33, 1),
(30, 'fdffs', '4rtert', 777, 2),
(31, 'nghjg', 'yrtyrty', 55, 3);

--
-- Índices para tablas volcadas
--

--
-- Indices de la tabla `editorial`
--
ALTER TABLE `editorial`
  ADD PRIMARY KEY (`idEditorial`);

--
-- Indices de la tabla `libros`
--
ALTER TABLE `libros`
  ADD PRIMARY KEY (`id`),
  ADD KEY `idEditorial` (`idEditorial`);

--
-- AUTO_INCREMENT de las tablas volcadas
--

--
-- AUTO_INCREMENT de la tabla `editorial`
--
ALTER TABLE `editorial`
  MODIFY `idEditorial` int(11) NOT NULL AUTO_INCREMENT, AUTO_INCREMENT=4;

--
-- AUTO_INCREMENT de la tabla `libros`
--
ALTER TABLE `libros`
  MODIFY `id` int(2) NOT NULL AUTO_INCREMENT, AUTO_INCREMENT=32;

--
-- Restricciones para tablas volcadas
--

--
-- Filtros para la tabla `libros`
--
ALTER TABLE `libros`
  ADD CONSTRAINT `libros_ibfk_1` FOREIGN KEY (`idEditorial`) REFERENCES `editorial` (`idEditorial`);
--
-- Base de datos: `2aw3_favorites`
--
CREATE DATABASE IF NOT EXISTS `2aw3_favorites` DEFAULT CHARACTER SET utf8mb4 COLLATE utf8mb4_unicode_ci;
USE `2aw3_favorites`;

-- --------------------------------------------------------

--
-- Estructura de tabla para la tabla `company`
--

CREATE TABLE `company` (
  `idCompany` int(11) NOT NULL,
  `name` varchar(50) NOT NULL,
  `tel` varchar(10) NOT NULL,
  `web` varchar(50) NOT NULL,
  `address` varchar(100) NOT NULL,
  `idSector` int(11) NOT NULL,
  `logo` varchar(250) NOT NULL
) ENGINE=InnoDB DEFAULT CHARSET=latin1;

--
-- Volcado de datos para la tabla `company`
--

INSERT INTO `company` (`idCompany`, `name`, `tel`, `web`, `address`, `idSector`, `logo`) VALUES
(2, 'Euskaltel', '1717', 'https://www.euskaltel.com/', 'Parque Científico y Tecnológico de Bizkaia. 48160. Derio. Bizkaia', 1, '02euskaltel.jpg'),
(3, 'Goenaga', '943216327 ', 'https://www.yogurgoenaga.com/', 'Pokopandegi Baserria, 36, 20018 San Sebastián, Guipúzcoa', 2, '03goenaga.gif'),
(4, 'CIFP Zornotza', '946730251', 'http://www.fpzornotza.com', 'Barrio Urritxe s/n, 48340 Amorebieta-Etxano, BI', 4, '04fpzornotza.jpeg'),
(5, 'Lacturale', '948600449', 'https://www.lacturale.com/eu/', 'Carretera Madoz, s/n, 31868 Etxeberri Arakil', 2, '05lacturale.png'),
(6, 'Baqué', '946215610', 'http://www.baque.com/es/', 'Zuaznabar Kalea, 31, 20180, Gipuzkoa', 2, '06baque.jpg'),
(13, 'Movistar', '1004', 'http://www.movistar.es/', 'xxxxx', 1, 'logo13.jpg'),
(14, 'Vodafone', '1004', 'https://www.vodafone.es/c/particulares/es/', 'xxx', 1, 'logo14.png'),
(15, 'Securitas', '900900900', 'https://www.securitas.es/', 'xxxx', 3, 'logo15.png'),
(16, 'Angulas Aguinaga', '943555000', 'https://www.angulas-aguinaga.es/', 'xxxxx', 2, 'logo16.jpg'),
(17, 'Rollitos Chinos', '999999999', 'https://www.google.com', 'dfsdlkfj kdflsdkjf', 2, 'logo17.png'),
(21, 'Zara', '645', 'https://www.zara.com', 'hgfh', 2, 'logo18.png'),
(22, 'BIZIBIKE', '656889900', 'https://www.ternbicycles.com/es/bikes/471/byb', 'amsterdam', 2, 'logo22.jpg');

-- --------------------------------------------------------

--
-- Estructura de tabla para la tabla `sector`
--

CREATE TABLE `sector` (
  `idSector` int(11) NOT NULL,
  `name` varchar(250) NOT NULL,
  `€` int(11) NOT NULL
) ENGINE=InnoDB DEFAULT CHARSET=latin1;

--
-- Volcado de datos para la tabla `sector`
--

INSERT INTO `sector` (`idSector`, `name`, `€`) VALUES
(1, 'Telecomunications', 500000),
(2, 'Food', 450000),
(3, 'Security', 600000),
(4, 'Education', 120000);

-- --------------------------------------------------------

--
-- Estructura de tabla para la tabla `user`
--

CREATE TABLE `user` (
  `idUser` int(11) NOT NULL,
  `username` varchar(50) NOT NULL,
  `password` varchar(255) NOT NULL,
  `name` varchar(255) NOT NULL,
  `surname` varchar(255) NOT NULL,
  `email` varchar(255) NOT NULL,
  `admin` tinyint(1) NOT NULL
) ENGINE=InnoDB DEFAULT CHARSET=latin1;

--
-- Volcado de datos para la tabla `user`
--

INSERT INTO `user` (`idUser`, `username`, `password`, `name`, `surname`, `email`, `admin`) VALUES
(5, 'iker', '$2y$10$Jr1OhNpXYmHyA68xDOHpbOBKV/kmRz/j/tVxHC8oUhYBIIrxgR59y', 'iker', 'Herran', 'iker@okokl.oc', 1),
(6, 'noAdmin', '$2y$10$gy6KBptXkgJ61THWyvZXROJ5s3M7YXYPK4n70VmNZHUR3j0h./TPK', 'no', 'Admin', 'aaa@hptmailcom', 0),
(8, 'sonia', '$2y$10$t1HaXjAv6ZAQsQBaM76JA../jejTNnJ1RkH81vFImGRcXmpSvTpXu', 'fd,jdskf', 'sldnfkdsj', 'sonia@gmail.com', 0);

-- --------------------------------------------------------

--
-- Estructura de tabla para la tabla `usercompanies`
--

CREATE TABLE `usercompanies` (
  `id` int(11) NOT NULL,
  `idUser` int(11) NOT NULL,
  `idCompany` int(11) NOT NULL
) ENGINE=InnoDB DEFAULT CHARSET=latin1;

--
-- Volcado de datos para la tabla `usercompanies`
--

INSERT INTO `usercompanies` (`id`, `idUser`, `idCompany`) VALUES
(9, 5, 2),
(18, 6, 3),
(19, 5, 13),
(20, 5, 14);

--
-- Índices para tablas volcadas
--

--
-- Indices de la tabla `company`
--
ALTER TABLE `company`
  ADD PRIMARY KEY (`idCompany`),
  ADD KEY `idSector` (`idSector`);

--
-- Indices de la tabla `sector`
--
ALTER TABLE `sector`
  ADD PRIMARY KEY (`idSector`);

--
-- Indices de la tabla `user`
--
ALTER TABLE `user`
  ADD PRIMARY KEY (`idUser`);

--
-- AUTO_INCREMENT de las tablas volcadas
--

--
-- AUTO_INCREMENT de la tabla `company`
--
ALTER TABLE `company`
  MODIFY `idCompany` int(11) NOT NULL AUTO_INCREMENT, AUTO_INCREMENT=23;

--
-- AUTO_INCREMENT de la tabla `sector`
--
ALTER TABLE `sector`
  MODIFY `idSector` int(11) NOT NULL AUTO_INCREMENT, AUTO_INCREMENT=5;

--
-- AUTO_INCREMENT de la tabla `user`
--
ALTER TABLE `user`
  MODIFY `idUser` int(11) NOT NULL AUTO_INCREMENT, AUTO_INCREMENT=9;

--
-- Restricciones para tablas volcadas
--

--
-- Filtros para la tabla `company`
--
ALTER TABLE `company`
  ADD CONSTRAINT `company_ibfk_1` FOREIGN KEY (`idSector`) REFERENCES `sector` (`idSector`);
--
-- Base de datos: `2aw3_garage`
--
CREATE DATABASE IF NOT EXISTS `2aw3_garage` DEFAULT CHARACTER SET latin1 COLLATE latin1_swedish_ci;
USE `2aw3_garage`;

-- --------------------------------------------------------

--
-- Estructura de tabla para la tabla `customers`
--

CREATE TABLE `customers` (
  `idCustomer` int(11) NOT NULL,
  `name` varchar(255) NOT NULL,
  `surname` varchar(255) NOT NULL,
  `telephone` varchar(255) NOT NULL
) ENGINE=InnoDB DEFAULT CHARSET=latin1;

--
-- Volcado de datos para la tabla `customers`
--

INSERT INTO `customers` (`idCustomer`, `name`, `surname`, `telephone`) VALUES
(1, 'Danny', 'De Vito', '900899874'),
(2, 'Jennifer', 'Lawrence', '562526396'),
(3, 'Jude', 'Law', '522457844');

-- --------------------------------------------------------

--
-- Estructura de tabla para la tabla `tasks`
--

CREATE TABLE `tasks` (
  `idTask` int(11) NOT NULL,
  `taskDescr` varchar(255) NOT NULL
) ENGINE=InnoDB DEFAULT CHARSET=latin1;

--
-- Volcado de datos para la tabla `tasks`
--

INSERT INTO `tasks` (`idTask`, `taskDescr`) VALUES
(1, 'Brakes'),
(2, 'Oil'),
(3, 'Front weels'),
(4, 'Rear weels'),
(5, 'Fuel filter'),
(6, 'Air filter'),
(7, 'Battery'),
(8, 'Brake fluid');

-- --------------------------------------------------------

--
-- Estructura de tabla para la tabla `vehicles`
--

CREATE TABLE `vehicles` (
  `plate` varchar(7) NOT NULL,
  `brand` varchar(255) NOT NULL,
  `model` varchar(255) NOT NULL,
  `color` varchar(255) NOT NULL,
  `idCustomer` int(11) NOT NULL
) ENGINE=InnoDB DEFAULT CHARSET=latin1;

--
-- Volcado de datos para la tabla `vehicles`
--

INSERT INTO `vehicles` (`plate`, `brand`, `model`, `color`, `idCustomer`) VALUES
('1223FBJ', 'Ford', 'Mondeo', 'Blue', 1),
('3902CVZ', 'Renault', 'Clio', 'Blue', 2),
('6985HJN', 'Opel', 'Vivaro', 'Red', 1),
('8903HGG', 'Nissan', 'Juke', 'White', 3);

-- --------------------------------------------------------

--
-- Estructura de tabla para la tabla `visits`
--

CREATE TABLE `visits` (
  `idVisit` int(11) NOT NULL,
  `plate` varchar(7) NOT NULL,
  `date` date NOT NULL
) ENGINE=InnoDB DEFAULT CHARSET=latin1;

--
-- Volcado de datos para la tabla `visits`
--

INSERT INTO `visits` (`idVisit`, `plate`, `date`) VALUES
(1, '1223FBJ', '2019-02-03'),
(2, '3902CVZ', '2019-02-03'),
(3, '8903HGG', '2019-01-14'),
(4, '6985HJN', '2019-01-22'),
(5, '6985HJN', '2019-01-27'),
(8, '1223FBJ', '2019-02-07'),
(11, '3902CVZ', '2019-02-07'),
(13, '8903HGG', '2019-02-07'),
(14, '8903HGG', '2019-02-07'),
(15, '8903HGG', '2019-02-07'),
(23, '3902CVZ', '2019-02-07'),
(24, '3902CVZ', '2019-02-07'),
(25, '1223FBJ', '2019-02-07'),
(27, '6985HJN', '2019-02-07'),
(28, '6985HJN', '2019-02-07'),
(29, '6985HJN', '2019-02-07'),
(30, '6985HJN', '2019-02-07'),
(31, '6985HJN', '2019-02-07'),
(32, '6985HJN', '0000-00-00'),
(33, '6985HJN', '0000-00-00'),
(34, '6985HJN', '0000-00-00'),
(35, '6985HJN', '2019-03-07'),
(36, '6985HJN', '2019-02-07'),
(37, '6985HJN', '2019-02-07'),
(38, '6985HJN', '2019-02-07'),
(40, '1223FBJ', '2019-02-07'),
(41, '1223FBJ', '2019-02-07'),
(42, '1223FBJ', '2019-02-07'),
(43, '1223FBJ', '2019-02-07'),
(44, '1223FBJ', '2019-02-07'),
(45, '1223FBJ', '2019-02-07'),
(46, '3902CVZ', '2019-02-08'),
(47, '3902CVZ', '2019-02-12'),
(48, '3902CVZ', '2019-02-12');

-- --------------------------------------------------------

--
-- Estructura de tabla para la tabla `visits_tasks`
--

CREATE TABLE `visits_tasks` (
  `idVisit` int(11) NOT NULL,
  `idTask` int(11) NOT NULL
) ENGINE=InnoDB DEFAULT CHARSET=latin1;

--
-- Volcado de datos para la tabla `visits_tasks`
--

INSERT INTO `visits_tasks` (`idVisit`, `idTask`) VALUES
(1, 1),
(1, 2),
(2, 4),
(3, 2),
(3, 3),
(4, 1),
(4, 6),
(5, 1),
(5, 3),
(5, 5),
(43, 7),
(44, 7),
(45, 1),
(45, 7),
(47, 4),
(47, 5),
(48, 1),
(48, 2);

--
-- Índices para tablas volcadas
--

--
-- Indices de la tabla `customers`
--
ALTER TABLE `customers`
  ADD PRIMARY KEY (`idCustomer`);

--
-- Indices de la tabla `tasks`
--
ALTER TABLE `tasks`
  ADD PRIMARY KEY (`idTask`);

--
-- Indices de la tabla `vehicles`
--
ALTER TABLE `vehicles`
  ADD PRIMARY KEY (`plate`),
  ADD KEY `customer` (`idCustomer`);

--
-- Indices de la tabla `visits`
--
ALTER TABLE `visits`
  ADD PRIMARY KEY (`idVisit`),
  ADD KEY `plate` (`plate`);

--
-- Indices de la tabla `visits_tasks`
--
ALTER TABLE `visits_tasks`
  ADD PRIMARY KEY (`idVisit`,`idTask`),
  ADD KEY `idVisit` (`idVisit`),
  ADD KEY `idTask` (`idTask`);

--
-- AUTO_INCREMENT de las tablas volcadas
--

--
-- AUTO_INCREMENT de la tabla `customers`
--
ALTER TABLE `customers`
  MODIFY `idCustomer` int(11) NOT NULL AUTO_INCREMENT, AUTO_INCREMENT=4;

--
-- AUTO_INCREMENT de la tabla `tasks`
--
ALTER TABLE `tasks`
  MODIFY `idTask` int(11) NOT NULL AUTO_INCREMENT, AUTO_INCREMENT=9;

--
-- AUTO_INCREMENT de la tabla `visits`
--
ALTER TABLE `visits`
  MODIFY `idVisit` int(11) NOT NULL AUTO_INCREMENT, AUTO_INCREMENT=49;

--
-- Restricciones para tablas volcadas
--

--
-- Filtros para la tabla `vehicles`
--
ALTER TABLE `vehicles`
  ADD CONSTRAINT `vehicles_ibfk_1` FOREIGN KEY (`idCustomer`) REFERENCES `customers` (`idCustomer`);

--
-- Filtros para la tabla `visits`
--
ALTER TABLE `visits`
  ADD CONSTRAINT `visits_ibfk_1` FOREIGN KEY (`plate`) REFERENCES `vehicles` (`plate`);

--
-- Filtros para la tabla `visits_tasks`
--
ALTER TABLE `visits_tasks`
  ADD CONSTRAINT `visits_tasks_ibfk_1` FOREIGN KEY (`idVisit`) REFERENCES `visits` (`idVisit`),
  ADD CONSTRAINT `visits_tasks_ibfk_2` FOREIGN KEY (`idTask`) REFERENCES `tasks` (`idTask`);
--
-- Base de datos: `2aw3_giroitalia`
--
CREATE DATABASE IF NOT EXISTS `2aw3_giroitalia` DEFAULT CHARACTER SET utf8mb4 COLLATE utf8mb4_unicode_ci;
USE `2aw3_giroitalia`;

-- --------------------------------------------------------

--
-- Estructura de tabla para la tabla `ciudad`
--

CREATE TABLE `ciudad` (
  `id` int(11) NOT NULL,
  `nombre` char(35) NOT NULL DEFAULT '',
  `habitantes` int(11) NOT NULL DEFAULT 0
) ENGINE=InnoDB DEFAULT CHARSET=latin1;

--
-- Volcado de datos para la tabla `ciudad`
--

INSERT INTO `ciudad` (`id`, `nombre`, `habitantes`) VALUES
(1464, 'Roma', 2643581),
(1465, 'Milano', 1300977),
(1466, 'Napoli', 1002619),
(1467, 'Torino', 903705),
(1468, 'Palermo', 683794),
(1469, 'Genova', 636104),
(1470, 'Bologna', 381161),
(1471, 'Firenze', 376662),
(1472, 'Catania', 337862),
(1473, 'Bari', 331848),
(1474, 'Venezia', 277305),
(1475, 'Messina', 259156),
(1476, 'Verona', 255268),
(1477, 'Trieste', 216459),
(1478, 'Padova', 211391),
(1479, 'Taranto', 208214);

-- --------------------------------------------------------

--
-- Estructura de tabla para la tabla `clasificacion`
--

CREATE TABLE `clasificacion` (
  `id` int(8) NOT NULL,
  `id_corredor` int(11) NOT NULL,
  `id_etapa` int(11) NOT NULL,
  `posicion` int(11) NOT NULL
) ENGINE=InnoDB DEFAULT CHARSET=latin1;

--
-- Volcado de datos para la tabla `clasificacion`
--

INSERT INTO `clasificacion` (`id`, `id_corredor`, `id_etapa`, `posicion`) VALUES
(1, 8, 1, 5),
(2, 8, 2, 4),
(3, 9, 2, 3),
(4, 11, 1, 1),
(5, 11, 2, 1),
(6, 11, 3, 7),
(7, 12, 2, 2),
(8, 14, 2, 6),
(9, 14, 3, 6),
(10, 15, 3, 2),
(11, 17, 2, 5),
(12, 18, 1, 8),
(13, 18, 4, 9),
(14, 19, 3, 8),
(15, 19, 4, 1),
(16, 20, 2, 7),
(17, 21, 1, 3),
(18, 21, 3, 1),
(19, 11, 14, 11),
(20, 14, 14, 14),
(21, 18, 15, 9),
(22, 21, 15, 1),
(23, 8, 16, 1),
(24, 21, 16, 4),
(25, 15, 16, 7),
(26, 11, 16, 5),
(27, 9, 16, 3),
(28, 17, 17, 4),
(29, 20, 17, 1),
(30, 21, 18, 6),
(31, 16, 18, 1),
(32, 18, 18, 3),
(36, 9, 24, 5),
(37, 19, 24, 1),
(38, 11, 25, 3),
(39, 17, 26, 3),
(40, 11, 26, 5),
(41, 14, 27, 3),
(42, 17, 27, 6);

-- --------------------------------------------------------

--
-- Estructura de tabla para la tabla `corredor`
--

CREATE TABLE `corredor` (
  `id` int(8) NOT NULL,
  `nombre` varchar(20) NOT NULL,
  `apellido` varchar(20) NOT NULL,
  `equipo` int(11) NOT NULL
) ENGINE=InnoDB DEFAULT CHARSET=latin1;

--
-- Volcado de datos para la tabla `corredor`
--

INSERT INTO `corredor` (`id`, `nombre`, `apellido`, `equipo`) VALUES
(8, 'Vincenzo', 'Nibali', 5),
(9, 'Valerio', 'Agnoli', 5),
(11, 'Dario', 'Cataldo', 1),
(12, 'Luis Leon', 'Sanchez', 1),
(14, 'Omar', 'Fraile', 3),
(15, 'Ryan', 'Gibbons', 3),
(16, 'Angel', 'Vicioso', 2),
(17, 'Alberto', 'Losada', 2),
(18, 'Ilnur', 'Zakarin', 2),
(19, 'Mikel', 'Landa', 4),
(20, 'Sebastian', 'Henao', 4),
(21, 'Tom', 'Dumoulin', 6);

-- --------------------------------------------------------

--
-- Estructura de tabla para la tabla `equipo`
--

CREATE TABLE `equipo` (
  `id` int(11) NOT NULL,
  `nombre` varchar(25) COLLATE utf8mb4_unicode_ci NOT NULL,
  `director` varchar(25) COLLATE utf8mb4_unicode_ci NOT NULL,
  `presupuesto` varchar(8) COLLATE utf8mb4_unicode_ci NOT NULL
) ENGINE=InnoDB DEFAULT CHARSET=utf8mb4 COLLATE=utf8mb4_unicode_ci;

--
-- Volcado de datos para la tabla `equipo`
--

INSERT INTO `equipo` (`id`, `nombre`, `director`, `presupuesto`) VALUES
(1, 'Astana', 'Luis Lomas', '100000'),
(2, 'Katusha', 'Gerardo Perez', '1055500'),
(3, 'Dimension Data', 'Carmen Lasa', '333333'),
(4, 'Sky', 'Pedro Nieto', '444444'),
(5, 'Bahrain', 'Jonh Fitzgerald', '100000'),
(6, 'SunWeb', 'Gerard Foundue', '200000');

-- --------------------------------------------------------

--
-- Estructura de tabla para la tabla `etapa`
--

CREATE TABLE `etapa` (
  `id` int(11) NOT NULL,
  `km` int(11) NOT NULL,
  `salida` varchar(25) NOT NULL,
  `llegada` varchar(25) NOT NULL
) ENGINE=InnoDB DEFAULT CHARSET=latin1;

--
-- Volcado de datos para la tabla `etapa`
--

INSERT INTO `etapa` (`id`, `km`, `salida`, `llegada`) VALUES
(1, 206, 'Alghero', 'Olbia'),
(2, 221, 'Olbia', 'Tortoli'),
(3, 190, 'Pordenano', 'Asiago'),
(4, 29, 'Monza', 'Milano'),
(14, 55, 'Bologna', 'Roma'),
(15, 88, 'Roma', 'Bologna'),
(16, 44, 'Messina', 'Bologna'),
(17, 55, 'Palermo', 'Milano'),
(18, 56, 'Napoli', 'Verona'),
(22, 88, 'Firenze', 'Bari'),
(24, 6, 'Genova', 'Venezia'),
(25, 22, 'Napoli', 'Torino'),
(26, 454, 'Milano', 'Firenze'),
(27, 44, 'Roma', 'Palermo');

-- --------------------------------------------------------

--
-- Estructura de tabla para la tabla `users`
--

CREATE TABLE `users` (
  `idUser` int(11) NOT NULL,
  `username` varchar(50) NOT NULL,
  `password` varchar(255) NOT NULL,
  `name` varchar(255) NOT NULL,
  `surname` varchar(255) NOT NULL,
  `email` varchar(255) NOT NULL,
  `admin` int(11) NOT NULL,
  `color` varchar(255) NOT NULL
) ENGINE=InnoDB DEFAULT CHARSET=latin1;

--
-- Volcado de datos para la tabla `users`
--

INSERT INTO `users` (`idUser`, `username`, `password`, `name`, `surname`, `email`, `admin`, `color`) VALUES
(5, 'iker', '1234', 'iker', 'Herran', 'iker@fp.com', 1, 'blue'),
(6, 'jon', '1234', 'john', 'doe', 'jon@fp.com', 0, 'red'),
(7, 'sara', '1234', 'sara', 'smith', 'sara@fp.com', 0, 'black');

--
-- Índices para tablas volcadas
--

--
-- Indices de la tabla `ciudad`
--
ALTER TABLE `ciudad`
  ADD PRIMARY KEY (`id`);

--
-- Indices de la tabla `clasificacion`
--
ALTER TABLE `clasificacion`
  ADD PRIMARY KEY (`id`),
  ADD KEY `id_etapa` (`id_etapa`),
  ADD KEY `id_corredor` (`id_corredor`);

--
-- Indices de la tabla `corredor`
--
ALTER TABLE `corredor`
  ADD PRIMARY KEY (`id`),
  ADD KEY `equipo` (`equipo`);

--
-- Indices de la tabla `equipo`
--
ALTER TABLE `equipo`
  ADD PRIMARY KEY (`id`);

--
-- Indices de la tabla `etapa`
--
ALTER TABLE `etapa`
  ADD PRIMARY KEY (`id`);

--
-- AUTO_INCREMENT de las tablas volcadas
--

--
-- AUTO_INCREMENT de la tabla `ciudad`
--
ALTER TABLE `ciudad`
  MODIFY `id` int(11) NOT NULL AUTO_INCREMENT, AUTO_INCREMENT=4083;

--
-- AUTO_INCREMENT de la tabla `clasificacion`
--
ALTER TABLE `clasificacion`
  MODIFY `id` int(8) NOT NULL AUTO_INCREMENT, AUTO_INCREMENT=43;

--
-- AUTO_INCREMENT de la tabla `corredor`
--
ALTER TABLE `corredor`
  MODIFY `id` int(8) NOT NULL AUTO_INCREMENT, AUTO_INCREMENT=25;

--
-- AUTO_INCREMENT de la tabla `equipo`
--
ALTER TABLE `equipo`
  MODIFY `id` int(11) NOT NULL AUTO_INCREMENT, AUTO_INCREMENT=7;

--
-- AUTO_INCREMENT de la tabla `etapa`
--
ALTER TABLE `etapa`
  MODIFY `id` int(11) NOT NULL AUTO_INCREMENT, AUTO_INCREMENT=28;

--
-- Restricciones para tablas volcadas
--

--
-- Filtros para la tabla `clasificacion`
--
ALTER TABLE `clasificacion`
  ADD CONSTRAINT `clasificacion_ibfk_1` FOREIGN KEY (`id_etapa`) REFERENCES `etapa` (`id`) ON DELETE NO ACTION ON UPDATE NO ACTION,
  ADD CONSTRAINT `clasificacion_ibfk_2` FOREIGN KEY (`id_corredor`) REFERENCES `corredor` (`id`) ON DELETE NO ACTION ON UPDATE NO ACTION;

--
-- Filtros para la tabla `corredor`
--
ALTER TABLE `corredor`
  ADD CONSTRAINT `corredor_ibfk_1` FOREIGN KEY (`equipo`) REFERENCES `equipo` (`id`) ON DELETE CASCADE ON UPDATE CASCADE;
--
-- Base de datos: `2aw3_login_captcha`
--
CREATE DATABASE IF NOT EXISTS `2aw3_login_captcha` DEFAULT CHARACTER SET latin1 COLLATE latin1_swedish_ci;
USE `2aw3_login_captcha`;

-- --------------------------------------------------------

--
-- Estructura de tabla para la tabla `captcha`
--

CREATE TABLE `captcha` (
  `id` int(11) NOT NULL,
  `path` varchar(250) NOT NULL,
  `result` int(11) NOT NULL
) ENGINE=InnoDB DEFAULT CHARSET=latin1;

--
-- Volcado de datos para la tabla `captcha`
--

INSERT INTO `captcha` (`id`, `path`, `result`) VALUES
(1, 'view/images/captcha1.png', 14),
(2, 'view/images/captcha2.png', 48),
(3, 'view/images/captcha3.png', 7),
(4, 'view/images/captcha4.png', 96);

-- --------------------------------------------------------

--
-- Estructura de tabla para la tabla `city`
--

CREATE TABLE `city` (
  `ID` int(11) NOT NULL,
  `Name` char(35) NOT NULL DEFAULT '',
  `CountryCode` char(3) NOT NULL DEFAULT '',
  `Population` int(11) NOT NULL DEFAULT 0
) ENGINE=InnoDB DEFAULT CHARSET=latin1;

--
-- Volcado de datos para la tabla `city`
--

INSERT INTO `city` (`ID`, `Name`, `CountryCode`, `Population`) VALUES
(1, 'Kabul', 'AFG', 1780000),
(2, 'Qandahar', 'AFG', 237500),
(3, 'Herat', 'AFG', 186800),
(4, 'Mazar-e-Sharif', 'AFG', 127800),
(5, 'Amsterdam', 'NLD', 731200),
(6, 'Rotterdam', 'NLD', 593321),
(7, 'Haag', 'NLD', 440900),
(8, 'Utrecht', 'NLD', 234323),
(9, 'Eindhoven', 'NLD', 201843),
(10, 'Tilburg', 'NLD', 193238),
(11, 'Groningen', 'NLD', 172701),
(12, 'Breda', 'NLD', 160398),
(13, 'Apeldoorn', 'NLD', 153491),
(14, 'Nijmegen', 'NLD', 152463),
(15, 'Enschede', 'NLD', 149544),
(16, 'Haarlem', 'NLD', 148772),
(17, 'Almere', 'NLD', 142465),
(18, 'Arnhem', 'NLD', 138020),
(19, 'Zaanstad', 'NLD', 135621),
(20, '´s-Hertogenbosch', 'NLD', 129170),
(21, 'Amersfoort', 'NLD', 126270),
(22, 'Maastricht', 'NLD', 122087),
(23, 'Dordrecht', 'NLD', 119811),
(24, 'Leiden', 'NLD', 117196),
(25, 'Haarlemmermeer', 'NLD', 110722),
(26, 'Zoetermeer', 'NLD', 110214),
(27, 'Emmen', 'NLD', 105853),
(28, 'Zwolle', 'NLD', 105819),
(29, 'Ede', 'NLD', 101574),
(30, 'Delft', 'NLD', 95268),
(31, 'Heerlen', 'NLD', 95052),
(32, 'Alkmaar', 'NLD', 92713),
(33, 'Willemstad', 'ANT', 2345),
(34, 'Tirana', 'ALB', 270000),
(35, 'Alger', 'DZA', 2168000),
(36, 'Oran', 'DZA', 609823),
(37, 'Constantine', 'DZA', 443727),
(38, 'Annaba', 'DZA', 222518),
(39, 'Batna', 'DZA', 183377),
(40, 'Sétif', 'DZA', 179055),
(41, 'Sidi Bel Abbès', 'DZA', 153106),
(42, 'Skikda', 'DZA', 128747),
(43, 'Biskra', 'DZA', 128281),
(44, 'Blida (el-Boulaida)', 'DZA', 127284),
(45, 'Béjaïa', 'DZA', 117162),
(46, 'Mostaganem', 'DZA', 115212),
(47, 'Tébessa', 'DZA', 112007),
(48, 'Tlemcen (Tilimsen)', 'DZA', 110242),
(49, 'Béchar', 'DZA', 107311),
(50, 'Tiaret', 'DZA', 100118),
(51, 'Ech-Chleff (el-Asnam)', 'DZA', 96794),
(52, 'Ghardaïa', 'DZA', 89415),
(53, 'Tafuna', 'ASM', 5200),
(54, 'Fagatogo', 'ASM', 2323),
(55, 'Andorra la Vella', 'AND', 21189),
(56, 'Luanda', 'AGO', 2022000),
(57, 'Huambo', 'AGO', 163100),
(58, 'Lobito', 'AGO', 130000),
(59, 'Benguela', 'AGO', 128300),
(60, 'Namibe', 'AGO', 118200),
(61, 'South Hill', 'AIA', 961),
(62, 'The Valley', 'AIA', 595),
(63, 'Saint John´s', 'ATG', 24000),
(64, 'Dubai', 'ARE', 669181),
(65, 'Abu Dhabi', 'ARE', 398695),
(66, 'Sharja', 'ARE', 320095),
(67, 'al-Ayn', 'ARE', 225970),
(68, 'Ajman', 'ARE', 114395),
(69, 'Buenos Aires', 'ARG', 2982146),
(70, 'La Matanza', 'ARG', 1266461),
(71, 'Córdoba', 'ARG', 1157507),
(72, 'Rosario', 'ARG', 907718),
(73, 'Lomas de Zamora', 'ARG', 622013),
(74, 'Quilmes', 'ARG', 559249),
(75, 'Almirante Brown', 'ARG', 538918),
(76, 'La Plata', 'ARG', 521936),
(77, 'Mar del Plata', 'ARG', 512880),
(78, 'San Miguel de Tucumán', 'ARG', 470809),
(79, 'Lanús', 'ARG', 469735),
(80, 'Merlo', 'ARG', 463846),
(81, 'General San Martín', 'ARG', 422542),
(82, 'Salta', 'ARG', 367550),
(83, 'Moreno', 'ARG', 356993),
(84, 'Santa Fé', 'ARG', 353063),
(85, 'Avellaneda', 'ARG', 353046),
(86, 'Tres de Febrero', 'ARG', 352311),
(87, 'Morón', 'ARG', 349246),
(88, 'Florencio Varela', 'ARG', 315432),
(89, 'San Isidro', 'ARG', 306341),
(90, 'Tigre', 'ARG', 296226),
(91, 'Malvinas Argentinas', 'ARG', 290335),
(92, 'Vicente López', 'ARG', 288341),
(93, 'Berazategui', 'ARG', 276916),
(94, 'Corrientes', 'ARG', 258103),
(95, 'San Miguel', 'ARG', 248700),
(96, 'Bahía Blanca', 'ARG', 239810),
(97, 'Esteban Echeverría', 'ARG', 235760),
(98, 'Resistencia', 'ARG', 229212),
(99, 'José C. Paz', 'ARG', 221754),
(100, 'Paraná', 'ARG', 207041),
(101, 'Godoy Cruz', 'ARG', 206998),
(102, 'Posadas', 'ARG', 201273),
(103, 'Guaymallén', 'ARG', 200595),
(104, 'Santiago del Estero', 'ARG', 189947),
(105, 'San Salvador de Jujuy', 'ARG', 178748),
(106, 'Hurlingham', 'ARG', 170028),
(107, 'Neuquén', 'ARG', 167296),
(108, 'Ituzaingó', 'ARG', 158197),
(109, 'San Fernando', 'ARG', 153036),
(110, 'Formosa', 'ARG', 147636),
(111, 'Las Heras', 'ARG', 145823),
(112, 'La Rioja', 'ARG', 138117),
(113, 'San Fernando del Valle de Cata', 'ARG', 134935),
(114, 'Río Cuarto', 'ARG', 134355),
(115, 'Comodoro Rivadavia', 'ARG', 124104),
(116, 'Mendoza', 'ARG', 123027),
(117, 'San Nicolás de los Arroyos', 'ARG', 119302),
(118, 'San Juan', 'ARG', 119152),
(119, 'Escobar', 'ARG', 116675),
(120, 'Concordia', 'ARG', 116485),
(121, 'Pilar', 'ARG', 113428),
(122, 'San Luis', 'ARG', 110136),
(123, 'Ezeiza', 'ARG', 99578),
(124, 'San Rafael', 'ARG', 94651),
(125, 'Tandil', 'ARG', 91101),
(126, 'Yerevan', 'ARM', 1248700),
(127, 'Gjumri', 'ARM', 211700),
(128, 'Vanadzor', 'ARM', 172700),
(129, 'Oranjestad', 'ABW', 29034),
(130, 'Sydney', 'AUS', 3276207),
(131, 'Melbourne', 'AUS', 2865329),
(132, 'Brisbane', 'AUS', 1291117),
(133, 'Perth', 'AUS', 1096829),
(134, 'Adelaide', 'AUS', 978100),
(135, 'Canberra', 'AUS', 322723),
(136, 'Gold Coast', 'AUS', 311932),
(137, 'Newcastle', 'AUS', 270324),
(138, 'Central Coast', 'AUS', 227657),
(139, 'Wollongong', 'AUS', 219761),
(140, 'Hobart', 'AUS', 126118),
(141, 'Geelong', 'AUS', 125382),
(142, 'Townsville', 'AUS', 109914),
(143, 'Cairns', 'AUS', 92273),
(144, 'Baku', 'AZE', 1787800),
(145, 'Gäncä', 'AZE', 299300),
(146, 'Sumqayit', 'AZE', 283000),
(147, 'Mingäçevir', 'AZE', 93900),
(148, 'Nassau', 'BHS', 172000),
(149, 'al-Manama', 'BHR', 148000),
(150, 'Dhaka', 'BGD', 3612850),
(151, 'Chittagong', 'BGD', 1392860),
(152, 'Khulna', 'BGD', 663340),
(153, 'Rajshahi', 'BGD', 294056),
(154, 'Narayanganj', 'BGD', 202134),
(155, 'Rangpur', 'BGD', 191398),
(156, 'Mymensingh', 'BGD', 188713),
(157, 'Barisal', 'BGD', 170232),
(158, 'Tungi', 'BGD', 168702),
(159, 'Jessore', 'BGD', 139710),
(160, 'Comilla', 'BGD', 135313),
(161, 'Nawabganj', 'BGD', 130577),
(162, 'Dinajpur', 'BGD', 127815),
(163, 'Bogra', 'BGD', 120170),
(164, 'Sylhet', 'BGD', 117396),
(165, 'Brahmanbaria', 'BGD', 109032),
(166, 'Tangail', 'BGD', 106004),
(167, 'Jamalpur', 'BGD', 103556),
(168, 'Pabna', 'BGD', 103277),
(169, 'Naogaon', 'BGD', 101266),
(170, 'Sirajganj', 'BGD', 99669),
(171, 'Narsinghdi', 'BGD', 98342),
(172, 'Saidpur', 'BGD', 96777),
(173, 'Gazipur', 'BGD', 96717),
(174, 'Bridgetown', 'BRB', 6070),
(175, 'Antwerpen', 'BEL', 446525),
(176, 'Gent', 'BEL', 224180),
(177, 'Charleroi', 'BEL', 200827),
(178, 'Liège', 'BEL', 185639),
(179, 'Bruxelles [Brussel]', 'BEL', 133859),
(180, 'Brugge', 'BEL', 116246),
(181, 'Schaerbeek', 'BEL', 105692),
(182, 'Namur', 'BEL', 105419),
(183, 'Mons', 'BEL', 90935),
(184, 'Belize City', 'BLZ', 55810),
(185, 'Belmopan', 'BLZ', 7105),
(186, 'Cotonou', 'BEN', 536827),
(187, 'Porto-Novo', 'BEN', 194000),
(188, 'Djougou', 'BEN', 134099),
(189, 'Parakou', 'BEN', 103577),
(190, 'Saint George', 'BMU', 1800),
(191, 'Hamilton', 'BMU', 1200),
(192, 'Thimphu', 'BTN', 22000),
(193, 'Santa Cruz de la Sierra', 'BOL', 935361),
(194, 'La Paz', 'BOL', 758141),
(195, 'El Alto', 'BOL', 534466),
(196, 'Cochabamba', 'BOL', 482800),
(197, 'Oruro', 'BOL', 223553),
(198, 'Sucre', 'BOL', 178426),
(199, 'Potosí', 'BOL', 140642),
(200, 'Tarija', 'BOL', 125255),
(201, 'Sarajevo', 'BIH', 360000),
(202, 'Banja Luka', 'BIH', 143079),
(203, 'Zenica', 'BIH', 96027),
(204, 'Gaborone', 'BWA', 213017),
(205, 'Francistown', 'BWA', 101805),
(206, 'São Paulo', 'BRA', 9968485),
(207, 'Rio de Janeiro', 'BRA', 5598953),
(208, 'Salvador', 'BRA', 2302832),
(209, 'Belo Horizonte', 'BRA', 2139125),
(210, 'Fortaleza', 'BRA', 2097757),
(211, 'Brasília', 'BRA', 1969868),
(212, 'Curitiba', 'BRA', 1584232),
(213, 'Recife', 'BRA', 1378087),
(214, 'Porto Alegre', 'BRA', 1314032),
(215, 'Manaus', 'BRA', 1255049),
(216, 'Belém', 'BRA', 1186926),
(217, 'Guarulhos', 'BRA', 1095874),
(218, 'Goiânia', 'BRA', 1056330),
(219, 'Campinas', 'BRA', 950043),
(220, 'São Gonçalo', 'BRA', 869254),
(221, 'Nova Iguaçu', 'BRA', 862225),
(222, 'São Luís', 'BRA', 837588),
(223, 'Maceió', 'BRA', 786288),
(224, 'Duque de Caxias', 'BRA', 746758),
(225, 'São Bernardo do Campo', 'BRA', 723132),
(226, 'Teresina', 'BRA', 691942),
(227, 'Natal', 'BRA', 688955),
(228, 'Osasco', 'BRA', 659604),
(229, 'Campo Grande', 'BRA', 649593),
(230, 'Santo André', 'BRA', 630073),
(231, 'João Pessoa', 'BRA', 584029),
(232, 'Jaboatão dos Guararapes', 'BRA', 558680),
(233, 'Contagem', 'BRA', 520801),
(234, 'São José dos Campos', 'BRA', 515553),
(235, 'Uberlândia', 'BRA', 487222),
(236, 'Feira de Santana', 'BRA', 479992),
(237, 'Ribeirão Preto', 'BRA', 473276),
(238, 'Sorocaba', 'BRA', 466823),
(239, 'Niterói', 'BRA', 459884),
(240, 'Cuiabá', 'BRA', 453813),
(241, 'Juiz de Fora', 'BRA', 450288),
(242, 'Aracaju', 'BRA', 445555),
(243, 'São João de Meriti', 'BRA', 440052),
(244, 'Londrina', 'BRA', 432257),
(245, 'Joinville', 'BRA', 428011),
(246, 'Belford Roxo', 'BRA', 425194),
(247, 'Santos', 'BRA', 408748),
(248, 'Ananindeua', 'BRA', 400940),
(249, 'Campos dos Goytacazes', 'BRA', 398418),
(250, 'Mauá', 'BRA', 375055),
(251, 'Carapicuíba', 'BRA', 357552),
(252, 'Olinda', 'BRA', 354732),
(253, 'Campina Grande', 'BRA', 352497),
(254, 'São José do Rio Preto', 'BRA', 351944),
(255, 'Caxias do Sul', 'BRA', 349581),
(256, 'Moji das Cruzes', 'BRA', 339194),
(257, 'Diadema', 'BRA', 335078),
(258, 'Aparecida de Goiânia', 'BRA', 324662),
(259, 'Piracicaba', 'BRA', 319104),
(260, 'Cariacica', 'BRA', 319033),
(261, 'Vila Velha', 'BRA', 318758),
(262, 'Pelotas', 'BRA', 315415),
(263, 'Bauru', 'BRA', 313670),
(264, 'Porto Velho', 'BRA', 309750),
(265, 'Serra', 'BRA', 302666),
(266, 'Betim', 'BRA', 302108),
(267, 'Jundíaí', 'BRA', 296127),
(268, 'Canoas', 'BRA', 294125),
(269, 'Franca', 'BRA', 290139),
(270, 'São Vicente', 'BRA', 286848),
(271, 'Maringá', 'BRA', 286461),
(272, 'Montes Claros', 'BRA', 286058),
(273, 'Anápolis', 'BRA', 282197),
(274, 'Florianópolis', 'BRA', 281928),
(275, 'Petrópolis', 'BRA', 279183),
(276, 'Itaquaquecetuba', 'BRA', 270874),
(277, 'Vitória', 'BRA', 270626),
(278, 'Ponta Grossa', 'BRA', 268013),
(279, 'Rio Branco', 'BRA', 259537),
(280, 'Foz do Iguaçu', 'BRA', 259425),
(281, 'Macapá', 'BRA', 256033),
(282, 'Ilhéus', 'BRA', 254970),
(283, 'Vitória da Conquista', 'BRA', 253587),
(284, 'Uberaba', 'BRA', 249225),
(285, 'Paulista', 'BRA', 248473),
(286, 'Limeira', 'BRA', 245497),
(287, 'Blumenau', 'BRA', 244379),
(288, 'Caruaru', 'BRA', 244247),
(289, 'Santarém', 'BRA', 241771),
(290, 'Volta Redonda', 'BRA', 240315),
(291, 'Novo Hamburgo', 'BRA', 239940),
(292, 'Caucaia', 'BRA', 238738),
(293, 'Santa Maria', 'BRA', 238473),
(294, 'Cascavel', 'BRA', 237510),
(295, 'Guarujá', 'BRA', 237206),
(296, 'Ribeirão das Neves', 'BRA', 232685),
(297, 'Governador Valadares', 'BRA', 231724),
(298, 'Taubaté', 'BRA', 229130),
(299, 'Imperatriz', 'BRA', 224564),
(300, 'Gravataí', 'BRA', 223011),
(301, 'Embu', 'BRA', 222223),
(302, 'Mossoró', 'BRA', 214901),
(303, 'Várzea Grande', 'BRA', 214435),
(304, 'Petrolina', 'BRA', 210540),
(305, 'Barueri', 'BRA', 208426),
(306, 'Viamão', 'BRA', 207557),
(307, 'Ipatinga', 'BRA', 206338),
(308, 'Juazeiro', 'BRA', 201073),
(309, 'Juazeiro do Norte', 'BRA', 199636),
(310, 'Taboão da Serra', 'BRA', 197550),
(311, 'São José dos Pinhais', 'BRA', 196884),
(312, 'Magé', 'BRA', 196147),
(313, 'Suzano', 'BRA', 195434),
(314, 'São Leopoldo', 'BRA', 189258),
(315, 'Marília', 'BRA', 188691),
(316, 'São Carlos', 'BRA', 187122),
(317, 'Sumaré', 'BRA', 186205),
(318, 'Presidente Prudente', 'BRA', 185340),
(319, 'Divinópolis', 'BRA', 185047),
(320, 'Sete Lagoas', 'BRA', 182984),
(321, 'Rio Grande', 'BRA', 182222),
(322, 'Itabuna', 'BRA', 182148),
(323, 'Jequié', 'BRA', 179128),
(324, 'Arapiraca', 'BRA', 178988),
(325, 'Colombo', 'BRA', 177764),
(326, 'Americana', 'BRA', 177409),
(327, 'Alvorada', 'BRA', 175574),
(328, 'Araraquara', 'BRA', 174381),
(329, 'Itaboraí', 'BRA', 173977),
(330, 'Santa Bárbara d´Oeste', 'BRA', 171657),
(331, 'Nova Friburgo', 'BRA', 170697),
(332, 'Jacareí', 'BRA', 170356),
(333, 'Araçatuba', 'BRA', 169303),
(334, 'Barra Mansa', 'BRA', 168953),
(335, 'Praia Grande', 'BRA', 168434),
(336, 'Marabá', 'BRA', 167795),
(337, 'Criciúma', 'BRA', 167661),
(338, 'Boa Vista', 'BRA', 167185),
(339, 'Passo Fundo', 'BRA', 166343),
(340, 'Dourados', 'BRA', 164716),
(341, 'Santa Luzia', 'BRA', 164704),
(342, 'Rio Claro', 'BRA', 163551),
(343, 'Maracanaú', 'BRA', 162022),
(344, 'Guarapuava', 'BRA', 160510),
(345, 'Rondonópolis', 'BRA', 155115),
(346, 'São José', 'BRA', 155105),
(347, 'Cachoeiro de Itapemirim', 'BRA', 155024),
(348, 'Nilópolis', 'BRA', 153383),
(349, 'Itapevi', 'BRA', 150664),
(350, 'Cabo de Santo Agostinho', 'BRA', 149964),
(351, 'Camaçari', 'BRA', 149146),
(352, 'Sobral', 'BRA', 146005),
(353, 'Itajaí', 'BRA', 145197),
(354, 'Chapecó', 'BRA', 144158),
(355, 'Cotia', 'BRA', 140042),
(356, 'Lages', 'BRA', 139570),
(357, 'Ferraz de Vasconcelos', 'BRA', 139283),
(358, 'Indaiatuba', 'BRA', 135968),
(359, 'Hortolândia', 'BRA', 135755),
(360, 'Caxias', 'BRA', 133980),
(361, 'São Caetano do Sul', 'BRA', 133321),
(362, 'Itu', 'BRA', 132736),
(363, 'Nossa Senhora do Socorro', 'BRA', 131351),
(364, 'Parnaíba', 'BRA', 129756),
(365, 'Poços de Caldas', 'BRA', 129683),
(366, 'Teresópolis', 'BRA', 128079),
(367, 'Barreiras', 'BRA', 127801),
(368, 'Castanhal', 'BRA', 127634),
(369, 'Alagoinhas', 'BRA', 126820),
(370, 'Itapecerica da Serra', 'BRA', 126672),
(371, 'Uruguaiana', 'BRA', 126305),
(372, 'Paranaguá', 'BRA', 126076),
(373, 'Ibirité', 'BRA', 125982),
(374, 'Timon', 'BRA', 125812),
(375, 'Luziânia', 'BRA', 125597),
(376, 'Macaé', 'BRA', 125597),
(377, 'Teófilo Otoni', 'BRA', 124489),
(378, 'Moji-Guaçu', 'BRA', 123782),
(379, 'Palmas', 'BRA', 121919),
(380, 'Pindamonhangaba', 'BRA', 121904),
(381, 'Francisco Morato', 'BRA', 121197),
(382, 'Bagé', 'BRA', 120793),
(383, 'Sapucaia do Sul', 'BRA', 120217),
(384, 'Cabo Frio', 'BRA', 119503),
(385, 'Itapetininga', 'BRA', 119391),
(386, 'Patos de Minas', 'BRA', 119262),
(387, 'Camaragibe', 'BRA', 118968),
(388, 'Bragança Paulista', 'BRA', 116929),
(389, 'Queimados', 'BRA', 115020),
(390, 'Araguaína', 'BRA', 114948),
(391, 'Garanhuns', 'BRA', 114603),
(392, 'Vitória de Santo Antão', 'BRA', 113595),
(393, 'Santa Rita', 'BRA', 113135),
(394, 'Barbacena', 'BRA', 113079),
(395, 'Abaetetuba', 'BRA', 111258),
(396, 'Jaú', 'BRA', 109965),
(397, 'Lauro de Freitas', 'BRA', 109236),
(398, 'Franco da Rocha', 'BRA', 108964),
(399, 'Teixeira de Freitas', 'BRA', 108441),
(400, 'Varginha', 'BRA', 108314),
(401, 'Ribeirão Pires', 'BRA', 108121),
(402, 'Sabará', 'BRA', 107781),
(403, 'Catanduva', 'BRA', 107761),
(404, 'Rio Verde', 'BRA', 107755),
(405, 'Botucatu', 'BRA', 107663),
(406, 'Colatina', 'BRA', 107354),
(407, 'Santa Cruz do Sul', 'BRA', 106734),
(408, 'Linhares', 'BRA', 106278),
(409, 'Apucarana', 'BRA', 105114),
(410, 'Barretos', 'BRA', 104156),
(411, 'Guaratinguetá', 'BRA', 103433),
(412, 'Cachoeirinha', 'BRA', 103240),
(413, 'Codó', 'BRA', 103153),
(414, 'Jaraguá do Sul', 'BRA', 102580),
(415, 'Cubatão', 'BRA', 102372),
(416, 'Itabira', 'BRA', 102217),
(417, 'Itaituba', 'BRA', 101320),
(418, 'Araras', 'BRA', 101046),
(419, 'Resende', 'BRA', 100627),
(420, 'Atibaia', 'BRA', 100356),
(421, 'Pouso Alegre', 'BRA', 100028),
(422, 'Toledo', 'BRA', 99387),
(423, 'Crato', 'BRA', 98965),
(424, 'Passos', 'BRA', 98570),
(425, 'Araguari', 'BRA', 98399),
(426, 'São José de Ribamar', 'BRA', 98318),
(427, 'Pinhais', 'BRA', 98198),
(428, 'Sertãozinho', 'BRA', 98140),
(429, 'Conselheiro Lafaiete', 'BRA', 97507),
(430, 'Paulo Afonso', 'BRA', 97291),
(431, 'Angra dos Reis', 'BRA', 96864),
(432, 'Eunápolis', 'BRA', 96610),
(433, 'Salto', 'BRA', 96348),
(434, 'Ourinhos', 'BRA', 96291),
(435, 'Parnamirim', 'BRA', 96210),
(436, 'Jacobina', 'BRA', 96131),
(437, 'Coronel Fabriciano', 'BRA', 95933),
(438, 'Birigui', 'BRA', 94685),
(439, 'Tatuí', 'BRA', 93897),
(440, 'Ji-Paraná', 'BRA', 93346),
(441, 'Bacabal', 'BRA', 93121),
(442, 'Cametá', 'BRA', 92779),
(443, 'Guaíba', 'BRA', 92224),
(444, 'São Lourenço da Mata', 'BRA', 91999),
(445, 'Santana do Livramento', 'BRA', 91779),
(446, 'Votorantim', 'BRA', 91777),
(447, 'Campo Largo', 'BRA', 91203),
(448, 'Patos', 'BRA', 90519),
(449, 'Ituiutaba', 'BRA', 90507),
(450, 'Corumbá', 'BRA', 90111),
(451, 'Palhoça', 'BRA', 89465),
(452, 'Barra do Piraí', 'BRA', 89388),
(453, 'Bento Gonçalves', 'BRA', 89254),
(454, 'Poá', 'BRA', 89236),
(455, 'Águas Lindas de Goiás', 'BRA', 89200),
(456, 'London', 'GBR', 7285000),
(457, 'Birmingham', 'GBR', 1013000),
(458, 'Glasgow', 'GBR', 619680),
(459, 'Liverpool', 'GBR', 461000),
(460, 'Edinburgh', 'GBR', 450180),
(461, 'Sheffield', 'GBR', 431607),
(462, 'Manchester', 'GBR', 430000),
(463, 'Leeds', 'GBR', 424194),
(464, 'Bristol', 'GBR', 402000),
(465, 'Cardiff', 'GBR', 321000),
(466, 'Coventry', 'GBR', 304000),
(467, 'Leicester', 'GBR', 294000),
(468, 'Bradford', 'GBR', 289376),
(469, 'Belfast', 'GBR', 287500),
(470, 'Nottingham', 'GBR', 287000),
(471, 'Kingston upon Hull', 'GBR', 262000),
(472, 'Plymouth', 'GBR', 253000),
(473, 'Stoke-on-Trent', 'GBR', 252000),
(474, 'Wolverhampton', 'GBR', 242000),
(475, 'Derby', 'GBR', 236000),
(476, 'Swansea', 'GBR', 230000),
(477, 'Southampton', 'GBR', 216000),
(478, 'Aberdeen', 'GBR', 213070),
(479, 'Northampton', 'GBR', 196000),
(480, 'Dudley', 'GBR', 192171),
(481, 'Portsmouth', 'GBR', 190000),
(482, 'Newcastle upon Tyne', 'GBR', 189150),
(483, 'Sunderland', 'GBR', 183310),
(484, 'Luton', 'GBR', 183000),
(485, 'Swindon', 'GBR', 180000),
(486, 'Southend-on-Sea', 'GBR', 176000),
(487, 'Walsall', 'GBR', 174739),
(488, 'Bournemouth', 'GBR', 162000),
(489, 'Peterborough', 'GBR', 156000),
(490, 'Brighton', 'GBR', 156124),
(491, 'Blackpool', 'GBR', 151000),
(492, 'Dundee', 'GBR', 146690),
(493, 'West Bromwich', 'GBR', 146386),
(494, 'Reading', 'GBR', 148000),
(495, 'Oldbury/Smethwick (Warley)', 'GBR', 145542),
(496, 'Middlesbrough', 'GBR', 145000),
(497, 'Huddersfield', 'GBR', 143726),
(498, 'Oxford', 'GBR', 144000),
(499, 'Poole', 'GBR', 141000),
(500, 'Bolton', 'GBR', 139020),
(501, 'Blackburn', 'GBR', 140000),
(502, 'Newport', 'GBR', 139000),
(503, 'Preston', 'GBR', 135000),
(504, 'Stockport', 'GBR', 132813),
(505, 'Norwich', 'GBR', 124000),
(506, 'Rotherham', 'GBR', 121380),
(507, 'Cambridge', 'GBR', 121000),
(508, 'Watford', 'GBR', 113080),
(509, 'Ipswich', 'GBR', 114000),
(510, 'Slough', 'GBR', 112000),
(511, 'Exeter', 'GBR', 111000),
(512, 'Cheltenham', 'GBR', 106000),
(513, 'Gloucester', 'GBR', 107000),
(514, 'Saint Helens', 'GBR', 106293),
(515, 'Sutton Coldfield', 'GBR', 106001),
(516, 'York', 'GBR', 104425),
(517, 'Oldham', 'GBR', 103931),
(518, 'Basildon', 'GBR', 100924),
(519, 'Worthing', 'GBR', 100000),
(520, 'Chelmsford', 'GBR', 97451),
(521, 'Colchester', 'GBR', 96063),
(522, 'Crawley', 'GBR', 97000),
(523, 'Gillingham', 'GBR', 92000),
(524, 'Solihull', 'GBR', 94531),
(525, 'Rochdale', 'GBR', 94313),
(526, 'Birkenhead', 'GBR', 93087),
(527, 'Worcester', 'GBR', 95000),
(528, 'Hartlepool', 'GBR', 92000),
(529, 'Halifax', 'GBR', 91069),
(530, 'Woking/Byfleet', 'GBR', 92000),
(531, 'Southport', 'GBR', 90959),
(532, 'Maidstone', 'GBR', 90878),
(533, 'Eastbourne', 'GBR', 90000),
(534, 'Grimsby', 'GBR', 89000),
(535, 'Saint Helier', 'GBR', 27523),
(536, 'Douglas', 'GBR', 23487),
(537, 'Road Town', 'VGB', 8000),
(538, 'Bandar Seri Begawan', 'BRN', 21484),
(539, 'Sofija', 'BGR', 1122302),
(540, 'Plovdiv', 'BGR', 342584),
(541, 'Varna', 'BGR', 299801),
(542, 'Burgas', 'BGR', 195255),
(543, 'Ruse', 'BGR', 166467),
(544, 'Stara Zagora', 'BGR', 147939),
(545, 'Pleven', 'BGR', 121952),
(546, 'Sliven', 'BGR', 105530),
(547, 'Dobric', 'BGR', 100399),
(548, 'Šumen', 'BGR', 94686),
(549, 'Ouagadougou', 'BFA', 824000),
(550, 'Bobo-Dioulasso', 'BFA', 300000),
(551, 'Koudougou', 'BFA', 105000),
(552, 'Bujumbura', 'BDI', 300000),
(553, 'George Town', 'CYM', 19600),
(554, 'Santiago de Chile', 'CHL', 4703954),
(555, 'Puente Alto', 'CHL', 386236),
(556, 'Viña del Mar', 'CHL', 312493),
(557, 'Valparaíso', 'CHL', 293800),
(558, 'Talcahuano', 'CHL', 277752),
(559, 'Antofagasta', 'CHL', 251429),
(560, 'San Bernardo', 'CHL', 241910),
(561, 'Temuco', 'CHL', 233041),
(562, 'Concepción', 'CHL', 217664),
(563, 'Rancagua', 'CHL', 212977),
(564, 'Arica', 'CHL', 189036),
(565, 'Talca', 'CHL', 187557),
(566, 'Chillán', 'CHL', 178182),
(567, 'Iquique', 'CHL', 177892),
(568, 'Los Angeles', 'CHL', 158215),
(569, 'Puerto Montt', 'CHL', 152194),
(570, 'Coquimbo', 'CHL', 143353),
(571, 'Osorno', 'CHL', 141468),
(572, 'La Serena', 'CHL', 137409),
(573, 'Calama', 'CHL', 137265),
(574, 'Valdivia', 'CHL', 133106),
(575, 'Punta Arenas', 'CHL', 125631),
(576, 'Copiapó', 'CHL', 120128),
(577, 'Quilpué', 'CHL', 118857),
(578, 'Curicó', 'CHL', 115766),
(579, 'Ovalle', 'CHL', 94854),
(580, 'Coronel', 'CHL', 93061),
(581, 'San Pedro de la Paz', 'CHL', 91684),
(582, 'Melipilla', 'CHL', 91056),
(583, 'Avarua', 'COK', 11900),
(584, 'San José', 'CRI', 339131),
(585, 'Djibouti', 'DJI', 383000),
(586, 'Roseau', 'DMA', 16243),
(587, 'Santo Domingo de Guzmán', 'DOM', 1609966),
(588, 'Santiago de los Caballeros', 'DOM', 365463),
(589, 'La Romana', 'DOM', 140204),
(590, 'San Pedro de Macorís', 'DOM', 124735),
(591, 'San Francisco de Macorís', 'DOM', 108485),
(592, 'San Felipe de Puerto Plata', 'DOM', 89423),
(593, 'Guayaquil', 'ECU', 2070040),
(594, 'Quito', 'ECU', 1573458),
(595, 'Cuenca', 'ECU', 270353),
(596, 'Machala', 'ECU', 210368),
(597, 'Santo Domingo de los Colorados', 'ECU', 202111),
(598, 'Portoviejo', 'ECU', 176413),
(599, 'Ambato', 'ECU', 169612),
(600, 'Manta', 'ECU', 164739),
(601, 'Duran [Eloy Alfaro]', 'ECU', 152514),
(602, 'Ibarra', 'ECU', 130643),
(603, 'Quevedo', 'ECU', 129631),
(604, 'Milagro', 'ECU', 124177),
(605, 'Loja', 'ECU', 123875),
(606, 'Ríobamba', 'ECU', 123163),
(607, 'Esmeraldas', 'ECU', 123045),
(608, 'Cairo', 'EGY', 6789479),
(609, 'Alexandria', 'EGY', 3328196),
(610, 'Giza', 'EGY', 2221868),
(611, 'Shubra al-Khayma', 'EGY', 870716),
(612, 'Port Said', 'EGY', 469533),
(613, 'Suez', 'EGY', 417610),
(614, 'al-Mahallat al-Kubra', 'EGY', 395402),
(615, 'Tanta', 'EGY', 371010),
(616, 'al-Mansura', 'EGY', 369621),
(617, 'Luxor', 'EGY', 360503),
(618, 'Asyut', 'EGY', 343498),
(619, 'Bahtim', 'EGY', 275807),
(620, 'Zagazig', 'EGY', 267351),
(621, 'al-Faiyum', 'EGY', 260964),
(622, 'Ismailia', 'EGY', 254477),
(623, 'Kafr al-Dawwar', 'EGY', 231978),
(624, 'Assuan', 'EGY', 219017),
(625, 'Damanhur', 'EGY', 212203),
(626, 'al-Minya', 'EGY', 201360),
(627, 'Bani Suwayf', 'EGY', 172032),
(628, 'Qina', 'EGY', 171275),
(629, 'Sawhaj', 'EGY', 170125),
(630, 'Shibin al-Kawm', 'EGY', 159909),
(631, 'Bulaq al-Dakrur', 'EGY', 148787),
(632, 'Banha', 'EGY', 145792),
(633, 'Warraq al-Arab', 'EGY', 127108),
(634, 'Kafr al-Shaykh', 'EGY', 124819),
(635, 'Mallawi', 'EGY', 119283),
(636, 'Bilbays', 'EGY', 113608),
(637, 'Mit Ghamr', 'EGY', 101801),
(638, 'al-Arish', 'EGY', 100447),
(639, 'Talkha', 'EGY', 97700),
(640, 'Qalyub', 'EGY', 97200),
(641, 'Jirja', 'EGY', 95400),
(642, 'Idfu', 'EGY', 94200),
(643, 'al-Hawamidiya', 'EGY', 91700),
(644, 'Disuq', 'EGY', 91300),
(645, 'San Salvador', 'SLV', 415346),
(646, 'Santa Ana', 'SLV', 139389),
(647, 'Mejicanos', 'SLV', 138800),
(648, 'Soyapango', 'SLV', 129800),
(649, 'San Miguel', 'SLV', 127696),
(650, 'Nueva San Salvador', 'SLV', 98400),
(651, 'Apopa', 'SLV', 88800),
(652, 'Asmara', 'ERI', 431000),
(653, 'Madrid', 'ESP', 2879052),
(654, 'Barcelona', 'ESP', 1503451),
(655, 'Valencia', 'ESP', 739412),
(656, 'Sevilla', 'ESP', 701927),
(657, 'Zaragoza', 'ESP', 603367),
(658, 'Málaga', 'ESP', 530553),
(659, 'Bilbao', 'ESP', 357589),
(660, 'Las Palmas de Gran Canaria', 'ESP', 354757),
(661, 'Murcia', 'ESP', 353504),
(662, 'Palma de Mallorca', 'ESP', 326993),
(663, 'Valladolid', 'ESP', 319998),
(664, 'Córdoba', 'ESP', 311708),
(665, 'Vigo', 'ESP', 283670),
(666, 'Alicante [Alacant]', 'ESP', 272432),
(667, 'Gijón', 'ESP', 267980),
(668, 'L´Hospitalet de Llobregat', 'ESP', 247986),
(669, 'Granada', 'ESP', 244767),
(670, 'A Coruña (La Coruña)', 'ESP', 243402),
(671, 'Vitoria-Gasteiz', 'ESP', 217154),
(672, 'Santa Cruz de Tenerife', 'ESP', 213050),
(673, 'Badalona', 'ESP', 209635),
(674, 'Oviedo', 'ESP', 200453),
(675, 'Móstoles', 'ESP', 195351),
(676, 'Elche [Elx]', 'ESP', 193174),
(677, 'Sabadell', 'ESP', 184859),
(678, 'Santander', 'ESP', 184165),
(679, 'Jerez de la Frontera', 'ESP', 182660),
(680, 'Pamplona [Iruña]', 'ESP', 180483),
(681, 'Donostia-San Sebastián', 'ESP', 179208),
(682, 'Cartagena', 'ESP', 177709),
(683, 'Leganés', 'ESP', 173163),
(684, 'Fuenlabrada', 'ESP', 171173),
(685, 'Almería', 'ESP', 169027),
(686, 'Terrassa', 'ESP', 168695),
(687, 'Alcalá de Henares', 'ESP', 164463),
(688, 'Burgos', 'ESP', 162802),
(689, 'Salamanca', 'ESP', 158720),
(690, 'Albacete', 'ESP', 147527),
(691, 'Getafe', 'ESP', 145371),
(692, 'Cádiz', 'ESP', 142449),
(693, 'Alcorcón', 'ESP', 142048),
(694, 'Huelva', 'ESP', 140583),
(695, 'León', 'ESP', 139809),
(696, 'Castellón de la Plana [Castell', 'ESP', 139712),
(697, 'Badajoz', 'ESP', 136613),
(698, '[San Cristóbal de] la Laguna', 'ESP', 127945),
(699, 'Logroño', 'ESP', 127093),
(700, 'Santa Coloma de Gramenet', 'ESP', 120802),
(701, 'Tarragona', 'ESP', 113016),
(702, 'Lleida (Lérida)', 'ESP', 112207),
(703, 'Jaén', 'ESP', 109247),
(704, 'Ourense (Orense)', 'ESP', 109120),
(705, 'Mataró', 'ESP', 104095),
(706, 'Algeciras', 'ESP', 103106),
(707, 'Marbella', 'ESP', 101144),
(708, 'Barakaldo', 'ESP', 98212),
(709, 'Dos Hermanas', 'ESP', 94591),
(710, 'Santiago de Compostela', 'ESP', 93745),
(711, 'Torrejón de Ardoz', 'ESP', 92262),
(712, 'Cape Town', 'ZAF', 2352121),
(713, 'Soweto', 'ZAF', 904165),
(714, 'Johannesburg', 'ZAF', 756653),
(715, 'Port Elizabeth', 'ZAF', 752319),
(716, 'Pretoria', 'ZAF', 658630),
(717, 'Inanda', 'ZAF', 634065),
(718, 'Durban', 'ZAF', 566120),
(719, 'Vanderbijlpark', 'ZAF', 468931),
(720, 'Kempton Park', 'ZAF', 442633),
(721, 'Alberton', 'ZAF', 410102),
(722, 'Pinetown', 'ZAF', 378810),
(723, 'Pietermaritzburg', 'ZAF', 370190),
(724, 'Benoni', 'ZAF', 365467),
(725, 'Randburg', 'ZAF', 341288),
(726, 'Umlazi', 'ZAF', 339233),
(727, 'Bloemfontein', 'ZAF', 334341),
(728, 'Vereeniging', 'ZAF', 328535),
(729, 'Wonderboom', 'ZAF', 283289),
(730, 'Roodepoort', 'ZAF', 279340),
(731, 'Boksburg', 'ZAF', 262648),
(732, 'Klerksdorp', 'ZAF', 261911),
(733, 'Soshanguve', 'ZAF', 242727),
(734, 'Newcastle', 'ZAF', 222993),
(735, 'East London', 'ZAF', 221047),
(736, 'Welkom', 'ZAF', 203296),
(737, 'Kimberley', 'ZAF', 197254),
(738, 'Uitenhage', 'ZAF', 192120),
(739, 'Chatsworth', 'ZAF', 189885),
(740, 'Mdantsane', 'ZAF', 182639),
(741, 'Krugersdorp', 'ZAF', 181503),
(742, 'Botshabelo', 'ZAF', 177971),
(743, 'Brakpan', 'ZAF', 171363),
(744, 'Witbank', 'ZAF', 167183),
(745, 'Oberholzer', 'ZAF', 164367),
(746, 'Germiston', 'ZAF', 164252),
(747, 'Springs', 'ZAF', 162072),
(748, 'Westonaria', 'ZAF', 159632),
(749, 'Randfontein', 'ZAF', 120838),
(750, 'Paarl', 'ZAF', 105768),
(751, 'Potchefstroom', 'ZAF', 101817),
(752, 'Rustenburg', 'ZAF', 97008),
(753, 'Nigel', 'ZAF', 96734),
(754, 'George', 'ZAF', 93818),
(755, 'Ladysmith', 'ZAF', 89292),
(756, 'Addis Abeba', 'ETH', 2495000),
(757, 'Dire Dawa', 'ETH', 164851),
(758, 'Nazret', 'ETH', 127842),
(759, 'Gonder', 'ETH', 112249),
(760, 'Dese', 'ETH', 97314),
(761, 'Mekele', 'ETH', 96938),
(762, 'Bahir Dar', 'ETH', 96140),
(763, 'Stanley', 'FLK', 1636),
(764, 'Suva', 'FJI', 77366),
(765, 'Quezon', 'PHL', 2173831),
(766, 'Manila', 'PHL', 1581082),
(767, 'Kalookan', 'PHL', 1177604),
(768, 'Davao', 'PHL', 1147116),
(769, 'Cebu', 'PHL', 718821),
(770, 'Zamboanga', 'PHL', 601794),
(771, 'Pasig', 'PHL', 505058),
(772, 'Valenzuela', 'PHL', 485433),
(773, 'Las Piñas', 'PHL', 472780),
(774, 'Antipolo', 'PHL', 470866),
(775, 'Taguig', 'PHL', 467375),
(776, 'Cagayan de Oro', 'PHL', 461877),
(777, 'Parañaque', 'PHL', 449811),
(778, 'Makati', 'PHL', 444867),
(779, 'Bacolod', 'PHL', 429076),
(780, 'General Santos', 'PHL', 411822),
(781, 'Marikina', 'PHL', 391170),
(782, 'Dasmariñas', 'PHL', 379520),
(783, 'Muntinlupa', 'PHL', 379310),
(784, 'Iloilo', 'PHL', 365820),
(785, 'Pasay', 'PHL', 354908),
(786, 'Malabon', 'PHL', 338855),
(787, 'San José del Monte', 'PHL', 315807),
(788, 'Bacoor', 'PHL', 305699),
(789, 'Iligan', 'PHL', 285061),
(790, 'Calamba', 'PHL', 281146),
(791, 'Mandaluyong', 'PHL', 278474),
(792, 'Butuan', 'PHL', 267279),
(793, 'Angeles', 'PHL', 263971),
(794, 'Tarlac', 'PHL', 262481),
(795, 'Mandaue', 'PHL', 259728),
(796, 'Baguio', 'PHL', 252386),
(797, 'Batangas', 'PHL', 247588),
(798, 'Cainta', 'PHL', 242511),
(799, 'San Pedro', 'PHL', 231403),
(800, 'Navotas', 'PHL', 230403),
(801, 'Cabanatuan', 'PHL', 222859),
(802, 'San Fernando', 'PHL', 221857),
(803, 'Lipa', 'PHL', 218447),
(804, 'Lapu-Lapu', 'PHL', 217019),
(805, 'San Pablo', 'PHL', 207927),
(806, 'Biñan', 'PHL', 201186),
(807, 'Taytay', 'PHL', 198183),
(808, 'Lucena', 'PHL', 196075),
(809, 'Imus', 'PHL', 195482),
(810, 'Olongapo', 'PHL', 194260),
(811, 'Binangonan', 'PHL', 187691),
(812, 'Santa Rosa', 'PHL', 185633),
(813, 'Tagum', 'PHL', 179531),
(814, 'Tacloban', 'PHL', 178639),
(815, 'Malolos', 'PHL', 175291),
(816, 'Mabalacat', 'PHL', 171045),
(817, 'Cotabato', 'PHL', 163849),
(818, 'Meycauayan', 'PHL', 163037),
(819, 'Puerto Princesa', 'PHL', 161912),
(820, 'Legazpi', 'PHL', 157010),
(821, 'Silang', 'PHL', 156137),
(822, 'Ormoc', 'PHL', 154297),
(823, 'San Carlos', 'PHL', 154264),
(824, 'Kabankalan', 'PHL', 149769),
(825, 'Talisay', 'PHL', 148110),
(826, 'Valencia', 'PHL', 147924),
(827, 'Calbayog', 'PHL', 147187),
(828, 'Santa Maria', 'PHL', 144282),
(829, 'Pagadian', 'PHL', 142515),
(830, 'Cadiz', 'PHL', 141954),
(831, 'Bago', 'PHL', 141721),
(832, 'Toledo', 'PHL', 141174),
(833, 'Naga', 'PHL', 137810),
(834, 'San Mateo', 'PHL', 135603),
(835, 'Panabo', 'PHL', 133950),
(836, 'Koronadal', 'PHL', 133786),
(837, 'Marawi', 'PHL', 131090),
(838, 'Dagupan', 'PHL', 130328),
(839, 'Sagay', 'PHL', 129765),
(840, 'Roxas', 'PHL', 126352),
(841, 'Lubao', 'PHL', 125699),
(842, 'Digos', 'PHL', 125171),
(843, 'San Miguel', 'PHL', 123824),
(844, 'Malaybalay', 'PHL', 123672),
(845, 'Tuguegarao', 'PHL', 120645),
(846, 'Ilagan', 'PHL', 119990),
(847, 'Baliuag', 'PHL', 119675),
(848, 'Surigao', 'PHL', 118534),
(849, 'San Carlos', 'PHL', 118259),
(850, 'San Juan del Monte', 'PHL', 117680),
(851, 'Tanauan', 'PHL', 117539),
(852, 'Concepcion', 'PHL', 115171),
(853, 'Rodriguez (Montalban)', 'PHL', 115167),
(854, 'Sariaya', 'PHL', 114568),
(855, 'Malasiqui', 'PHL', 113190),
(856, 'General Mariano Alvarez', 'PHL', 112446),
(857, 'Urdaneta', 'PHL', 111582),
(858, 'Hagonoy', 'PHL', 111425),
(859, 'San Jose', 'PHL', 111009),
(860, 'Polomolok', 'PHL', 110709),
(861, 'Santiago', 'PHL', 110531),
(862, 'Tanza', 'PHL', 110517),
(863, 'Ozamis', 'PHL', 110420),
(864, 'Mexico', 'PHL', 109481),
(865, 'San Jose', 'PHL', 108254),
(866, 'Silay', 'PHL', 107722),
(867, 'General Trias', 'PHL', 107691),
(868, 'Tabaco', 'PHL', 107166),
(869, 'Cabuyao', 'PHL', 106630),
(870, 'Calapan', 'PHL', 105910),
(871, 'Mati', 'PHL', 105908),
(872, 'Midsayap', 'PHL', 105760),
(873, 'Cauayan', 'PHL', 103952),
(874, 'Gingoog', 'PHL', 102379),
(875, 'Dumaguete', 'PHL', 102265),
(876, 'San Fernando', 'PHL', 102082),
(877, 'Arayat', 'PHL', 101792),
(878, 'Bayawan (Tulong)', 'PHL', 101391),
(879, 'Kidapawan', 'PHL', 101205),
(880, 'Daraga (Locsin)', 'PHL', 101031),
(881, 'Marilao', 'PHL', 101017),
(882, 'Malita', 'PHL', 100000),
(883, 'Dipolog', 'PHL', 99862),
(884, 'Cavite', 'PHL', 99367),
(885, 'Danao', 'PHL', 98781),
(886, 'Bislig', 'PHL', 97860),
(887, 'Talavera', 'PHL', 97329),
(888, 'Guagua', 'PHL', 96858),
(889, 'Bayambang', 'PHL', 96609),
(890, 'Nasugbu', 'PHL', 96113),
(891, 'Baybay', 'PHL', 95630),
(892, 'Capas', 'PHL', 95219),
(893, 'Sultan Kudarat', 'PHL', 94861),
(894, 'Laoag', 'PHL', 94466),
(895, 'Bayugan', 'PHL', 93623),
(896, 'Malungon', 'PHL', 93232),
(897, 'Santa Cruz', 'PHL', 92694),
(898, 'Sorsogon', 'PHL', 92512),
(899, 'Candelaria', 'PHL', 92429),
(900, 'Ligao', 'PHL', 90603),
(901, 'Tórshavn', 'FRO', 14542),
(902, 'Libreville', 'GAB', 419000),
(903, 'Serekunda', 'GMB', 102600),
(904, 'Banjul', 'GMB', 42326),
(905, 'Tbilisi', 'GEO', 1235200),
(906, 'Kutaisi', 'GEO', 240900),
(907, 'Rustavi', 'GEO', 155400),
(908, 'Batumi', 'GEO', 137700),
(909, 'Sohumi', 'GEO', 111700),
(910, 'Accra', 'GHA', 1070000),
(911, 'Kumasi', 'GHA', 385192),
(912, 'Tamale', 'GHA', 151069),
(913, 'Tema', 'GHA', 109975),
(914, 'Sekondi-Takoradi', 'GHA', 103653),
(915, 'Gibraltar', 'GIB', 27025),
(916, 'Saint George´s', 'GRD', 4621),
(917, 'Nuuk', 'GRL', 13445),
(918, 'Les Abymes', 'GLP', 62947),
(919, 'Basse-Terre', 'GLP', 12433),
(920, 'Tamuning', 'GUM', 9500),
(921, 'Agaña', 'GUM', 1139),
(922, 'Ciudad de Guatemala', 'GTM', 823301),
(923, 'Mixco', 'GTM', 209791),
(924, 'Villa Nueva', 'GTM', 101295),
(925, 'Quetzaltenango', 'GTM', 90801),
(926, 'Conakry', 'GIN', 1090610),
(927, 'Bissau', 'GNB', 241000),
(928, 'Georgetown', 'GUY', 254000),
(929, 'Port-au-Prince', 'HTI', 884472),
(930, 'Carrefour', 'HTI', 290204),
(931, 'Delmas', 'HTI', 240429),
(932, 'Le-Cap-Haïtien', 'HTI', 102233),
(933, 'Tegucigalpa', 'HND', 813900),
(934, 'San Pedro Sula', 'HND', 383900),
(935, 'La Ceiba', 'HND', 89200),
(936, 'Kowloon and New Kowloon', 'HKG', 1987996),
(937, 'Victoria', 'HKG', 1312637),
(938, 'Longyearbyen', 'SJM', 1438),
(939, 'Jakarta', 'IDN', 9604900),
(940, 'Surabaya', 'IDN', 2663820),
(941, 'Bandung', 'IDN', 2429000),
(942, 'Medan', 'IDN', 1843919),
(943, 'Palembang', 'IDN', 1222764),
(944, 'Tangerang', 'IDN', 1198300),
(945, 'Semarang', 'IDN', 1104405),
(946, 'Ujung Pandang', 'IDN', 1060257),
(947, 'Malang', 'IDN', 716862),
(948, 'Bandar Lampung', 'IDN', 680332),
(949, 'Bekasi', 'IDN', 644300),
(950, 'Padang', 'IDN', 534474),
(951, 'Surakarta', 'IDN', 518600),
(952, 'Banjarmasin', 'IDN', 482931),
(953, 'Pekan Baru', 'IDN', 438638),
(954, 'Denpasar', 'IDN', 435000),
(955, 'Yogyakarta', 'IDN', 418944),
(956, 'Pontianak', 'IDN', 409632),
(957, 'Samarinda', 'IDN', 399175),
(958, 'Jambi', 'IDN', 385201),
(959, 'Depok', 'IDN', 365200),
(960, 'Cimahi', 'IDN', 344600),
(961, 'Balikpapan', 'IDN', 338752),
(962, 'Manado', 'IDN', 332288),
(963, 'Mataram', 'IDN', 306600),
(964, 'Pekalongan', 'IDN', 301504),
(965, 'Tegal', 'IDN', 289744),
(966, 'Bogor', 'IDN', 285114),
(967, 'Ciputat', 'IDN', 270800),
(968, 'Pondokgede', 'IDN', 263200),
(969, 'Cirebon', 'IDN', 254406),
(970, 'Kediri', 'IDN', 253760),
(971, 'Ambon', 'IDN', 249312),
(972, 'Jember', 'IDN', 218500),
(973, 'Cilacap', 'IDN', 206900),
(974, 'Cimanggis', 'IDN', 205100),
(975, 'Pematang Siantar', 'IDN', 203056),
(976, 'Purwokerto', 'IDN', 202500),
(977, 'Ciomas', 'IDN', 187400),
(978, 'Tasikmalaya', 'IDN', 179800),
(979, 'Madiun', 'IDN', 171532),
(980, 'Bengkulu', 'IDN', 146439),
(981, 'Karawang', 'IDN', 145000),
(982, 'Banda Aceh', 'IDN', 143409),
(983, 'Palu', 'IDN', 142800),
(984, 'Pasuruan', 'IDN', 134019),
(985, 'Kupang', 'IDN', 129300),
(986, 'Tebing Tinggi', 'IDN', 129300),
(987, 'Percut Sei Tuan', 'IDN', 129000),
(988, 'Binjai', 'IDN', 127222),
(989, 'Sukabumi', 'IDN', 125766),
(990, 'Waru', 'IDN', 124300),
(991, 'Pangkal Pinang', 'IDN', 124000),
(992, 'Magelang', 'IDN', 123800),
(993, 'Blitar', 'IDN', 122600),
(994, 'Serang', 'IDN', 122400),
(995, 'Probolinggo', 'IDN', 120770),
(996, 'Cilegon', 'IDN', 117000),
(997, 'Cianjur', 'IDN', 114300),
(998, 'Ciparay', 'IDN', 111500),
(999, 'Lhokseumawe', 'IDN', 109600),
(1000, 'Taman', 'IDN', 107000),
(1001, 'Depok', 'IDN', 106800),
(1002, 'Citeureup', 'IDN', 105100),
(1003, 'Pemalang', 'IDN', 103500),
(1004, 'Klaten', 'IDN', 103300),
(1005, 'Salatiga', 'IDN', 103000),
(1006, 'Cibinong', 'IDN', 101300),
(1007, 'Palangka Raya', 'IDN', 99693),
(1008, 'Mojokerto', 'IDN', 96626),
(1009, 'Purwakarta', 'IDN', 95900),
(1010, 'Garut', 'IDN', 95800),
(1011, 'Kudus', 'IDN', 95300),
(1012, 'Kendari', 'IDN', 94800),
(1013, 'Jaya Pura', 'IDN', 94700),
(1014, 'Gorontalo', 'IDN', 94058),
(1015, 'Majalaya', 'IDN', 93200),
(1016, 'Pondok Aren', 'IDN', 92700),
(1017, 'Jombang', 'IDN', 92600),
(1018, 'Sunggal', 'IDN', 92300),
(1019, 'Batam', 'IDN', 91871),
(1020, 'Padang Sidempuan', 'IDN', 91200),
(1021, 'Sawangan', 'IDN', 91100),
(1022, 'Banyuwangi', 'IDN', 89900),
(1023, 'Tanjung Pinang', 'IDN', 89900),
(1024, 'Mumbai (Bombay)', 'IND', 10500000),
(1025, 'Delhi', 'IND', 7206704),
(1026, 'Calcutta [Kolkata]', 'IND', 4399819),
(1027, 'Chennai (Madras)', 'IND', 3841396),
(1028, 'Hyderabad', 'IND', 2964638),
(1029, 'Ahmedabad', 'IND', 2876710),
(1030, 'Bangalore', 'IND', 2660088),
(1031, 'Kanpur', 'IND', 1874409),
(1032, 'Nagpur', 'IND', 1624752),
(1033, 'Lucknow', 'IND', 1619115),
(1034, 'Pune', 'IND', 1566651),
(1035, 'Surat', 'IND', 1498817),
(1036, 'Jaipur', 'IND', 1458483),
(1037, 'Indore', 'IND', 1091674),
(1038, 'Bhopal', 'IND', 1062771),
(1039, 'Ludhiana', 'IND', 1042740),
(1040, 'Vadodara (Baroda)', 'IND', 1031346),
(1041, 'Kalyan', 'IND', 1014557),
(1042, 'Madurai', 'IND', 977856),
(1043, 'Haora (Howrah)', 'IND', 950435),
(1044, 'Varanasi (Benares)', 'IND', 929270),
(1045, 'Patna', 'IND', 917243),
(1046, 'Srinagar', 'IND', 892506),
(1047, 'Agra', 'IND', 891790),
(1048, 'Coimbatore', 'IND', 816321),
(1049, 'Thane (Thana)', 'IND', 803389),
(1050, 'Allahabad', 'IND', 792858),
(1051, 'Meerut', 'IND', 753778),
(1052, 'Vishakhapatnam', 'IND', 752037),
(1053, 'Jabalpur', 'IND', 741927),
(1054, 'Amritsar', 'IND', 708835),
(1055, 'Faridabad', 'IND', 703592),
(1056, 'Vijayawada', 'IND', 701827),
(1057, 'Gwalior', 'IND', 690765),
(1058, 'Jodhpur', 'IND', 666279),
(1059, 'Nashik (Nasik)', 'IND', 656925),
(1060, 'Hubli-Dharwad', 'IND', 648298),
(1061, 'Solapur (Sholapur)', 'IND', 604215),
(1062, 'Ranchi', 'IND', 599306),
(1063, 'Bareilly', 'IND', 587211),
(1064, 'Guwahati (Gauhati)', 'IND', 584342),
(1065, 'Shambajinagar (Aurangabad)', 'IND', 573272),
(1066, 'Cochin (Kochi)', 'IND', 564589),
(1067, 'Rajkot', 'IND', 559407),
(1068, 'Kota', 'IND', 537371),
(1069, 'Thiruvananthapuram (Trivandrum', 'IND', 524006),
(1070, 'Pimpri-Chinchwad', 'IND', 517083),
(1071, 'Jalandhar (Jullundur)', 'IND', 509510),
(1072, 'Gorakhpur', 'IND', 505566),
(1073, 'Chandigarh', 'IND', 504094),
(1074, 'Mysore', 'IND', 480692),
(1075, 'Aligarh', 'IND', 480520),
(1076, 'Guntur', 'IND', 471051),
(1077, 'Jamshedpur', 'IND', 460577),
(1078, 'Ghaziabad', 'IND', 454156),
(1079, 'Warangal', 'IND', 447657),
(1080, 'Raipur', 'IND', 438639),
(1081, 'Moradabad', 'IND', 429214),
(1082, 'Durgapur', 'IND', 425836),
(1083, 'Amravati', 'IND', 421576),
(1084, 'Calicut (Kozhikode)', 'IND', 419831),
(1085, 'Bikaner', 'IND', 416289),
(1086, 'Bhubaneswar', 'IND', 411542),
(1087, 'Kolhapur', 'IND', 406370),
(1088, 'Kataka (Cuttack)', 'IND', 403418),
(1089, 'Ajmer', 'IND', 402700),
(1090, 'Bhavnagar', 'IND', 402338),
(1091, 'Tiruchirapalli', 'IND', 387223),
(1092, 'Bhilai', 'IND', 386159),
(1093, 'Bhiwandi', 'IND', 379070),
(1094, 'Saharanpur', 'IND', 374945),
(1095, 'Ulhasnagar', 'IND', 369077),
(1096, 'Salem', 'IND', 366712),
(1097, 'Ujjain', 'IND', 362266),
(1098, 'Malegaon', 'IND', 342595),
(1099, 'Jamnagar', 'IND', 341637),
(1100, 'Bokaro Steel City', 'IND', 333683),
(1101, 'Akola', 'IND', 328034),
(1102, 'Belgaum', 'IND', 326399),
(1103, 'Rajahmundry', 'IND', 324851),
(1104, 'Nellore', 'IND', 316606),
(1105, 'Udaipur', 'IND', 308571),
(1106, 'New Bombay', 'IND', 307297),
(1107, 'Bhatpara', 'IND', 304952),
(1108, 'Gulbarga', 'IND', 304099),
(1109, 'New Delhi', 'IND', 301297),
(1110, 'Jhansi', 'IND', 300850),
(1111, 'Gaya', 'IND', 291675),
(1112, 'Kakinada', 'IND', 279980),
(1113, 'Dhule (Dhulia)', 'IND', 278317),
(1114, 'Panihati', 'IND', 275990),
(1115, 'Nanded (Nander)', 'IND', 275083),
(1116, 'Mangalore', 'IND', 273304),
(1117, 'Dehra Dun', 'IND', 270159),
(1118, 'Kamarhati', 'IND', 266889),
(1119, 'Davangere', 'IND', 266082),
(1120, 'Asansol', 'IND', 262188),
(1121, 'Bhagalpur', 'IND', 253225),
(1122, 'Bellary', 'IND', 245391),
(1123, 'Barddhaman (Burdwan)', 'IND', 245079),
(1124, 'Rampur', 'IND', 243742),
(1125, 'Jalgaon', 'IND', 242193),
(1126, 'Muzaffarpur', 'IND', 241107),
(1127, 'Nizamabad', 'IND', 241034),
(1128, 'Muzaffarnagar', 'IND', 240609),
(1129, 'Patiala', 'IND', 238368),
(1130, 'Shahjahanpur', 'IND', 237713),
(1131, 'Kurnool', 'IND', 236800),
(1132, 'Tiruppur (Tirupper)', 'IND', 235661),
(1133, 'Rohtak', 'IND', 233400),
(1134, 'South Dum Dum', 'IND', 232811),
(1135, 'Mathura', 'IND', 226691),
(1136, 'Chandrapur', 'IND', 226105),
(1137, 'Barahanagar (Baranagar)', 'IND', 224821),
(1138, 'Darbhanga', 'IND', 218391),
(1139, 'Siliguri (Shiliguri)', 'IND', 216950),
(1140, 'Raurkela', 'IND', 215489),
(1141, 'Ambattur', 'IND', 215424),
(1142, 'Panipat', 'IND', 215218),
(1143, 'Firozabad', 'IND', 215128),
(1144, 'Ichalkaranji', 'IND', 214950),
(1145, 'Jammu', 'IND', 214737),
(1146, 'Ramagundam', 'IND', 214384),
(1147, 'Eluru', 'IND', 212866),
(1148, 'Brahmapur', 'IND', 210418),
(1149, 'Alwar', 'IND', 205086),
(1150, 'Pondicherry', 'IND', 203065),
(1151, 'Thanjavur', 'IND', 202013),
(1152, 'Bihar Sharif', 'IND', 201323),
(1153, 'Tuticorin', 'IND', 199854),
(1154, 'Imphal', 'IND', 198535),
(1155, 'Latur', 'IND', 197408),
(1156, 'Sagar', 'IND', 195346),
(1157, 'Farrukhabad-cum-Fatehgarh', 'IND', 194567),
(1158, 'Sangli', 'IND', 193197),
(1159, 'Parbhani', 'IND', 190255),
(1160, 'Nagar Coil', 'IND', 190084),
(1161, 'Bijapur', 'IND', 186939),
(1162, 'Kukatpalle', 'IND', 185378),
(1163, 'Bally', 'IND', 184474),
(1164, 'Bhilwara', 'IND', 183965),
(1165, 'Ratlam', 'IND', 183375),
(1166, 'Avadi', 'IND', 183215),
(1167, 'Dindigul', 'IND', 182477),
(1168, 'Ahmadnagar', 'IND', 181339),
(1169, 'Bilaspur', 'IND', 179833),
(1170, 'Shimoga', 'IND', 179258),
(1171, 'Kharagpur', 'IND', 177989),
(1172, 'Mira Bhayandar', 'IND', 175372),
(1173, 'Vellore', 'IND', 175061),
(1174, 'Jalna', 'IND', 174985),
(1175, 'Burnpur', 'IND', 174933),
(1176, 'Anantapur', 'IND', 174924),
(1177, 'Allappuzha (Alleppey)', 'IND', 174666),
(1178, 'Tirupati', 'IND', 174369),
(1179, 'Karnal', 'IND', 173751),
(1180, 'Burhanpur', 'IND', 172710),
(1181, 'Hisar (Hissar)', 'IND', 172677),
(1182, 'Tiruvottiyur', 'IND', 172562),
(1183, 'Mirzapur-cum-Vindhyachal', 'IND', 169336),
(1184, 'Secunderabad', 'IND', 167461),
(1185, 'Nadiad', 'IND', 167051),
(1186, 'Dewas', 'IND', 164364),
(1187, 'Murwara (Katni)', 'IND', 163431),
(1188, 'Ganganagar', 'IND', 161482),
(1189, 'Vizianagaram', 'IND', 160359),
(1190, 'Erode', 'IND', 159232),
(1191, 'Machilipatnam (Masulipatam)', 'IND', 159110),
(1192, 'Bhatinda (Bathinda)', 'IND', 159042),
(1193, 'Raichur', 'IND', 157551),
(1194, 'Agartala', 'IND', 157358),
(1195, 'Arrah (Ara)', 'IND', 157082),
(1196, 'Satna', 'IND', 156630),
(1197, 'Lalbahadur Nagar', 'IND', 155500),
(1198, 'Aizawl', 'IND', 155240),
(1199, 'Uluberia', 'IND', 155172),
(1200, 'Katihar', 'IND', 154367),
(1201, 'Cuddalore', 'IND', 153086),
(1202, 'Hugli-Chinsurah', 'IND', 151806),
(1203, 'Dhanbad', 'IND', 151789),
(1204, 'Raiganj', 'IND', 151045),
(1205, 'Sambhal', 'IND', 150869),
(1206, 'Durg', 'IND', 150645),
(1207, 'Munger (Monghyr)', 'IND', 150112),
(1208, 'Kanchipuram', 'IND', 150100),
(1209, 'North Dum Dum', 'IND', 149965),
(1210, 'Karimnagar', 'IND', 148583),
(1211, 'Bharatpur', 'IND', 148519),
(1212, 'Sikar', 'IND', 148272),
(1213, 'Hardwar (Haridwar)', 'IND', 147305),
(1214, 'Dabgram', 'IND', 147217),
(1215, 'Morena', 'IND', 147124),
(1216, 'Noida', 'IND', 146514),
(1217, 'Hapur', 'IND', 146262),
(1218, 'Bhusawal', 'IND', 145143),
(1219, 'Khandwa', 'IND', 145133),
(1220, 'Yamuna Nagar', 'IND', 144346),
(1221, 'Sonipat (Sonepat)', 'IND', 143922),
(1222, 'Tenali', 'IND', 143726),
(1223, 'Raurkela Civil Township', 'IND', 140408),
(1224, 'Kollam (Quilon)', 'IND', 139852),
(1225, 'Kumbakonam', 'IND', 139483),
(1226, 'Ingraj Bazar (English Bazar)', 'IND', 139204),
(1227, 'Timkur', 'IND', 138903),
(1228, 'Amroha', 'IND', 137061),
(1229, 'Serampore', 'IND', 137028),
(1230, 'Chapra', 'IND', 136877),
(1231, 'Pali', 'IND', 136842),
(1232, 'Maunath Bhanjan', 'IND', 136697),
(1233, 'Adoni', 'IND', 136182),
(1234, 'Jaunpur', 'IND', 136062),
(1235, 'Tirunelveli', 'IND', 135825),
(1236, 'Bahraich', 'IND', 135400),
(1237, 'Gadag Betigeri', 'IND', 134051),
(1238, 'Proddatur', 'IND', 133914),
(1239, 'Chittoor', 'IND', 133462),
(1240, 'Barrackpur', 'IND', 133265),
(1241, 'Bharuch (Broach)', 'IND', 133102),
(1242, 'Naihati', 'IND', 132701),
(1243, 'Shillong', 'IND', 131719),
(1244, 'Sambalpur', 'IND', 131138),
(1245, 'Junagadh', 'IND', 130484),
(1246, 'Rae Bareli', 'IND', 129904),
(1247, 'Rewa', 'IND', 128981),
(1248, 'Gurgaon', 'IND', 128608),
(1249, 'Khammam', 'IND', 127992),
(1250, 'Bulandshahr', 'IND', 127201),
(1251, 'Navsari', 'IND', 126089),
(1252, 'Malkajgiri', 'IND', 126066),
(1253, 'Midnapore (Medinipur)', 'IND', 125498),
(1254, 'Miraj', 'IND', 125407),
(1255, 'Raj Nandgaon', 'IND', 125371),
(1256, 'Alandur', 'IND', 125244),
(1257, 'Puri', 'IND', 125199),
(1258, 'Navadwip', 'IND', 125037),
(1259, 'Sirsa', 'IND', 125000),
(1260, 'Korba', 'IND', 124501),
(1261, 'Faizabad', 'IND', 124437),
(1262, 'Etawah', 'IND', 124072),
(1263, 'Pathankot', 'IND', 123930),
(1264, 'Gandhinagar', 'IND', 123359),
(1265, 'Palghat (Palakkad)', 'IND', 123289),
(1266, 'Veraval', 'IND', 123000),
(1267, 'Hoshiarpur', 'IND', 122705),
(1268, 'Ambala', 'IND', 122596),
(1269, 'Sitapur', 'IND', 121842),
(1270, 'Bhiwani', 'IND', 121629),
(1271, 'Cuddapah', 'IND', 121463),
(1272, 'Bhimavaram', 'IND', 121314),
(1273, 'Krishnanagar', 'IND', 121110),
(1274, 'Chandannagar', 'IND', 120378),
(1275, 'Mandya', 'IND', 120265),
(1276, 'Dibrugarh', 'IND', 120127),
(1277, 'Nandyal', 'IND', 119813),
(1278, 'Balurghat', 'IND', 119796),
(1279, 'Neyveli', 'IND', 118080),
(1280, 'Fatehpur', 'IND', 117675),
(1281, 'Mahbubnagar', 'IND', 116833),
(1282, 'Budaun', 'IND', 116695),
(1283, 'Porbandar', 'IND', 116671),
(1284, 'Silchar', 'IND', 115483),
(1285, 'Berhampore (Baharampur)', 'IND', 115144),
(1286, 'Purnea (Purnia)', 'IND', 114912),
(1287, 'Bankura', 'IND', 114876),
(1288, 'Rajapalaiyam', 'IND', 114202),
(1289, 'Titagarh', 'IND', 114085),
(1290, 'Halisahar', 'IND', 114028),
(1291, 'Hathras', 'IND', 113285),
(1292, 'Bhir (Bid)', 'IND', 112434),
(1293, 'Pallavaram', 'IND', 111866),
(1294, 'Anand', 'IND', 110266),
(1295, 'Mango', 'IND', 110024),
(1296, 'Santipur', 'IND', 109956),
(1297, 'Bhind', 'IND', 109755),
(1298, 'Gondiya', 'IND', 109470),
(1299, 'Tiruvannamalai', 'IND', 109196),
(1300, 'Yeotmal (Yavatmal)', 'IND', 108578),
(1301, 'Kulti-Barakar', 'IND', 108518),
(1302, 'Moga', 'IND', 108304),
(1303, 'Shivapuri', 'IND', 108277),
(1304, 'Bidar', 'IND', 108016),
(1305, 'Guntakal', 'IND', 107592),
(1306, 'Unnao', 'IND', 107425),
(1307, 'Barasat', 'IND', 107365),
(1308, 'Tambaram', 'IND', 107187),
(1309, 'Abohar', 'IND', 107163),
(1310, 'Pilibhit', 'IND', 106605),
(1311, 'Valparai', 'IND', 106523),
(1312, 'Gonda', 'IND', 106078),
(1313, 'Surendranagar', 'IND', 105973),
(1314, 'Qutubullapur', 'IND', 105380),
(1315, 'Beawar', 'IND', 105363),
(1316, 'Hindupur', 'IND', 104651),
(1317, 'Gandhidham', 'IND', 104585),
(1318, 'Haldwani-cum-Kathgodam', 'IND', 104195),
(1319, 'Tellicherry (Thalassery)', 'IND', 103579),
(1320, 'Wardha', 'IND', 102985),
(1321, 'Rishra', 'IND', 102649),
(1322, 'Bhuj', 'IND', 102176),
(1323, 'Modinagar', 'IND', 101660),
(1324, 'Gudivada', 'IND', 101656),
(1325, 'Basirhat', 'IND', 101409),
(1326, 'Uttarpara-Kotrung', 'IND', 100867),
(1327, 'Ongole', 'IND', 100836),
(1328, 'North Barrackpur', 'IND', 100513),
(1329, 'Guna', 'IND', 100490),
(1330, 'Haldia', 'IND', 100347),
(1331, 'Habra', 'IND', 100223),
(1332, 'Kanchrapara', 'IND', 100194),
(1333, 'Tonk', 'IND', 100079),
(1334, 'Champdani', 'IND', 98818),
(1335, 'Orai', 'IND', 98640),
(1336, 'Pudukkottai', 'IND', 98619),
(1337, 'Sasaram', 'IND', 98220),
(1338, 'Hazaribag', 'IND', 97712),
(1339, 'Palayankottai', 'IND', 97662),
(1340, 'Banda', 'IND', 97227),
(1341, 'Godhra', 'IND', 96813),
(1342, 'Hospet', 'IND', 96322),
(1343, 'Ashoknagar-Kalyangarh', 'IND', 96315),
(1344, 'Achalpur', 'IND', 96216),
(1345, 'Patan', 'IND', 96109),
(1346, 'Mandasor', 'IND', 95758),
(1347, 'Damoh', 'IND', 95661),
(1348, 'Satara', 'IND', 95133),
(1349, 'Meerut Cantonment', 'IND', 94876),
(1350, 'Dehri', 'IND', 94526),
(1351, 'Delhi Cantonment', 'IND', 94326),
(1352, 'Chhindwara', 'IND', 93731),
(1353, 'Bansberia', 'IND', 93447),
(1354, 'Nagaon', 'IND', 93350),
(1355, 'Kanpur Cantonment', 'IND', 93109),
(1356, 'Vidisha', 'IND', 92917),
(1357, 'Bettiah', 'IND', 92583),
(1358, 'Purulia', 'IND', 92574),
(1359, 'Hassan', 'IND', 90803),
(1360, 'Ambala Sadar', 'IND', 90712),
(1361, 'Baidyabati', 'IND', 90601),
(1362, 'Morvi', 'IND', 90357),
(1363, 'Raigarh', 'IND', 89166),
(1364, 'Vejalpur', 'IND', 89053),
(1365, 'Baghdad', 'IRQ', 4336000),
(1366, 'Mosul', 'IRQ', 879000),
(1367, 'Irbil', 'IRQ', 485968),
(1368, 'Kirkuk', 'IRQ', 418624),
(1369, 'Basra', 'IRQ', 406296),
(1370, 'al-Sulaymaniya', 'IRQ', 364096),
(1371, 'al-Najaf', 'IRQ', 309010),
(1372, 'Karbala', 'IRQ', 296705),
(1373, 'al-Hilla', 'IRQ', 268834),
(1374, 'al-Nasiriya', 'IRQ', 265937),
(1375, 'al-Amara', 'IRQ', 208797),
(1376, 'al-Diwaniya', 'IRQ', 196519),
(1377, 'al-Ramadi', 'IRQ', 192556),
(1378, 'al-Kut', 'IRQ', 183183),
(1379, 'Baquba', 'IRQ', 114516),
(1380, 'Teheran', 'IRN', 6758845),
(1381, 'Mashhad', 'IRN', 1887405),
(1382, 'Esfahan', 'IRN', 1266072),
(1383, 'Tabriz', 'IRN', 1191043),
(1384, 'Shiraz', 'IRN', 1053025),
(1385, 'Karaj', 'IRN', 940968),
(1386, 'Ahvaz', 'IRN', 804980),
(1387, 'Qom', 'IRN', 777677),
(1388, 'Kermanshah', 'IRN', 692986),
(1389, 'Urmia', 'IRN', 435200),
(1390, 'Zahedan', 'IRN', 419518),
(1391, 'Rasht', 'IRN', 417748),
(1392, 'Hamadan', 'IRN', 401281),
(1393, 'Kerman', 'IRN', 384991),
(1394, 'Arak', 'IRN', 380755),
(1395, 'Ardebil', 'IRN', 340386),
(1396, 'Yazd', 'IRN', 326776),
(1397, 'Qazvin', 'IRN', 291117),
(1398, 'Zanjan', 'IRN', 286295),
(1399, 'Sanandaj', 'IRN', 277808),
(1400, 'Bandar-e-Abbas', 'IRN', 273578),
(1401, 'Khorramabad', 'IRN', 272815),
(1402, 'Eslamshahr', 'IRN', 265450),
(1403, 'Borujerd', 'IRN', 217804),
(1404, 'Abadan', 'IRN', 206073),
(1405, 'Dezful', 'IRN', 202639),
(1406, 'Kashan', 'IRN', 201372),
(1407, 'Sari', 'IRN', 195882),
(1408, 'Gorgan', 'IRN', 188710),
(1409, 'Najafabad', 'IRN', 178498),
(1410, 'Sabzevar', 'IRN', 170738),
(1411, 'Khomeynishahr', 'IRN', 165888),
(1412, 'Amol', 'IRN', 159092),
(1413, 'Neyshabur', 'IRN', 158847),
(1414, 'Babol', 'IRN', 158346),
(1415, 'Khoy', 'IRN', 148944),
(1416, 'Malayer', 'IRN', 144373),
(1417, 'Bushehr', 'IRN', 143641),
(1418, 'Qaemshahr', 'IRN', 143286),
(1419, 'Qarchak', 'IRN', 142690),
(1420, 'Qods', 'IRN', 138278),
(1421, 'Sirjan', 'IRN', 135024),
(1422, 'Bojnurd', 'IRN', 134835),
(1423, 'Maragheh', 'IRN', 132318),
(1424, 'Birjand', 'IRN', 127608),
(1425, 'Ilam', 'IRN', 126346),
(1426, 'Bukan', 'IRN', 120020),
(1427, 'Masjed-e-Soleyman', 'IRN', 116883),
(1428, 'Saqqez', 'IRN', 115394),
(1429, 'Gonbad-e Qabus', 'IRN', 111253),
(1430, 'Saveh', 'IRN', 111245),
(1431, 'Mahabad', 'IRN', 107799),
(1432, 'Varamin', 'IRN', 107233),
(1433, 'Andimeshk', 'IRN', 106923),
(1434, 'Khorramshahr', 'IRN', 105636),
(1435, 'Shahrud', 'IRN', 104765),
(1436, 'Marv Dasht', 'IRN', 103579),
(1437, 'Zabol', 'IRN', 100887),
(1438, 'Shahr-e Kord', 'IRN', 100477),
(1439, 'Bandar-e Anzali', 'IRN', 98500),
(1440, 'Rafsanjan', 'IRN', 98300),
(1441, 'Marand', 'IRN', 96400),
(1442, 'Torbat-e Heydariyeh', 'IRN', 94600),
(1443, 'Jahrom', 'IRN', 94200),
(1444, 'Semnan', 'IRN', 91045),
(1445, 'Miandoab', 'IRN', 90100),
(1446, 'Qomsheh', 'IRN', 89800),
(1447, 'Dublin', 'IRL', 481854),
(1448, 'Cork', 'IRL', 127187),
(1449, 'Reykjavík', 'ISL', 109184),
(1450, 'Jerusalem', 'ISR', 633700),
(1451, 'Tel Aviv-Jaffa', 'ISR', 348100),
(1452, 'Haifa', 'ISR', 265700),
(1453, 'Rishon Le Ziyyon', 'ISR', 188200),
(1454, 'Beerseba', 'ISR', 163700),
(1455, 'Holon', 'ISR', 163100),
(1456, 'Petah Tiqwa', 'ISR', 159400),
(1457, 'Ashdod', 'ISR', 155800),
(1458, 'Netanya', 'ISR', 154900),
(1459, 'Bat Yam', 'ISR', 137000),
(1460, 'Bene Beraq', 'ISR', 133900),
(1461, 'Ramat Gan', 'ISR', 126900),
(1462, 'Ashqelon', 'ISR', 92300),
(1463, 'Rehovot', 'ISR', 90300),
(1464, 'Roma', 'ITA', 2643581),
(1465, 'Milano', 'ITA', 1300977),
(1466, 'Napoli', 'ITA', 1002619),
(1467, 'Torino', 'ITA', 903705),
(1468, 'Palermo', 'ITA', 683794),
(1469, 'Genova', 'ITA', 636104),
(1470, 'Bologna', 'ITA', 381161),
(1471, 'Firenze', 'ITA', 376662),
(1472, 'Catania', 'ITA', 337862),
(1473, 'Bari', 'ITA', 331848),
(1474, 'Venezia', 'ITA', 277305),
(1475, 'Messina', 'ITA', 259156),
(1476, 'Verona', 'ITA', 255268),
(1477, 'Trieste', 'ITA', 216459),
(1478, 'Padova', 'ITA', 211391),
(1479, 'Taranto', 'ITA', 208214),
(1480, 'Brescia', 'ITA', 191317),
(1481, 'Reggio di Calabria', 'ITA', 179617),
(1482, 'Modena', 'ITA', 176022),
(1483, 'Prato', 'ITA', 172473),
(1484, 'Parma', 'ITA', 168717),
(1485, 'Cagliari', 'ITA', 165926),
(1486, 'Livorno', 'ITA', 161673),
(1487, 'Perugia', 'ITA', 156673),
(1488, 'Foggia', 'ITA', 154891),
(1489, 'Reggio nell´ Emilia', 'ITA', 143664),
(1490, 'Salerno', 'ITA', 142055),
(1491, 'Ravenna', 'ITA', 138418),
(1492, 'Ferrara', 'ITA', 132127),
(1493, 'Rimini', 'ITA', 131062),
(1494, 'Syrakusa', 'ITA', 126282),
(1495, 'Sassari', 'ITA', 120803),
(1496, 'Monza', 'ITA', 119516),
(1497, 'Bergamo', 'ITA', 117837);
INSERT INTO `city` (`ID`, `Name`, `CountryCode`, `Population`) VALUES
(1498, 'Pescara', 'ITA', 115698),
(1499, 'Latina', 'ITA', 114099),
(1500, 'Vicenza', 'ITA', 109738),
(1501, 'Terni', 'ITA', 107770),
(1502, 'Forlì', 'ITA', 107475),
(1503, 'Trento', 'ITA', 104906),
(1504, 'Novara', 'ITA', 102037),
(1505, 'Piacenza', 'ITA', 98384),
(1506, 'Ancona', 'ITA', 98329),
(1507, 'Lecce', 'ITA', 98208),
(1508, 'Bolzano', 'ITA', 97232),
(1509, 'Catanzaro', 'ITA', 96700),
(1510, 'La Spezia', 'ITA', 95504),
(1511, 'Udine', 'ITA', 94932),
(1512, 'Torre del Greco', 'ITA', 94505),
(1513, 'Andria', 'ITA', 94443),
(1514, 'Brindisi', 'ITA', 93454),
(1515, 'Giugliano in Campania', 'ITA', 93286),
(1516, 'Pisa', 'ITA', 92379),
(1517, 'Barletta', 'ITA', 91904),
(1518, 'Arezzo', 'ITA', 91729),
(1519, 'Alessandria', 'ITA', 90289),
(1520, 'Cesena', 'ITA', 89852),
(1521, 'Pesaro', 'ITA', 88987),
(1522, 'Dili', 'TMP', 47900),
(1523, 'Wien', 'AUT', 1608144),
(1524, 'Graz', 'AUT', 240967),
(1525, 'Linz', 'AUT', 188022),
(1526, 'Salzburg', 'AUT', 144247),
(1527, 'Innsbruck', 'AUT', 111752),
(1528, 'Klagenfurt', 'AUT', 91141),
(1529, 'Spanish Town', 'JAM', 110379),
(1530, 'Kingston', 'JAM', 103962),
(1531, 'Portmore', 'JAM', 99799),
(1532, 'Tokyo', 'JPN', 7980230),
(1533, 'Jokohama [Yokohama]', 'JPN', 3339594),
(1534, 'Osaka', 'JPN', 2595674),
(1535, 'Nagoya', 'JPN', 2154376),
(1536, 'Sapporo', 'JPN', 1790886),
(1537, 'Kioto', 'JPN', 1461974),
(1538, 'Kobe', 'JPN', 1425139),
(1539, 'Fukuoka', 'JPN', 1308379),
(1540, 'Kawasaki', 'JPN', 1217359),
(1541, 'Hiroshima', 'JPN', 1119117),
(1542, 'Kitakyushu', 'JPN', 1016264),
(1543, 'Sendai', 'JPN', 989975),
(1544, 'Chiba', 'JPN', 863930),
(1545, 'Sakai', 'JPN', 797735),
(1546, 'Kumamoto', 'JPN', 656734),
(1547, 'Okayama', 'JPN', 624269),
(1548, 'Sagamihara', 'JPN', 586300),
(1549, 'Hamamatsu', 'JPN', 568796),
(1550, 'Kagoshima', 'JPN', 549977),
(1551, 'Funabashi', 'JPN', 545299),
(1552, 'Higashiosaka', 'JPN', 517785),
(1553, 'Hachioji', 'JPN', 513451),
(1554, 'Niigata', 'JPN', 497464),
(1555, 'Amagasaki', 'JPN', 481434),
(1556, 'Himeji', 'JPN', 475167),
(1557, 'Shizuoka', 'JPN', 473854),
(1558, 'Urawa', 'JPN', 469675),
(1559, 'Matsuyama', 'JPN', 466133),
(1560, 'Matsudo', 'JPN', 461126),
(1561, 'Kanazawa', 'JPN', 455386),
(1562, 'Kawaguchi', 'JPN', 452155),
(1563, 'Ichikawa', 'JPN', 441893),
(1564, 'Omiya', 'JPN', 441649),
(1565, 'Utsunomiya', 'JPN', 440353),
(1566, 'Oita', 'JPN', 433401),
(1567, 'Nagasaki', 'JPN', 432759),
(1568, 'Yokosuka', 'JPN', 430200),
(1569, 'Kurashiki', 'JPN', 425103),
(1570, 'Gifu', 'JPN', 408007),
(1571, 'Hirakata', 'JPN', 403151),
(1572, 'Nishinomiya', 'JPN', 397618),
(1573, 'Toyonaka', 'JPN', 396689),
(1574, 'Wakayama', 'JPN', 391233),
(1575, 'Fukuyama', 'JPN', 376921),
(1576, 'Fujisawa', 'JPN', 372840),
(1577, 'Asahikawa', 'JPN', 364813),
(1578, 'Machida', 'JPN', 364197),
(1579, 'Nara', 'JPN', 362812),
(1580, 'Takatsuki', 'JPN', 361747),
(1581, 'Iwaki', 'JPN', 361737),
(1582, 'Nagano', 'JPN', 361391),
(1583, 'Toyohashi', 'JPN', 360066),
(1584, 'Toyota', 'JPN', 346090),
(1585, 'Suita', 'JPN', 345750),
(1586, 'Takamatsu', 'JPN', 332471),
(1587, 'Koriyama', 'JPN', 330335),
(1588, 'Okazaki', 'JPN', 328711),
(1589, 'Kawagoe', 'JPN', 327211),
(1590, 'Tokorozawa', 'JPN', 325809),
(1591, 'Toyama', 'JPN', 325790),
(1592, 'Kochi', 'JPN', 324710),
(1593, 'Kashiwa', 'JPN', 320296),
(1594, 'Akita', 'JPN', 314440),
(1595, 'Miyazaki', 'JPN', 303784),
(1596, 'Koshigaya', 'JPN', 301446),
(1597, 'Naha', 'JPN', 299851),
(1598, 'Aomori', 'JPN', 295969),
(1599, 'Hakodate', 'JPN', 294788),
(1600, 'Akashi', 'JPN', 292253),
(1601, 'Yokkaichi', 'JPN', 288173),
(1602, 'Fukushima', 'JPN', 287525),
(1603, 'Morioka', 'JPN', 287353),
(1604, 'Maebashi', 'JPN', 284473),
(1605, 'Kasugai', 'JPN', 282348),
(1606, 'Otsu', 'JPN', 282070),
(1607, 'Ichihara', 'JPN', 279280),
(1608, 'Yao', 'JPN', 276421),
(1609, 'Ichinomiya', 'JPN', 270828),
(1610, 'Tokushima', 'JPN', 269649),
(1611, 'Kakogawa', 'JPN', 266281),
(1612, 'Ibaraki', 'JPN', 261020),
(1613, 'Neyagawa', 'JPN', 257315),
(1614, 'Shimonoseki', 'JPN', 257263),
(1615, 'Yamagata', 'JPN', 255617),
(1616, 'Fukui', 'JPN', 254818),
(1617, 'Hiratsuka', 'JPN', 254207),
(1618, 'Mito', 'JPN', 246559),
(1619, 'Sasebo', 'JPN', 244240),
(1620, 'Hachinohe', 'JPN', 242979),
(1621, 'Takasaki', 'JPN', 239124),
(1622, 'Shimizu', 'JPN', 239123),
(1623, 'Kurume', 'JPN', 235611),
(1624, 'Fuji', 'JPN', 231527),
(1625, 'Soka', 'JPN', 222768),
(1626, 'Fuchu', 'JPN', 220576),
(1627, 'Chigasaki', 'JPN', 216015),
(1628, 'Atsugi', 'JPN', 212407),
(1629, 'Numazu', 'JPN', 211382),
(1630, 'Ageo', 'JPN', 209442),
(1631, 'Yamato', 'JPN', 208234),
(1632, 'Matsumoto', 'JPN', 206801),
(1633, 'Kure', 'JPN', 206504),
(1634, 'Takarazuka', 'JPN', 205993),
(1635, 'Kasukabe', 'JPN', 201838),
(1636, 'Chofu', 'JPN', 201585),
(1637, 'Odawara', 'JPN', 200171),
(1638, 'Kofu', 'JPN', 199753),
(1639, 'Kushiro', 'JPN', 197608),
(1640, 'Kishiwada', 'JPN', 197276),
(1641, 'Hitachi', 'JPN', 196622),
(1642, 'Nagaoka', 'JPN', 192407),
(1643, 'Itami', 'JPN', 190886),
(1644, 'Uji', 'JPN', 188735),
(1645, 'Suzuka', 'JPN', 184061),
(1646, 'Hirosaki', 'JPN', 177522),
(1647, 'Ube', 'JPN', 175206),
(1648, 'Kodaira', 'JPN', 174984),
(1649, 'Takaoka', 'JPN', 174380),
(1650, 'Obihiro', 'JPN', 173685),
(1651, 'Tomakomai', 'JPN', 171958),
(1652, 'Saga', 'JPN', 170034),
(1653, 'Sakura', 'JPN', 168072),
(1654, 'Kamakura', 'JPN', 167661),
(1655, 'Mitaka', 'JPN', 167268),
(1656, 'Izumi', 'JPN', 166979),
(1657, 'Hino', 'JPN', 166770),
(1658, 'Hadano', 'JPN', 166512),
(1659, 'Ashikaga', 'JPN', 165243),
(1660, 'Tsu', 'JPN', 164543),
(1661, 'Sayama', 'JPN', 162472),
(1662, 'Yachiyo', 'JPN', 161222),
(1663, 'Tsukuba', 'JPN', 160768),
(1664, 'Tachikawa', 'JPN', 159430),
(1665, 'Kumagaya', 'JPN', 157171),
(1666, 'Moriguchi', 'JPN', 155941),
(1667, 'Otaru', 'JPN', 155784),
(1668, 'Anjo', 'JPN', 153823),
(1669, 'Narashino', 'JPN', 152849),
(1670, 'Oyama', 'JPN', 152820),
(1671, 'Ogaki', 'JPN', 151758),
(1672, 'Matsue', 'JPN', 149821),
(1673, 'Kawanishi', 'JPN', 149794),
(1674, 'Hitachinaka', 'JPN', 148006),
(1675, 'Niiza', 'JPN', 147744),
(1676, 'Nagareyama', 'JPN', 147738),
(1677, 'Tottori', 'JPN', 147523),
(1678, 'Tama', 'JPN', 146712),
(1679, 'Iruma', 'JPN', 145922),
(1680, 'Ota', 'JPN', 145317),
(1681, 'Omuta', 'JPN', 142889),
(1682, 'Komaki', 'JPN', 139827),
(1683, 'Ome', 'JPN', 139216),
(1684, 'Kadoma', 'JPN', 138953),
(1685, 'Yamaguchi', 'JPN', 138210),
(1686, 'Higashimurayama', 'JPN', 136970),
(1687, 'Yonago', 'JPN', 136461),
(1688, 'Matsubara', 'JPN', 135010),
(1689, 'Musashino', 'JPN', 134426),
(1690, 'Tsuchiura', 'JPN', 134072),
(1691, 'Joetsu', 'JPN', 133505),
(1692, 'Miyakonojo', 'JPN', 133183),
(1693, 'Misato', 'JPN', 132957),
(1694, 'Kakamigahara', 'JPN', 131831),
(1695, 'Daito', 'JPN', 130594),
(1696, 'Seto', 'JPN', 130470),
(1697, 'Kariya', 'JPN', 127969),
(1698, 'Urayasu', 'JPN', 127550),
(1699, 'Beppu', 'JPN', 127486),
(1700, 'Niihama', 'JPN', 127207),
(1701, 'Minoo', 'JPN', 127026),
(1702, 'Fujieda', 'JPN', 126897),
(1703, 'Abiko', 'JPN', 126670),
(1704, 'Nobeoka', 'JPN', 125547),
(1705, 'Tondabayashi', 'JPN', 125094),
(1706, 'Ueda', 'JPN', 124217),
(1707, 'Kashihara', 'JPN', 124013),
(1708, 'Matsusaka', 'JPN', 123582),
(1709, 'Isesaki', 'JPN', 123285),
(1710, 'Zama', 'JPN', 122046),
(1711, 'Kisarazu', 'JPN', 121967),
(1712, 'Noda', 'JPN', 121030),
(1713, 'Ishinomaki', 'JPN', 120963),
(1714, 'Fujinomiya', 'JPN', 119714),
(1715, 'Kawachinagano', 'JPN', 119666),
(1716, 'Imabari', 'JPN', 119357),
(1717, 'Aizuwakamatsu', 'JPN', 119287),
(1718, 'Higashihiroshima', 'JPN', 119166),
(1719, 'Habikino', 'JPN', 118968),
(1720, 'Ebetsu', 'JPN', 118805),
(1721, 'Hofu', 'JPN', 118751),
(1722, 'Kiryu', 'JPN', 118326),
(1723, 'Okinawa', 'JPN', 117748),
(1724, 'Yaizu', 'JPN', 117258),
(1725, 'Toyokawa', 'JPN', 115781),
(1726, 'Ebina', 'JPN', 115571),
(1727, 'Asaka', 'JPN', 114815),
(1728, 'Higashikurume', 'JPN', 111666),
(1729, 'Ikoma', 'JPN', 111645),
(1730, 'Kitami', 'JPN', 111295),
(1731, 'Koganei', 'JPN', 110969),
(1732, 'Iwatsuki', 'JPN', 110034),
(1733, 'Mishima', 'JPN', 109699),
(1734, 'Handa', 'JPN', 108600),
(1735, 'Muroran', 'JPN', 108275),
(1736, 'Komatsu', 'JPN', 107937),
(1737, 'Yatsushiro', 'JPN', 107661),
(1738, 'Iida', 'JPN', 107583),
(1739, 'Tokuyama', 'JPN', 107078),
(1740, 'Kokubunji', 'JPN', 106996),
(1741, 'Akishima', 'JPN', 106914),
(1742, 'Iwakuni', 'JPN', 106647),
(1743, 'Kusatsu', 'JPN', 106232),
(1744, 'Kuwana', 'JPN', 106121),
(1745, 'Sanda', 'JPN', 105643),
(1746, 'Hikone', 'JPN', 105508),
(1747, 'Toda', 'JPN', 103969),
(1748, 'Tajimi', 'JPN', 103171),
(1749, 'Ikeda', 'JPN', 102710),
(1750, 'Fukaya', 'JPN', 102156),
(1751, 'Ise', 'JPN', 101732),
(1752, 'Sakata', 'JPN', 101651),
(1753, 'Kasuga', 'JPN', 101344),
(1754, 'Kamagaya', 'JPN', 100821),
(1755, 'Tsuruoka', 'JPN', 100713),
(1756, 'Hoya', 'JPN', 100313),
(1757, 'Nishio', 'JPN', 100032),
(1758, 'Tokai', 'JPN', 99738),
(1759, 'Inazawa', 'JPN', 98746),
(1760, 'Sakado', 'JPN', 98221),
(1761, 'Isehara', 'JPN', 98123),
(1762, 'Takasago', 'JPN', 97632),
(1763, 'Fujimi', 'JPN', 96972),
(1764, 'Urasoe', 'JPN', 96002),
(1765, 'Yonezawa', 'JPN', 95592),
(1766, 'Konan', 'JPN', 95521),
(1767, 'Yamatokoriyama', 'JPN', 95165),
(1768, 'Maizuru', 'JPN', 94784),
(1769, 'Onomichi', 'JPN', 93756),
(1770, 'Higashimatsuyama', 'JPN', 93342),
(1771, 'Kimitsu', 'JPN', 93216),
(1772, 'Isahaya', 'JPN', 93058),
(1773, 'Kanuma', 'JPN', 93053),
(1774, 'Izumisano', 'JPN', 92583),
(1775, 'Kameoka', 'JPN', 92398),
(1776, 'Mobara', 'JPN', 91664),
(1777, 'Narita', 'JPN', 91470),
(1778, 'Kashiwazaki', 'JPN', 91229),
(1779, 'Tsuyama', 'JPN', 91170),
(1780, 'Sanaa', 'YEM', 503600),
(1781, 'Aden', 'YEM', 398300),
(1782, 'Taizz', 'YEM', 317600),
(1783, 'Hodeida', 'YEM', 298500),
(1784, 'al-Mukalla', 'YEM', 122400),
(1785, 'Ibb', 'YEM', 103300),
(1786, 'Amman', 'JOR', 1000000),
(1787, 'al-Zarqa', 'JOR', 389815),
(1788, 'Irbid', 'JOR', 231511),
(1789, 'al-Rusayfa', 'JOR', 137247),
(1790, 'Wadi al-Sir', 'JOR', 89104),
(1791, 'Flying Fish Cove', 'CXR', 700),
(1792, 'Beograd', 'YUG', 1204000),
(1793, 'Novi Sad', 'YUG', 179626),
(1794, 'Niš', 'YUG', 175391),
(1795, 'Priština', 'YUG', 155496),
(1796, 'Kragujevac', 'YUG', 147305),
(1797, 'Podgorica', 'YUG', 135000),
(1798, 'Subotica', 'YUG', 100386),
(1799, 'Prizren', 'YUG', 92303),
(1800, 'Phnom Penh', 'KHM', 570155),
(1801, 'Battambang', 'KHM', 129800),
(1802, 'Siem Reap', 'KHM', 105100),
(1803, 'Douala', 'CMR', 1448300),
(1804, 'Yaoundé', 'CMR', 1372800),
(1805, 'Garoua', 'CMR', 177000),
(1806, 'Maroua', 'CMR', 143000),
(1807, 'Bamenda', 'CMR', 138000),
(1808, 'Bafoussam', 'CMR', 131000),
(1809, 'Nkongsamba', 'CMR', 112454),
(1810, 'Montréal', 'CAN', 1016376),
(1811, 'Calgary', 'CAN', 768082),
(1812, 'Toronto', 'CAN', 688275),
(1813, 'North York', 'CAN', 622632),
(1814, 'Winnipeg', 'CAN', 618477),
(1815, 'Edmonton', 'CAN', 616306),
(1816, 'Mississauga', 'CAN', 608072),
(1817, 'Scarborough', 'CAN', 594501),
(1818, 'Vancouver', 'CAN', 514008),
(1819, 'Etobicoke', 'CAN', 348845),
(1820, 'London', 'CAN', 339917),
(1821, 'Hamilton', 'CAN', 335614),
(1822, 'Ottawa', 'CAN', 335277),
(1823, 'Laval', 'CAN', 330393),
(1824, 'Surrey', 'CAN', 304477),
(1825, 'Brampton', 'CAN', 296711),
(1826, 'Windsor', 'CAN', 207588),
(1827, 'Saskatoon', 'CAN', 193647),
(1828, 'Kitchener', 'CAN', 189959),
(1829, 'Markham', 'CAN', 189098),
(1830, 'Regina', 'CAN', 180400),
(1831, 'Burnaby', 'CAN', 179209),
(1832, 'Québec', 'CAN', 167264),
(1833, 'York', 'CAN', 154980),
(1834, 'Richmond', 'CAN', 148867),
(1835, 'Vaughan', 'CAN', 147889),
(1836, 'Burlington', 'CAN', 145150),
(1837, 'Oshawa', 'CAN', 140173),
(1838, 'Oakville', 'CAN', 139192),
(1839, 'Saint Catharines', 'CAN', 136216),
(1840, 'Longueuil', 'CAN', 127977),
(1841, 'Richmond Hill', 'CAN', 116428),
(1842, 'Thunder Bay', 'CAN', 115913),
(1843, 'Nepean', 'CAN', 115100),
(1844, 'Cape Breton', 'CAN', 114733),
(1845, 'East York', 'CAN', 114034),
(1846, 'Halifax', 'CAN', 113910),
(1847, 'Cambridge', 'CAN', 109186),
(1848, 'Gloucester', 'CAN', 107314),
(1849, 'Abbotsford', 'CAN', 105403),
(1850, 'Guelph', 'CAN', 103593),
(1851, 'Saint John´s', 'CAN', 101936),
(1852, 'Coquitlam', 'CAN', 101820),
(1853, 'Saanich', 'CAN', 101388),
(1854, 'Gatineau', 'CAN', 100702),
(1855, 'Delta', 'CAN', 95411),
(1856, 'Sudbury', 'CAN', 92686),
(1857, 'Kelowna', 'CAN', 89442),
(1858, 'Barrie', 'CAN', 89269),
(1859, 'Praia', 'CPV', 94800),
(1860, 'Almaty', 'KAZ', 1129400),
(1861, 'Qaraghandy', 'KAZ', 436900),
(1862, 'Shymkent', 'KAZ', 360100),
(1863, 'Taraz', 'KAZ', 330100),
(1864, 'Astana', 'KAZ', 311200),
(1865, 'Öskemen', 'KAZ', 311000),
(1866, 'Pavlodar', 'KAZ', 300500),
(1867, 'Semey', 'KAZ', 269600),
(1868, 'Aqtöbe', 'KAZ', 253100),
(1869, 'Qostanay', 'KAZ', 221400),
(1870, 'Petropavl', 'KAZ', 203500),
(1871, 'Oral', 'KAZ', 195500),
(1872, 'Temirtau', 'KAZ', 170500),
(1873, 'Qyzylorda', 'KAZ', 157400),
(1874, 'Aqtau', 'KAZ', 143400),
(1875, 'Atyrau', 'KAZ', 142500),
(1876, 'Ekibastuz', 'KAZ', 127200),
(1877, 'Kökshetau', 'KAZ', 123400),
(1878, 'Rudnyy', 'KAZ', 109500),
(1879, 'Taldyqorghan', 'KAZ', 98000),
(1880, 'Zhezqazghan', 'KAZ', 90000),
(1881, 'Nairobi', 'KEN', 2290000),
(1882, 'Mombasa', 'KEN', 461753),
(1883, 'Kisumu', 'KEN', 192733),
(1884, 'Nakuru', 'KEN', 163927),
(1885, 'Machakos', 'KEN', 116293),
(1886, 'Eldoret', 'KEN', 111882),
(1887, 'Meru', 'KEN', 94947),
(1888, 'Nyeri', 'KEN', 91258),
(1889, 'Bangui', 'CAF', 524000),
(1890, 'Shanghai', 'CHN', 9696300),
(1891, 'Peking', 'CHN', 7472000),
(1892, 'Chongqing', 'CHN', 6351600),
(1893, 'Tianjin', 'CHN', 5286800),
(1894, 'Wuhan', 'CHN', 4344600),
(1895, 'Harbin', 'CHN', 4289800),
(1896, 'Shenyang', 'CHN', 4265200),
(1897, 'Kanton [Guangzhou]', 'CHN', 4256300),
(1898, 'Chengdu', 'CHN', 3361500),
(1899, 'Nanking [Nanjing]', 'CHN', 2870300),
(1900, 'Changchun', 'CHN', 2812000),
(1901, 'Xi´an', 'CHN', 2761400),
(1902, 'Dalian', 'CHN', 2697000),
(1903, 'Qingdao', 'CHN', 2596000),
(1904, 'Jinan', 'CHN', 2278100),
(1905, 'Hangzhou', 'CHN', 2190500),
(1906, 'Zhengzhou', 'CHN', 2107200),
(1907, 'Shijiazhuang', 'CHN', 2041500),
(1908, 'Taiyuan', 'CHN', 1968400),
(1909, 'Kunming', 'CHN', 1829500),
(1910, 'Changsha', 'CHN', 1809800),
(1911, 'Nanchang', 'CHN', 1691600),
(1912, 'Fuzhou', 'CHN', 1593800),
(1913, 'Lanzhou', 'CHN', 1565800),
(1914, 'Guiyang', 'CHN', 1465200),
(1915, 'Ningbo', 'CHN', 1371200),
(1916, 'Hefei', 'CHN', 1369100),
(1917, 'Urumtši [Ürümqi]', 'CHN', 1310100),
(1918, 'Anshan', 'CHN', 1200000),
(1919, 'Fushun', 'CHN', 1200000),
(1920, 'Nanning', 'CHN', 1161800),
(1921, 'Zibo', 'CHN', 1140000),
(1922, 'Qiqihar', 'CHN', 1070000),
(1923, 'Jilin', 'CHN', 1040000),
(1924, 'Tangshan', 'CHN', 1040000),
(1925, 'Baotou', 'CHN', 980000),
(1926, 'Shenzhen', 'CHN', 950500),
(1927, 'Hohhot', 'CHN', 916700),
(1928, 'Handan', 'CHN', 840000),
(1929, 'Wuxi', 'CHN', 830000),
(1930, 'Xuzhou', 'CHN', 810000),
(1931, 'Datong', 'CHN', 800000),
(1932, 'Yichun', 'CHN', 800000),
(1933, 'Benxi', 'CHN', 770000),
(1934, 'Luoyang', 'CHN', 760000),
(1935, 'Suzhou', 'CHN', 710000),
(1936, 'Xining', 'CHN', 700200),
(1937, 'Huainan', 'CHN', 700000),
(1938, 'Jixi', 'CHN', 683885),
(1939, 'Daqing', 'CHN', 660000),
(1940, 'Fuxin', 'CHN', 640000),
(1941, 'Amoy [Xiamen]', 'CHN', 627500),
(1942, 'Liuzhou', 'CHN', 610000),
(1943, 'Shantou', 'CHN', 580000),
(1944, 'Jinzhou', 'CHN', 570000),
(1945, 'Mudanjiang', 'CHN', 570000),
(1946, 'Yinchuan', 'CHN', 544500),
(1947, 'Changzhou', 'CHN', 530000),
(1948, 'Zhangjiakou', 'CHN', 530000),
(1949, 'Dandong', 'CHN', 520000),
(1950, 'Hegang', 'CHN', 520000),
(1951, 'Kaifeng', 'CHN', 510000),
(1952, 'Jiamusi', 'CHN', 493409),
(1953, 'Liaoyang', 'CHN', 492559),
(1954, 'Hengyang', 'CHN', 487148),
(1955, 'Baoding', 'CHN', 483155),
(1956, 'Hunjiang', 'CHN', 482043),
(1957, 'Xinxiang', 'CHN', 473762),
(1958, 'Huangshi', 'CHN', 457601),
(1959, 'Haikou', 'CHN', 454300),
(1960, 'Yantai', 'CHN', 452127),
(1961, 'Bengbu', 'CHN', 449245),
(1962, 'Xiangtan', 'CHN', 441968),
(1963, 'Weifang', 'CHN', 428522),
(1964, 'Wuhu', 'CHN', 425740),
(1965, 'Pingxiang', 'CHN', 425579),
(1966, 'Yingkou', 'CHN', 421589),
(1967, 'Anyang', 'CHN', 420332),
(1968, 'Panzhihua', 'CHN', 415466),
(1969, 'Pingdingshan', 'CHN', 410775),
(1970, 'Xiangfan', 'CHN', 410407),
(1971, 'Zhuzhou', 'CHN', 409924),
(1972, 'Jiaozuo', 'CHN', 409100),
(1973, 'Wenzhou', 'CHN', 401871),
(1974, 'Zhangjiang', 'CHN', 400997),
(1975, 'Zigong', 'CHN', 393184),
(1976, 'Shuangyashan', 'CHN', 386081),
(1977, 'Zaozhuang', 'CHN', 380846),
(1978, 'Yakeshi', 'CHN', 377869),
(1979, 'Yichang', 'CHN', 371601),
(1980, 'Zhenjiang', 'CHN', 368316),
(1981, 'Huaibei', 'CHN', 366549),
(1982, 'Qinhuangdao', 'CHN', 364972),
(1983, 'Guilin', 'CHN', 364130),
(1984, 'Liupanshui', 'CHN', 363954),
(1985, 'Panjin', 'CHN', 362773),
(1986, 'Yangquan', 'CHN', 362268),
(1987, 'Jinxi', 'CHN', 357052),
(1988, 'Liaoyuan', 'CHN', 354141),
(1989, 'Lianyungang', 'CHN', 354139),
(1990, 'Xianyang', 'CHN', 352125),
(1991, 'Tai´an', 'CHN', 350696),
(1992, 'Chifeng', 'CHN', 350077),
(1993, 'Shaoguan', 'CHN', 350043),
(1994, 'Nantong', 'CHN', 343341),
(1995, 'Leshan', 'CHN', 341128),
(1996, 'Baoji', 'CHN', 337765),
(1997, 'Linyi', 'CHN', 324720),
(1998, 'Tonghua', 'CHN', 324600),
(1999, 'Siping', 'CHN', 317223),
(2000, 'Changzhi', 'CHN', 317144),
(2001, 'Tengzhou', 'CHN', 315083),
(2002, 'Chaozhou', 'CHN', 313469),
(2003, 'Yangzhou', 'CHN', 312892),
(2004, 'Dongwan', 'CHN', 308669),
(2005, 'Ma´anshan', 'CHN', 305421),
(2006, 'Foshan', 'CHN', 303160),
(2007, 'Yueyang', 'CHN', 302800),
(2008, 'Xingtai', 'CHN', 302789),
(2009, 'Changde', 'CHN', 301276),
(2010, 'Shihezi', 'CHN', 299676),
(2011, 'Yancheng', 'CHN', 296831),
(2012, 'Jiujiang', 'CHN', 291187),
(2013, 'Dongying', 'CHN', 281728),
(2014, 'Shashi', 'CHN', 281352),
(2015, 'Xintai', 'CHN', 281248),
(2016, 'Jingdezhen', 'CHN', 281183),
(2017, 'Tongchuan', 'CHN', 280657),
(2018, 'Zhongshan', 'CHN', 278829),
(2019, 'Shiyan', 'CHN', 273786),
(2020, 'Tieli', 'CHN', 265683),
(2021, 'Jining', 'CHN', 265248),
(2022, 'Wuhai', 'CHN', 264081),
(2023, 'Mianyang', 'CHN', 262947),
(2024, 'Luzhou', 'CHN', 262892),
(2025, 'Zunyi', 'CHN', 261862),
(2026, 'Shizuishan', 'CHN', 257862),
(2027, 'Neijiang', 'CHN', 256012),
(2028, 'Tongliao', 'CHN', 255129),
(2029, 'Tieling', 'CHN', 254842),
(2030, 'Wafangdian', 'CHN', 251733),
(2031, 'Anqing', 'CHN', 250718),
(2032, 'Shaoyang', 'CHN', 247227),
(2033, 'Laiwu', 'CHN', 246833),
(2034, 'Chengde', 'CHN', 246799),
(2035, 'Tianshui', 'CHN', 244974),
(2036, 'Nanyang', 'CHN', 243303),
(2037, 'Cangzhou', 'CHN', 242708),
(2038, 'Yibin', 'CHN', 241019),
(2039, 'Huaiyin', 'CHN', 239675),
(2040, 'Dunhua', 'CHN', 235100),
(2041, 'Yanji', 'CHN', 230892),
(2042, 'Jiangmen', 'CHN', 230587),
(2043, 'Tongling', 'CHN', 228017),
(2044, 'Suihua', 'CHN', 227881),
(2045, 'Gongziling', 'CHN', 226569),
(2046, 'Xiantao', 'CHN', 222884),
(2047, 'Chaoyang', 'CHN', 222394),
(2048, 'Ganzhou', 'CHN', 220129),
(2049, 'Huzhou', 'CHN', 218071),
(2050, 'Baicheng', 'CHN', 217987),
(2051, 'Shangzi', 'CHN', 215373),
(2052, 'Yangjiang', 'CHN', 215196),
(2053, 'Qitaihe', 'CHN', 214957),
(2054, 'Gejiu', 'CHN', 214294),
(2055, 'Jiangyin', 'CHN', 213659),
(2056, 'Hebi', 'CHN', 212976),
(2057, 'Jiaxing', 'CHN', 211526),
(2058, 'Wuzhou', 'CHN', 210452),
(2059, 'Meihekou', 'CHN', 209038),
(2060, 'Xuchang', 'CHN', 208815),
(2061, 'Liaocheng', 'CHN', 207844),
(2062, 'Haicheng', 'CHN', 205560),
(2063, 'Qianjiang', 'CHN', 205504),
(2064, 'Baiyin', 'CHN', 204970),
(2065, 'Bei´an', 'CHN', 204899),
(2066, 'Yixing', 'CHN', 200824),
(2067, 'Laizhou', 'CHN', 198664),
(2068, 'Qaramay', 'CHN', 197602),
(2069, 'Acheng', 'CHN', 197595),
(2070, 'Dezhou', 'CHN', 195485),
(2071, 'Nanping', 'CHN', 195064),
(2072, 'Zhaoqing', 'CHN', 194784),
(2073, 'Beipiao', 'CHN', 194301),
(2074, 'Fengcheng', 'CHN', 193784),
(2075, 'Fuyu', 'CHN', 192981),
(2076, 'Xinyang', 'CHN', 192509),
(2077, 'Dongtai', 'CHN', 192247),
(2078, 'Yuci', 'CHN', 191356),
(2079, 'Honghu', 'CHN', 190772),
(2080, 'Ezhou', 'CHN', 190123),
(2081, 'Heze', 'CHN', 189293),
(2082, 'Daxian', 'CHN', 188101),
(2083, 'Linfen', 'CHN', 187309),
(2084, 'Tianmen', 'CHN', 186332),
(2085, 'Yiyang', 'CHN', 185818),
(2086, 'Quanzhou', 'CHN', 185154),
(2087, 'Rizhao', 'CHN', 185048),
(2088, 'Deyang', 'CHN', 182488),
(2089, 'Guangyuan', 'CHN', 182241),
(2090, 'Changshu', 'CHN', 181805),
(2091, 'Zhangzhou', 'CHN', 181424),
(2092, 'Hailar', 'CHN', 180650),
(2093, 'Nanchong', 'CHN', 180273),
(2094, 'Jiutai', 'CHN', 180130),
(2095, 'Zhaodong', 'CHN', 179976),
(2096, 'Shaoxing', 'CHN', 179818),
(2097, 'Fuyang', 'CHN', 179572),
(2098, 'Maoming', 'CHN', 178683),
(2099, 'Qujing', 'CHN', 178669),
(2100, 'Ghulja', 'CHN', 177193),
(2101, 'Jiaohe', 'CHN', 176367),
(2102, 'Puyang', 'CHN', 175988),
(2103, 'Huadian', 'CHN', 175873),
(2104, 'Jiangyou', 'CHN', 175753),
(2105, 'Qashqar', 'CHN', 174570),
(2106, 'Anshun', 'CHN', 174142),
(2107, 'Fuling', 'CHN', 173878),
(2108, 'Xinyu', 'CHN', 173524),
(2109, 'Hanzhong', 'CHN', 169930),
(2110, 'Danyang', 'CHN', 169603),
(2111, 'Chenzhou', 'CHN', 169400),
(2112, 'Xiaogan', 'CHN', 166280),
(2113, 'Shangqiu', 'CHN', 164880),
(2114, 'Zhuhai', 'CHN', 164747),
(2115, 'Qingyuan', 'CHN', 164641),
(2116, 'Aqsu', 'CHN', 164092),
(2117, 'Jining', 'CHN', 163552),
(2118, 'Xiaoshan', 'CHN', 162930),
(2119, 'Zaoyang', 'CHN', 162198),
(2120, 'Xinghua', 'CHN', 161910),
(2121, 'Hami', 'CHN', 161315),
(2122, 'Huizhou', 'CHN', 161023),
(2123, 'Jinmen', 'CHN', 160794),
(2124, 'Sanming', 'CHN', 160691),
(2125, 'Ulanhot', 'CHN', 159538),
(2126, 'Korla', 'CHN', 159344),
(2127, 'Wanxian', 'CHN', 156823),
(2128, 'Rui´an', 'CHN', 156468),
(2129, 'Zhoushan', 'CHN', 156317),
(2130, 'Liangcheng', 'CHN', 156307),
(2131, 'Jiaozhou', 'CHN', 153364),
(2132, 'Taizhou', 'CHN', 152442),
(2133, 'Suzhou', 'CHN', 151862),
(2134, 'Yichun', 'CHN', 151585),
(2135, 'Taonan', 'CHN', 150168),
(2136, 'Pingdu', 'CHN', 150123),
(2137, 'Ji´an', 'CHN', 148583),
(2138, 'Longkou', 'CHN', 148362),
(2139, 'Langfang', 'CHN', 148105),
(2140, 'Zhoukou', 'CHN', 146288),
(2141, 'Suining', 'CHN', 146086),
(2142, 'Yulin', 'CHN', 144467),
(2143, 'Jinhua', 'CHN', 144280),
(2144, 'Liu´an', 'CHN', 144248),
(2145, 'Shuangcheng', 'CHN', 142659),
(2146, 'Suizhou', 'CHN', 142302),
(2147, 'Ankang', 'CHN', 142170),
(2148, 'Weinan', 'CHN', 140169),
(2149, 'Longjing', 'CHN', 139417),
(2150, 'Da´an', 'CHN', 138963),
(2151, 'Lengshuijiang', 'CHN', 137994),
(2152, 'Laiyang', 'CHN', 137080),
(2153, 'Xianning', 'CHN', 136811),
(2154, 'Dali', 'CHN', 136554),
(2155, 'Anda', 'CHN', 136446),
(2156, 'Jincheng', 'CHN', 136396),
(2157, 'Longyan', 'CHN', 134481),
(2158, 'Xichang', 'CHN', 134419),
(2159, 'Wendeng', 'CHN', 133910),
(2160, 'Hailun', 'CHN', 133565),
(2161, 'Binzhou', 'CHN', 133555),
(2162, 'Linhe', 'CHN', 133183),
(2163, 'Wuwei', 'CHN', 133101),
(2164, 'Duyun', 'CHN', 132971),
(2165, 'Mishan', 'CHN', 132744),
(2166, 'Shangrao', 'CHN', 132455),
(2167, 'Changji', 'CHN', 132260),
(2168, 'Meixian', 'CHN', 132156),
(2169, 'Yushu', 'CHN', 131861),
(2170, 'Tiefa', 'CHN', 131807),
(2171, 'Huai´an', 'CHN', 131149),
(2172, 'Leiyang', 'CHN', 130115),
(2173, 'Zalantun', 'CHN', 130031),
(2174, 'Weihai', 'CHN', 128888),
(2175, 'Loudi', 'CHN', 128418),
(2176, 'Qingzhou', 'CHN', 128258),
(2177, 'Qidong', 'CHN', 126872),
(2178, 'Huaihua', 'CHN', 126785),
(2179, 'Luohe', 'CHN', 126438),
(2180, 'Chuzhou', 'CHN', 125341),
(2181, 'Kaiyuan', 'CHN', 124219),
(2182, 'Linqing', 'CHN', 123958),
(2183, 'Chaohu', 'CHN', 123676),
(2184, 'Laohekou', 'CHN', 123366),
(2185, 'Dujiangyan', 'CHN', 123357),
(2186, 'Zhumadian', 'CHN', 123232),
(2187, 'Linchuan', 'CHN', 121949),
(2188, 'Jiaonan', 'CHN', 121397),
(2189, 'Sanmenxia', 'CHN', 120523),
(2190, 'Heyuan', 'CHN', 120101),
(2191, 'Manzhouli', 'CHN', 120023),
(2192, 'Lhasa', 'CHN', 120000),
(2193, 'Lianyuan', 'CHN', 118858),
(2194, 'Kuytun', 'CHN', 118553),
(2195, 'Puqi', 'CHN', 117264),
(2196, 'Hongjiang', 'CHN', 116188),
(2197, 'Qinzhou', 'CHN', 114586),
(2198, 'Renqiu', 'CHN', 114256),
(2199, 'Yuyao', 'CHN', 114065),
(2200, 'Guigang', 'CHN', 114025),
(2201, 'Kaili', 'CHN', 113958),
(2202, 'Yan´an', 'CHN', 113277),
(2203, 'Beihai', 'CHN', 112673),
(2204, 'Xuangzhou', 'CHN', 112673),
(2205, 'Quzhou', 'CHN', 112373),
(2206, 'Yong´an', 'CHN', 111762),
(2207, 'Zixing', 'CHN', 110048),
(2208, 'Liyang', 'CHN', 109520),
(2209, 'Yizheng', 'CHN', 109268),
(2210, 'Yumen', 'CHN', 109234),
(2211, 'Liling', 'CHN', 108504),
(2212, 'Yuncheng', 'CHN', 108359),
(2213, 'Shanwei', 'CHN', 107847),
(2214, 'Cixi', 'CHN', 107329),
(2215, 'Yuanjiang', 'CHN', 107004),
(2216, 'Bozhou', 'CHN', 106346),
(2217, 'Jinchang', 'CHN', 105287),
(2218, 'Fu´an', 'CHN', 105265),
(2219, 'Suqian', 'CHN', 105021),
(2220, 'Shishou', 'CHN', 104571),
(2221, 'Hengshui', 'CHN', 104269),
(2222, 'Danjiangkou', 'CHN', 103211),
(2223, 'Fujin', 'CHN', 103104),
(2224, 'Sanya', 'CHN', 102820),
(2225, 'Guangshui', 'CHN', 102770),
(2226, 'Huangshan', 'CHN', 102628),
(2227, 'Xingcheng', 'CHN', 102384),
(2228, 'Zhucheng', 'CHN', 102134),
(2229, 'Kunshan', 'CHN', 102052),
(2230, 'Haining', 'CHN', 100478),
(2231, 'Pingliang', 'CHN', 99265),
(2232, 'Fuqing', 'CHN', 99193),
(2233, 'Xinzhou', 'CHN', 98667),
(2234, 'Jieyang', 'CHN', 98531),
(2235, 'Zhangjiagang', 'CHN', 97994),
(2236, 'Tong Xian', 'CHN', 97168),
(2237, 'Ya´an', 'CHN', 95900),
(2238, 'Jinzhou', 'CHN', 95761),
(2239, 'Emeishan', 'CHN', 94000),
(2240, 'Enshi', 'CHN', 93056),
(2241, 'Bose', 'CHN', 93009),
(2242, 'Yuzhou', 'CHN', 92889),
(2243, 'Kaiyuan', 'CHN', 91999),
(2244, 'Tumen', 'CHN', 91471),
(2245, 'Putian', 'CHN', 91030),
(2246, 'Linhai', 'CHN', 90870),
(2247, 'Xilin Hot', 'CHN', 90646),
(2248, 'Shaowu', 'CHN', 90286),
(2249, 'Junan', 'CHN', 90222),
(2250, 'Huaying', 'CHN', 89400),
(2251, 'Pingyi', 'CHN', 89373),
(2252, 'Huangyan', 'CHN', 89288),
(2253, 'Bishkek', 'KGZ', 589400),
(2254, 'Osh', 'KGZ', 222700),
(2255, 'Bikenibeu', 'KIR', 5055),
(2256, 'Bairiki', 'KIR', 2226),
(2257, 'Santafé de Bogotá', 'COL', 6260862),
(2258, 'Cali', 'COL', 2077386),
(2259, 'Medellín', 'COL', 1861265),
(2260, 'Barranquilla', 'COL', 1223260),
(2261, 'Cartagena', 'COL', 805757),
(2262, 'Cúcuta', 'COL', 606932),
(2263, 'Bucaramanga', 'COL', 515555),
(2264, 'Ibagué', 'COL', 393664),
(2265, 'Pereira', 'COL', 381725),
(2266, 'Santa Marta', 'COL', 359147),
(2267, 'Manizales', 'COL', 337580),
(2268, 'Bello', 'COL', 333470),
(2269, 'Pasto', 'COL', 332396),
(2270, 'Neiva', 'COL', 300052),
(2271, 'Soledad', 'COL', 295058),
(2272, 'Armenia', 'COL', 288977),
(2273, 'Villavicencio', 'COL', 273140),
(2274, 'Soacha', 'COL', 272058),
(2275, 'Valledupar', 'COL', 263247),
(2276, 'Montería', 'COL', 248245),
(2277, 'Itagüí', 'COL', 228985),
(2278, 'Palmira', 'COL', 226509),
(2279, 'Buenaventura', 'COL', 224336),
(2280, 'Floridablanca', 'COL', 221913),
(2281, 'Sincelejo', 'COL', 220704),
(2282, 'Popayán', 'COL', 200719),
(2283, 'Barrancabermeja', 'COL', 178020),
(2284, 'Dos Quebradas', 'COL', 159363),
(2285, 'Tuluá', 'COL', 152488),
(2286, 'Envigado', 'COL', 135848),
(2287, 'Cartago', 'COL', 125884),
(2288, 'Girardot', 'COL', 110963),
(2289, 'Buga', 'COL', 110699),
(2290, 'Tunja', 'COL', 109740),
(2291, 'Florencia', 'COL', 108574),
(2292, 'Maicao', 'COL', 108053),
(2293, 'Sogamoso', 'COL', 107728),
(2294, 'Giron', 'COL', 90688),
(2295, 'Moroni', 'COM', 36000),
(2296, 'Brazzaville', 'COG', 950000),
(2297, 'Pointe-Noire', 'COG', 500000),
(2298, 'Kinshasa', 'COD', 5064000),
(2299, 'Lubumbashi', 'COD', 851381),
(2300, 'Mbuji-Mayi', 'COD', 806475),
(2301, 'Kolwezi', 'COD', 417810),
(2302, 'Kisangani', 'COD', 417517),
(2303, 'Kananga', 'COD', 393030),
(2304, 'Likasi', 'COD', 299118),
(2305, 'Bukavu', 'COD', 201569),
(2306, 'Kikwit', 'COD', 182142),
(2307, 'Tshikapa', 'COD', 180860),
(2308, 'Matadi', 'COD', 172730),
(2309, 'Mbandaka', 'COD', 169841),
(2310, 'Mwene-Ditu', 'COD', 137459),
(2311, 'Boma', 'COD', 135284),
(2312, 'Uvira', 'COD', 115590),
(2313, 'Butembo', 'COD', 109406),
(2314, 'Goma', 'COD', 109094),
(2315, 'Kalemie', 'COD', 101309),
(2316, 'Bantam', 'CCK', 503),
(2317, 'West Island', 'CCK', 167),
(2318, 'Pyongyang', 'PRK', 2484000),
(2319, 'Hamhung', 'PRK', 709730),
(2320, 'Chongjin', 'PRK', 582480),
(2321, 'Nampo', 'PRK', 566200),
(2322, 'Sinuiju', 'PRK', 326011),
(2323, 'Wonsan', 'PRK', 300148),
(2324, 'Phyongsong', 'PRK', 272934),
(2325, 'Sariwon', 'PRK', 254146),
(2326, 'Haeju', 'PRK', 229172),
(2327, 'Kanggye', 'PRK', 223410),
(2328, 'Kimchaek', 'PRK', 179000),
(2329, 'Hyesan', 'PRK', 178020),
(2330, 'Kaesong', 'PRK', 171500),
(2331, 'Seoul', 'KOR', 9981619),
(2332, 'Pusan', 'KOR', 3804522),
(2333, 'Inchon', 'KOR', 2559424),
(2334, 'Taegu', 'KOR', 2548568),
(2335, 'Taejon', 'KOR', 1425835),
(2336, 'Kwangju', 'KOR', 1368341),
(2337, 'Ulsan', 'KOR', 1084891),
(2338, 'Songnam', 'KOR', 869094),
(2339, 'Puchon', 'KOR', 779412),
(2340, 'Suwon', 'KOR', 755550),
(2341, 'Anyang', 'KOR', 591106),
(2342, 'Chonju', 'KOR', 563153),
(2343, 'Chongju', 'KOR', 531376),
(2344, 'Koyang', 'KOR', 518282),
(2345, 'Ansan', 'KOR', 510314),
(2346, 'Pohang', 'KOR', 508899),
(2347, 'Chang-won', 'KOR', 481694),
(2348, 'Masan', 'KOR', 441242),
(2349, 'Kwangmyong', 'KOR', 350914),
(2350, 'Chonan', 'KOR', 330259),
(2351, 'Chinju', 'KOR', 329886),
(2352, 'Iksan', 'KOR', 322685),
(2353, 'Pyongtaek', 'KOR', 312927),
(2354, 'Kumi', 'KOR', 311431),
(2355, 'Uijongbu', 'KOR', 276111),
(2356, 'Kyongju', 'KOR', 272968),
(2357, 'Kunsan', 'KOR', 266569),
(2358, 'Cheju', 'KOR', 258511),
(2359, 'Kimhae', 'KOR', 256370),
(2360, 'Sunchon', 'KOR', 249263),
(2361, 'Mokpo', 'KOR', 247452),
(2362, 'Yong-in', 'KOR', 242643),
(2363, 'Wonju', 'KOR', 237460),
(2364, 'Kunpo', 'KOR', 235233),
(2365, 'Chunchon', 'KOR', 234528),
(2366, 'Namyangju', 'KOR', 229060),
(2367, 'Kangnung', 'KOR', 220403),
(2368, 'Chungju', 'KOR', 205206),
(2369, 'Andong', 'KOR', 188443),
(2370, 'Yosu', 'KOR', 183596),
(2371, 'Kyongsan', 'KOR', 173746),
(2372, 'Paju', 'KOR', 163379),
(2373, 'Yangsan', 'KOR', 163351),
(2374, 'Ichon', 'KOR', 155332),
(2375, 'Asan', 'KOR', 154663),
(2376, 'Koje', 'KOR', 147562),
(2377, 'Kimchon', 'KOR', 147027),
(2378, 'Nonsan', 'KOR', 146619),
(2379, 'Kuri', 'KOR', 142173),
(2380, 'Chong-up', 'KOR', 139111),
(2381, 'Chechon', 'KOR', 137070),
(2382, 'Sosan', 'KOR', 134746),
(2383, 'Shihung', 'KOR', 133443),
(2384, 'Tong-yong', 'KOR', 131717),
(2385, 'Kongju', 'KOR', 131229),
(2386, 'Yongju', 'KOR', 131097),
(2387, 'Chinhae', 'KOR', 125997),
(2388, 'Sangju', 'KOR', 124116),
(2389, 'Poryong', 'KOR', 122604),
(2390, 'Kwang-yang', 'KOR', 122052),
(2391, 'Miryang', 'KOR', 121501),
(2392, 'Hanam', 'KOR', 115812),
(2393, 'Kimje', 'KOR', 115427),
(2394, 'Yongchon', 'KOR', 113511),
(2395, 'Sachon', 'KOR', 113494),
(2396, 'Uiwang', 'KOR', 108788),
(2397, 'Naju', 'KOR', 107831),
(2398, 'Namwon', 'KOR', 103544),
(2399, 'Tonghae', 'KOR', 95472),
(2400, 'Mun-gyong', 'KOR', 92239),
(2401, 'Athenai', 'GRC', 772072),
(2402, 'Thessaloniki', 'GRC', 383967),
(2403, 'Pireus', 'GRC', 182671),
(2404, 'Patras', 'GRC', 153344),
(2405, 'Peristerion', 'GRC', 137288),
(2406, 'Herakleion', 'GRC', 116178),
(2407, 'Kallithea', 'GRC', 114233),
(2408, 'Larisa', 'GRC', 113090),
(2409, 'Zagreb', 'HRV', 706770),
(2410, 'Split', 'HRV', 189388),
(2411, 'Rijeka', 'HRV', 167964),
(2412, 'Osijek', 'HRV', 104761),
(2413, 'La Habana', 'CUB', 2256000),
(2414, 'Santiago de Cuba', 'CUB', 433180),
(2415, 'Camagüey', 'CUB', 298726),
(2416, 'Holguín', 'CUB', 249492),
(2417, 'Santa Clara', 'CUB', 207350),
(2418, 'Guantánamo', 'CUB', 205078),
(2419, 'Pinar del Río', 'CUB', 142100),
(2420, 'Bayamo', 'CUB', 141000),
(2421, 'Cienfuegos', 'CUB', 132770),
(2422, 'Victoria de las Tunas', 'CUB', 132350),
(2423, 'Matanzas', 'CUB', 123273),
(2424, 'Manzanillo', 'CUB', 109350),
(2425, 'Sancti-Spíritus', 'CUB', 100751),
(2426, 'Ciego de Ávila', 'CUB', 98505),
(2427, 'al-Salimiya', 'KWT', 130215),
(2428, 'Jalib al-Shuyukh', 'KWT', 102178),
(2429, 'Kuwait', 'KWT', 28859),
(2430, 'Nicosia', 'CYP', 195000),
(2431, 'Limassol', 'CYP', 154400),
(2432, 'Vientiane', 'LAO', 531800),
(2433, 'Savannakhet', 'LAO', 96652),
(2434, 'Riga', 'LVA', 764328),
(2435, 'Daugavpils', 'LVA', 114829),
(2436, 'Liepaja', 'LVA', 89439),
(2437, 'Maseru', 'LSO', 297000),
(2438, 'Beirut', 'LBN', 1100000),
(2439, 'Tripoli', 'LBN', 240000),
(2440, 'Monrovia', 'LBR', 850000),
(2441, 'Tripoli', 'LBY', 1682000),
(2442, 'Bengasi', 'LBY', 804000),
(2443, 'Misrata', 'LBY', 121669),
(2444, 'al-Zawiya', 'LBY', 89338),
(2445, 'Schaan', 'LIE', 5346),
(2446, 'Vaduz', 'LIE', 5043),
(2447, 'Vilnius', 'LTU', 577969),
(2448, 'Kaunas', 'LTU', 412639),
(2449, 'Klaipeda', 'LTU', 202451),
(2450, 'Šiauliai', 'LTU', 146563),
(2451, 'Panevezys', 'LTU', 133695),
(2452, 'Luxembourg [Luxemburg/Lëtzebuerg]', 'LUX', 80700),
(2453, 'El-Aaiún', 'ESH', 169000),
(2454, 'Macao', 'MAC', 437500),
(2455, 'Antananarivo', 'MDG', 675669),
(2456, 'Toamasina', 'MDG', 127441),
(2457, 'Antsirabé', 'MDG', 120239),
(2458, 'Mahajanga', 'MDG', 100807),
(2459, 'Fianarantsoa', 'MDG', 99005),
(2460, 'Skopje', 'MKD', 444299),
(2461, 'Blantyre', 'MWI', 478155),
(2462, 'Lilongwe', 'MWI', 435964),
(2463, 'Male', 'MDV', 71000),
(2464, 'Kuala Lumpur', 'MYS', 1297526),
(2465, 'Ipoh', 'MYS', 382853),
(2466, 'Johor Baharu', 'MYS', 328436),
(2467, 'Petaling Jaya', 'MYS', 254350),
(2468, 'Kelang', 'MYS', 243355),
(2469, 'Kuala Terengganu', 'MYS', 228119),
(2470, 'Pinang', 'MYS', 219603),
(2471, 'Kota Bharu', 'MYS', 219582),
(2472, 'Kuantan', 'MYS', 199484),
(2473, 'Taiping', 'MYS', 183261),
(2474, 'Seremban', 'MYS', 182869),
(2475, 'Kuching', 'MYS', 148059),
(2476, 'Sibu', 'MYS', 126381),
(2477, 'Sandakan', 'MYS', 125841),
(2478, 'Alor Setar', 'MYS', 124412),
(2479, 'Selayang Baru', 'MYS', 124228),
(2480, 'Sungai Petani', 'MYS', 114763),
(2481, 'Shah Alam', 'MYS', 102019),
(2482, 'Bamako', 'MLI', 809552),
(2483, 'Birkirkara', 'MLT', 21445),
(2484, 'Valletta', 'MLT', 7073),
(2485, 'Casablanca', 'MAR', 2940623),
(2486, 'Rabat', 'MAR', 623457),
(2487, 'Marrakech', 'MAR', 621914),
(2488, 'Fès', 'MAR', 541162),
(2489, 'Tanger', 'MAR', 521735),
(2490, 'Salé', 'MAR', 504420),
(2491, 'Meknès', 'MAR', 460000),
(2492, 'Oujda', 'MAR', 365382),
(2493, 'Kénitra', 'MAR', 292600),
(2494, 'Tétouan', 'MAR', 277516),
(2495, 'Safi', 'MAR', 262300),
(2496, 'Agadir', 'MAR', 155244),
(2497, 'Mohammedia', 'MAR', 154706),
(2498, 'Khouribga', 'MAR', 152090),
(2499, 'Beni-Mellal', 'MAR', 140212),
(2500, 'Témara', 'MAR', 126303),
(2501, 'El Jadida', 'MAR', 119083),
(2502, 'Nador', 'MAR', 112450),
(2503, 'Ksar el Kebir', 'MAR', 107065),
(2504, 'Settat', 'MAR', 96200),
(2505, 'Taza', 'MAR', 92700),
(2506, 'El Araich', 'MAR', 90400),
(2507, 'Dalap-Uliga-Darrit', 'MHL', 28000),
(2508, 'Fort-de-France', 'MTQ', 94050),
(2509, 'Nouakchott', 'MRT', 667300),
(2510, 'Nouâdhibou', 'MRT', 97600),
(2511, 'Port-Louis', 'MUS', 138200),
(2512, 'Beau Bassin-Rose Hill', 'MUS', 100616),
(2513, 'Vacoas-Phoenix', 'MUS', 98464),
(2514, 'Mamoutzou', 'MYT', 12000),
(2515, 'Ciudad de México', 'MEX', 8591309),
(2516, 'Guadalajara', 'MEX', 1647720),
(2517, 'Ecatepec de Morelos', 'MEX', 1620303),
(2518, 'Puebla', 'MEX', 1346176),
(2519, 'Nezahualcóyotl', 'MEX', 1224924),
(2520, 'Juárez', 'MEX', 1217818),
(2521, 'Tijuana', 'MEX', 1212232),
(2522, 'León', 'MEX', 1133576),
(2523, 'Monterrey', 'MEX', 1108499),
(2524, 'Zapopan', 'MEX', 1002239),
(2525, 'Naucalpan de Juárez', 'MEX', 857511),
(2526, 'Mexicali', 'MEX', 764902),
(2527, 'Culiacán', 'MEX', 744859),
(2528, 'Acapulco de Juárez', 'MEX', 721011),
(2529, 'Tlalnepantla de Baz', 'MEX', 720755),
(2530, 'Mérida', 'MEX', 703324),
(2531, 'Chihuahua', 'MEX', 670208),
(2532, 'San Luis Potosí', 'MEX', 669353),
(2533, 'Guadalupe', 'MEX', 668780),
(2534, 'Toluca', 'MEX', 665617),
(2535, 'Aguascalientes', 'MEX', 643360),
(2536, 'Querétaro', 'MEX', 639839),
(2537, 'Morelia', 'MEX', 619958),
(2538, 'Hermosillo', 'MEX', 608697),
(2539, 'Saltillo', 'MEX', 577352),
(2540, 'Torreón', 'MEX', 529093),
(2541, 'Centro (Villahermosa)', 'MEX', 519873),
(2542, 'San Nicolás de los Garza', 'MEX', 495540),
(2543, 'Durango', 'MEX', 490524),
(2544, 'Chimalhuacán', 'MEX', 490245),
(2545, 'Tlaquepaque', 'MEX', 475472),
(2546, 'Atizapán de Zaragoza', 'MEX', 467262),
(2547, 'Veracruz', 'MEX', 457119),
(2548, 'Cuautitlán Izcalli', 'MEX', 452976),
(2549, 'Irapuato', 'MEX', 440039),
(2550, 'Tuxtla Gutiérrez', 'MEX', 433544),
(2551, 'Tultitlán', 'MEX', 432411),
(2552, 'Reynosa', 'MEX', 419776),
(2553, 'Benito Juárez', 'MEX', 419276),
(2554, 'Matamoros', 'MEX', 416428),
(2555, 'Xalapa', 'MEX', 390058),
(2556, 'Celaya', 'MEX', 382140),
(2557, 'Mazatlán', 'MEX', 380265),
(2558, 'Ensenada', 'MEX', 369573),
(2559, 'Ahome', 'MEX', 358663),
(2560, 'Cajeme', 'MEX', 355679),
(2561, 'Cuernavaca', 'MEX', 337966),
(2562, 'Tonalá', 'MEX', 336109),
(2563, 'Valle de Chalco Solidaridad', 'MEX', 323113),
(2564, 'Nuevo Laredo', 'MEX', 310277),
(2565, 'Tepic', 'MEX', 305025),
(2566, 'Tampico', 'MEX', 294789),
(2567, 'Ixtapaluca', 'MEX', 293160),
(2568, 'Apodaca', 'MEX', 282941),
(2569, 'Guasave', 'MEX', 277201),
(2570, 'Gómez Palacio', 'MEX', 272806),
(2571, 'Tapachula', 'MEX', 271141),
(2572, 'Nicolás Romero', 'MEX', 269393),
(2573, 'Coatzacoalcos', 'MEX', 267037),
(2574, 'Uruapan', 'MEX', 265211),
(2575, 'Victoria', 'MEX', 262686),
(2576, 'Oaxaca de Juárez', 'MEX', 256848),
(2577, 'Coacalco de Berriozábal', 'MEX', 252270),
(2578, 'Pachuca de Soto', 'MEX', 244688),
(2579, 'General Escobedo', 'MEX', 232961),
(2580, 'Salamanca', 'MEX', 226864),
(2581, 'Santa Catarina', 'MEX', 226573),
(2582, 'Tehuacán', 'MEX', 225943),
(2583, 'Chalco', 'MEX', 222201),
(2584, 'Cárdenas', 'MEX', 216903),
(2585, 'Campeche', 'MEX', 216735),
(2586, 'La Paz', 'MEX', 213045),
(2587, 'Othón P. Blanco (Chetumal)', 'MEX', 208014),
(2588, 'Texcoco', 'MEX', 203681),
(2589, 'La Paz', 'MEX', 196708),
(2590, 'Metepec', 'MEX', 194265),
(2591, 'Monclova', 'MEX', 193657),
(2592, 'Huixquilucan', 'MEX', 193156),
(2593, 'Chilpancingo de los Bravo', 'MEX', 192509),
(2594, 'Puerto Vallarta', 'MEX', 183741),
(2595, 'Fresnillo', 'MEX', 182744),
(2596, 'Ciudad Madero', 'MEX', 182012),
(2597, 'Soledad de Graciano Sánchez', 'MEX', 179956),
(2598, 'San Juan del Río', 'MEX', 179300),
(2599, 'San Felipe del Progreso', 'MEX', 177330),
(2600, 'Córdoba', 'MEX', 176952),
(2601, 'Tecámac', 'MEX', 172410),
(2602, 'Ocosingo', 'MEX', 171495),
(2603, 'Carmen', 'MEX', 171367),
(2604, 'Lázaro Cárdenas', 'MEX', 170878),
(2605, 'Jiutepec', 'MEX', 170428),
(2606, 'Papantla', 'MEX', 170123),
(2607, 'Comalcalco', 'MEX', 164640),
(2608, 'Zamora', 'MEX', 161191),
(2609, 'Nogales', 'MEX', 159103),
(2610, 'Huimanguillo', 'MEX', 158335),
(2611, 'Cuautla', 'MEX', 153132),
(2612, 'Minatitlán', 'MEX', 152983),
(2613, 'Poza Rica de Hidalgo', 'MEX', 152678),
(2614, 'Ciudad Valles', 'MEX', 146411),
(2615, 'Navolato', 'MEX', 145396),
(2616, 'San Luis Río Colorado', 'MEX', 145276),
(2617, 'Pénjamo', 'MEX', 143927),
(2618, 'San Andrés Tuxtla', 'MEX', 142251),
(2619, 'Guanajuato', 'MEX', 141215),
(2620, 'Navojoa', 'MEX', 140495),
(2621, 'Zitácuaro', 'MEX', 137970),
(2622, 'Boca del Río', 'MEX', 135721),
(2623, 'Allende', 'MEX', 134645),
(2624, 'Silao', 'MEX', 134037),
(2625, 'Macuspana', 'MEX', 133795),
(2626, 'San Juan Bautista Tuxtepec', 'MEX', 133675),
(2627, 'San Cristóbal de las Casas', 'MEX', 132317),
(2628, 'Valle de Santiago', 'MEX', 130557),
(2629, 'Guaymas', 'MEX', 130108),
(2630, 'Colima', 'MEX', 129454),
(2631, 'Dolores Hidalgo', 'MEX', 128675),
(2632, 'Lagos de Moreno', 'MEX', 127949),
(2633, 'Piedras Negras', 'MEX', 127898),
(2634, 'Altamira', 'MEX', 127490),
(2635, 'Túxpam', 'MEX', 126475),
(2636, 'San Pedro Garza García', 'MEX', 126147),
(2637, 'Cuauhtémoc', 'MEX', 124279),
(2638, 'Manzanillo', 'MEX', 124014),
(2639, 'Iguala de la Independencia', 'MEX', 123883),
(2640, 'Zacatecas', 'MEX', 123700),
(2641, 'Tlajomulco de Zúñiga', 'MEX', 123220),
(2642, 'Tulancingo de Bravo', 'MEX', 121946),
(2643, 'Zinacantepec', 'MEX', 121715),
(2644, 'San Martín Texmelucan', 'MEX', 121093),
(2645, 'Tepatitlán de Morelos', 'MEX', 118948),
(2646, 'Martínez de la Torre', 'MEX', 118815),
(2647, 'Orizaba', 'MEX', 118488),
(2648, 'Apatzingán', 'MEX', 117849),
(2649, 'Atlixco', 'MEX', 117019),
(2650, 'Delicias', 'MEX', 116132),
(2651, 'Ixtlahuaca', 'MEX', 115548),
(2652, 'El Mante', 'MEX', 112453),
(2653, 'Lerdo', 'MEX', 112272),
(2654, 'Almoloya de Juárez', 'MEX', 110550),
(2655, 'Acámbaro', 'MEX', 110487),
(2656, 'Acuña', 'MEX', 110388),
(2657, 'Guadalupe', 'MEX', 108881),
(2658, 'Huejutla de Reyes', 'MEX', 108017),
(2659, 'Hidalgo', 'MEX', 106198),
(2660, 'Los Cabos', 'MEX', 105199),
(2661, 'Comitán de Domínguez', 'MEX', 104986),
(2662, 'Cunduacán', 'MEX', 104164),
(2663, 'Río Bravo', 'MEX', 103901),
(2664, 'Temapache', 'MEX', 102824),
(2665, 'Chilapa de Alvarez', 'MEX', 102716),
(2666, 'Hidalgo del Parral', 'MEX', 100881),
(2667, 'San Francisco del Rincón', 'MEX', 100149),
(2668, 'Taxco de Alarcón', 'MEX', 99907),
(2669, 'Zumpango', 'MEX', 99781),
(2670, 'San Pedro Cholula', 'MEX', 99734),
(2671, 'Lerma', 'MEX', 99714),
(2672, 'Tecomán', 'MEX', 99296),
(2673, 'Las Margaritas', 'MEX', 97389),
(2674, 'Cosoleacaque', 'MEX', 97199),
(2675, 'San Luis de la Paz', 'MEX', 96763),
(2676, 'José Azueta', 'MEX', 95448),
(2677, 'Santiago Ixcuintla', 'MEX', 95311),
(2678, 'San Felipe', 'MEX', 95305),
(2679, 'Tejupilco', 'MEX', 94934),
(2680, 'Tantoyuca', 'MEX', 94709),
(2681, 'Salvatierra', 'MEX', 94322),
(2682, 'Tultepec', 'MEX', 93364),
(2683, 'Temixco', 'MEX', 92686),
(2684, 'Matamoros', 'MEX', 91858),
(2685, 'Pánuco', 'MEX', 90551),
(2686, 'El Fuerte', 'MEX', 89556),
(2687, 'Tierra Blanca', 'MEX', 89143),
(2688, 'Weno', 'FSM', 22000),
(2689, 'Palikir', 'FSM', 8600),
(2690, 'Chisinau', 'MDA', 719900),
(2691, 'Tiraspol', 'MDA', 194300),
(2692, 'Balti', 'MDA', 153400),
(2693, 'Bender (Tîghina)', 'MDA', 125700),
(2694, 'Monte-Carlo', 'MCO', 13154),
(2695, 'Monaco-Ville', 'MCO', 1234),
(2696, 'Ulan Bator', 'MNG', 773700),
(2697, 'Plymouth', 'MSR', 2000),
(2698, 'Maputo', 'MOZ', 1018938),
(2699, 'Matola', 'MOZ', 424662),
(2700, 'Beira', 'MOZ', 397368),
(2701, 'Nampula', 'MOZ', 303346),
(2702, 'Chimoio', 'MOZ', 171056),
(2703, 'Naçala-Porto', 'MOZ', 158248),
(2704, 'Quelimane', 'MOZ', 150116),
(2705, 'Mocuba', 'MOZ', 124700),
(2706, 'Tete', 'MOZ', 101984),
(2707, 'Xai-Xai', 'MOZ', 99442),
(2708, 'Gurue', 'MOZ', 99300),
(2709, 'Maxixe', 'MOZ', 93985),
(2710, 'Rangoon (Yangon)', 'MMR', 3361700),
(2711, 'Mandalay', 'MMR', 885300),
(2712, 'Moulmein (Mawlamyine)', 'MMR', 307900),
(2713, 'Pegu (Bago)', 'MMR', 190900),
(2714, 'Bassein (Pathein)', 'MMR', 183900),
(2715, 'Monywa', 'MMR', 138600),
(2716, 'Sittwe (Akyab)', 'MMR', 137600),
(2717, 'Taunggyi (Taunggye)', 'MMR', 131500),
(2718, 'Meikhtila', 'MMR', 129700),
(2719, 'Mergui (Myeik)', 'MMR', 122700),
(2720, 'Lashio (Lasho)', 'MMR', 107600),
(2721, 'Prome (Pyay)', 'MMR', 105700),
(2722, 'Henzada (Hinthada)', 'MMR', 104700),
(2723, 'Myingyan', 'MMR', 103600),
(2724, 'Tavoy (Dawei)', 'MMR', 96800),
(2725, 'Pagakku (Pakokku)', 'MMR', 94800),
(2726, 'Windhoek', 'NAM', 169000),
(2727, 'Yangor', 'NRU', 4050),
(2728, 'Yaren', 'NRU', 559),
(2729, 'Kathmandu', 'NPL', 591835),
(2730, 'Biratnagar', 'NPL', 157764),
(2731, 'Pokhara', 'NPL', 146318),
(2732, 'Lalitapur', 'NPL', 145847),
(2733, 'Birgunj', 'NPL', 90639),
(2734, 'Managua', 'NIC', 959000),
(2735, 'León', 'NIC', 123865),
(2736, 'Chinandega', 'NIC', 97387),
(2737, 'Masaya', 'NIC', 88971),
(2738, 'Niamey', 'NER', 420000),
(2739, 'Zinder', 'NER', 120892),
(2740, 'Maradi', 'NER', 112965),
(2741, 'Lagos', 'NGA', 1518000),
(2742, 'Ibadan', 'NGA', 1432000),
(2743, 'Ogbomosho', 'NGA', 730000),
(2744, 'Kano', 'NGA', 674100),
(2745, 'Oshogbo', 'NGA', 476800),
(2746, 'Ilorin', 'NGA', 475800),
(2747, 'Abeokuta', 'NGA', 427400),
(2748, 'Port Harcourt', 'NGA', 410000),
(2749, 'Zaria', 'NGA', 379200),
(2750, 'Ilesha', 'NGA', 378400),
(2751, 'Onitsha', 'NGA', 371900),
(2752, 'Iwo', 'NGA', 362000),
(2753, 'Ado-Ekiti', 'NGA', 359400),
(2754, 'Abuja', 'NGA', 350100),
(2755, 'Kaduna', 'NGA', 342200),
(2756, 'Mushin', 'NGA', 333200),
(2757, 'Maiduguri', 'NGA', 320000),
(2758, 'Enugu', 'NGA', 316100),
(2759, 'Ede', 'NGA', 307100),
(2760, 'Aba', 'NGA', 298900),
(2761, 'Ife', 'NGA', 296800),
(2762, 'Ila', 'NGA', 264000),
(2763, 'Oyo', 'NGA', 256400),
(2764, 'Ikerre', 'NGA', 244600),
(2765, 'Benin City', 'NGA', 229400),
(2766, 'Iseyin', 'NGA', 217300),
(2767, 'Katsina', 'NGA', 206500),
(2768, 'Jos', 'NGA', 206300),
(2769, 'Sokoto', 'NGA', 204900),
(2770, 'Ilobu', 'NGA', 199000),
(2771, 'Offa', 'NGA', 197200),
(2772, 'Ikorodu', 'NGA', 184900),
(2773, 'Ilawe-Ekiti', 'NGA', 184500),
(2774, 'Owo', 'NGA', 183500),
(2775, 'Ikirun', 'NGA', 181400),
(2776, 'Shaki', 'NGA', 174500),
(2777, 'Calabar', 'NGA', 174400),
(2778, 'Ondo', 'NGA', 173600),
(2779, 'Akure', 'NGA', 162300),
(2780, 'Gusau', 'NGA', 158000),
(2781, 'Ijebu-Ode', 'NGA', 156400),
(2782, 'Effon-Alaiye', 'NGA', 153100),
(2783, 'Kumo', 'NGA', 148000),
(2784, 'Shomolu', 'NGA', 147700),
(2785, 'Oka-Akoko', 'NGA', 142900),
(2786, 'Ikare', 'NGA', 140800),
(2787, 'Sapele', 'NGA', 139200),
(2788, 'Deba Habe', 'NGA', 138600),
(2789, 'Minna', 'NGA', 136900),
(2790, 'Warri', 'NGA', 126100),
(2791, 'Bida', 'NGA', 125500),
(2792, 'Ikire', 'NGA', 123300),
(2793, 'Makurdi', 'NGA', 123100),
(2794, 'Lafia', 'NGA', 122500),
(2795, 'Inisa', 'NGA', 119800),
(2796, 'Shagamu', 'NGA', 117200),
(2797, 'Awka', 'NGA', 111200),
(2798, 'Gombe', 'NGA', 107800),
(2799, 'Igboho', 'NGA', 106800),
(2800, 'Ejigbo', 'NGA', 105900),
(2801, 'Agege', 'NGA', 105000),
(2802, 'Ise-Ekiti', 'NGA', 103400),
(2803, 'Ugep', 'NGA', 102600),
(2804, 'Epe', 'NGA', 101000),
(2805, 'Alofi', 'NIU', 682),
(2806, 'Kingston', 'NFK', 800),
(2807, 'Oslo', 'NOR', 508726),
(2808, 'Bergen', 'NOR', 230948),
(2809, 'Trondheim', 'NOR', 150166),
(2810, 'Stavanger', 'NOR', 108848),
(2811, 'Bærum', 'NOR', 101340),
(2812, 'Abidjan', 'CIV', 2500000),
(2813, 'Bouaké', 'CIV', 329850),
(2814, 'Yamoussoukro', 'CIV', 130000),
(2815, 'Daloa', 'CIV', 121842),
(2816, 'Korhogo', 'CIV', 109445),
(2817, 'al-Sib', 'OMN', 155000),
(2818, 'Salala', 'OMN', 131813),
(2819, 'Bawshar', 'OMN', 107500),
(2820, 'Suhar', 'OMN', 90814),
(2821, 'Masqat', 'OMN', 51969),
(2822, 'Karachi', 'PAK', 9269265),
(2823, 'Lahore', 'PAK', 5063499),
(2824, 'Faisalabad', 'PAK', 1977246),
(2825, 'Rawalpindi', 'PAK', 1406214),
(2826, 'Multan', 'PAK', 1182441),
(2827, 'Hyderabad', 'PAK', 1151274),
(2828, 'Gujranwala', 'PAK', 1124749),
(2829, 'Peshawar', 'PAK', 988005),
(2830, 'Quetta', 'PAK', 560307),
(2831, 'Islamabad', 'PAK', 524500),
(2832, 'Sargodha', 'PAK', 455360),
(2833, 'Sialkot', 'PAK', 417597),
(2834, 'Bahawalpur', 'PAK', 403408),
(2835, 'Sukkur', 'PAK', 329176),
(2836, 'Jhang', 'PAK', 292214),
(2837, 'Sheikhupura', 'PAK', 271875),
(2838, 'Larkana', 'PAK', 270366),
(2839, 'Gujrat', 'PAK', 250121),
(2840, 'Mardan', 'PAK', 244511),
(2841, 'Kasur', 'PAK', 241649),
(2842, 'Rahim Yar Khan', 'PAK', 228479),
(2843, 'Sahiwal', 'PAK', 207388),
(2844, 'Okara', 'PAK', 200901),
(2845, 'Wah', 'PAK', 198400),
(2846, 'Dera Ghazi Khan', 'PAK', 188100),
(2847, 'Mirpur Khas', 'PAK', 184500),
(2848, 'Nawabshah', 'PAK', 183100),
(2849, 'Mingora', 'PAK', 174500),
(2850, 'Chiniot', 'PAK', 169300),
(2851, 'Kamoke', 'PAK', 151000),
(2852, 'Mandi Burewala', 'PAK', 149900),
(2853, 'Jhelum', 'PAK', 145800),
(2854, 'Sadiqabad', 'PAK', 141500),
(2855, 'Jacobabad', 'PAK', 137700),
(2856, 'Shikarpur', 'PAK', 133300),
(2857, 'Khanewal', 'PAK', 133000),
(2858, 'Hafizabad', 'PAK', 130200),
(2859, 'Kohat', 'PAK', 125300),
(2860, 'Muzaffargarh', 'PAK', 121600),
(2861, 'Khanpur', 'PAK', 117800),
(2862, 'Gojra', 'PAK', 115000),
(2863, 'Bahawalnagar', 'PAK', 109600),
(2864, 'Muridke', 'PAK', 108600),
(2865, 'Pak Pattan', 'PAK', 107800),
(2866, 'Abottabad', 'PAK', 106000),
(2867, 'Tando Adam', 'PAK', 103400),
(2868, 'Jaranwala', 'PAK', 103300),
(2869, 'Khairpur', 'PAK', 102200),
(2870, 'Chishtian Mandi', 'PAK', 101700),
(2871, 'Daska', 'PAK', 101500),
(2872, 'Dadu', 'PAK', 98600),
(2873, 'Mandi Bahauddin', 'PAK', 97300),
(2874, 'Ahmadpur East', 'PAK', 96000),
(2875, 'Kamalia', 'PAK', 95300),
(2876, 'Khuzdar', 'PAK', 93100),
(2877, 'Vihari', 'PAK', 92300),
(2878, 'Dera Ismail Khan', 'PAK', 90400),
(2879, 'Wazirabad', 'PAK', 89700),
(2880, 'Nowshera', 'PAK', 89400),
(2881, 'Koror', 'PLW', 12000),
(2882, 'Ciudad de Panamá', 'PAN', 471373),
(2883, 'San Miguelito', 'PAN', 315382),
(2884, 'Port Moresby', 'PNG', 247000),
(2885, 'Asunción', 'PRY', 557776),
(2886, 'Ciudad del Este', 'PRY', 133881),
(2887, 'San Lorenzo', 'PRY', 133395),
(2888, 'Lambaré', 'PRY', 99681),
(2889, 'Fernando de la Mora', 'PRY', 95287),
(2890, 'Lima', 'PER', 6464693),
(2891, 'Arequipa', 'PER', 762000),
(2892, 'Trujillo', 'PER', 652000),
(2893, 'Chiclayo', 'PER', 517000),
(2894, 'Callao', 'PER', 424294),
(2895, 'Iquitos', 'PER', 367000),
(2896, 'Chimbote', 'PER', 336000),
(2897, 'Huancayo', 'PER', 327000),
(2898, 'Piura', 'PER', 325000),
(2899, 'Cusco', 'PER', 291000),
(2900, 'Pucallpa', 'PER', 220866),
(2901, 'Tacna', 'PER', 215683),
(2902, 'Ica', 'PER', 194820),
(2903, 'Sullana', 'PER', 147361),
(2904, 'Juliaca', 'PER', 142576),
(2905, 'Huánuco', 'PER', 129688),
(2906, 'Ayacucho', 'PER', 118960),
(2907, 'Chincha Alta', 'PER', 110016),
(2908, 'Cajamarca', 'PER', 108009),
(2909, 'Puno', 'PER', 101578),
(2910, 'Ventanilla', 'PER', 101056),
(2911, 'Castilla', 'PER', 90642),
(2912, 'Adamstown', 'PCN', 42),
(2913, 'Garapan', 'MNP', 9200),
(2914, 'Lisboa', 'PRT', 563210),
(2915, 'Porto', 'PRT', 273060),
(2916, 'Amadora', 'PRT', 122106),
(2917, 'Coímbra', 'PRT', 96100),
(2918, 'Braga', 'PRT', 90535),
(2919, 'San Juan', 'PRI', 434374),
(2920, 'Bayamón', 'PRI', 224044),
(2921, 'Ponce', 'PRI', 186475),
(2922, 'Carolina', 'PRI', 186076),
(2923, 'Caguas', 'PRI', 140502),
(2924, 'Arecibo', 'PRI', 100131),
(2925, 'Guaynabo', 'PRI', 100053),
(2926, 'Mayagüez', 'PRI', 98434),
(2927, 'Toa Baja', 'PRI', 94085),
(2928, 'Warszawa', 'POL', 1615369),
(2929, 'Lódz', 'POL', 800110),
(2930, 'Kraków', 'POL', 738150),
(2931, 'Wroclaw', 'POL', 636765),
(2932, 'Poznan', 'POL', 576899),
(2933, 'Gdansk', 'POL', 458988),
(2934, 'Szczecin', 'POL', 416988),
(2935, 'Bydgoszcz', 'POL', 386855),
(2936, 'Lublin', 'POL', 356251),
(2937, 'Katowice', 'POL', 345934),
(2938, 'Bialystok', 'POL', 283937),
(2939, 'Czestochowa', 'POL', 257812),
(2940, 'Gdynia', 'POL', 253521),
(2941, 'Sosnowiec', 'POL', 244102),
(2942, 'Radom', 'POL', 232262),
(2943, 'Kielce', 'POL', 212383),
(2944, 'Gliwice', 'POL', 212164),
(2945, 'Torun', 'POL', 206158),
(2946, 'Bytom', 'POL', 205560),
(2947, 'Zabrze', 'POL', 200177),
(2948, 'Bielsko-Biala', 'POL', 180307),
(2949, 'Olsztyn', 'POL', 170904),
(2950, 'Rzeszów', 'POL', 162049),
(2951, 'Ruda Slaska', 'POL', 159665),
(2952, 'Rybnik', 'POL', 144582),
(2953, 'Walbrzych', 'POL', 136923),
(2954, 'Tychy', 'POL', 133178),
(2955, 'Dabrowa Górnicza', 'POL', 131037),
(2956, 'Plock', 'POL', 131011),
(2957, 'Elblag', 'POL', 129782),
(2958, 'Opole', 'POL', 129553),
(2959, 'Gorzów Wielkopolski', 'POL', 126019),
(2960, 'Wloclawek', 'POL', 123373),
(2961, 'Chorzów', 'POL', 121708),
(2962, 'Tarnów', 'POL', 121494),
(2963, 'Zielona Góra', 'POL', 118182),
(2964, 'Koszalin', 'POL', 112375),
(2965, 'Legnica', 'POL', 109335),
(2966, 'Kalisz', 'POL', 106641),
(2967, 'Grudziadz', 'POL', 102434),
(2968, 'Slupsk', 'POL', 102370),
(2969, 'Jastrzebie-Zdrój', 'POL', 102294),
(2970, 'Jaworzno', 'POL', 97929),
(2971, 'Jelenia Góra', 'POL', 93901),
(2972, 'Malabo', 'GNQ', 40000),
(2973, 'Doha', 'QAT', 355000),
(2974, 'Paris', 'FRA', 2125246),
(2975, 'Marseille', 'FRA', 798430),
(2976, 'Lyon', 'FRA', 445452),
(2977, 'Toulouse', 'FRA', 390350),
(2978, 'Nice', 'FRA', 342738),
(2979, 'Nantes', 'FRA', 270251),
(2980, 'Strasbourg', 'FRA', 264115),
(2981, 'Montpellier', 'FRA', 225392),
(2982, 'Bordeaux', 'FRA', 215363),
(2983, 'Rennes', 'FRA', 206229),
(2984, 'Le Havre', 'FRA', 190905),
(2985, 'Reims', 'FRA', 187206),
(2986, 'Lille', 'FRA', 184657),
(2987, 'St-Étienne', 'FRA', 180210),
(2988, 'Toulon', 'FRA', 160639),
(2989, 'Grenoble', 'FRA', 153317),
(2990, 'Angers', 'FRA', 151279),
(2991, 'Dijon', 'FRA', 149867),
(2992, 'Brest', 'FRA', 149634),
(2993, 'Le Mans', 'FRA', 146105),
(2994, 'Clermont-Ferrand', 'FRA', 137140),
(2995, 'Amiens', 'FRA', 135501),
(2996, 'Aix-en-Provence', 'FRA', 134222),
(2997, 'Limoges', 'FRA', 133968),
(2998, 'Nîmes', 'FRA', 133424),
(2999, 'Tours', 'FRA', 132820),
(3000, 'Villeurbanne', 'FRA', 124215),
(3001, 'Metz', 'FRA', 123776),
(3002, 'Besançon', 'FRA', 117733),
(3003, 'Caen', 'FRA', 113987),
(3004, 'Orléans', 'FRA', 113126),
(3005, 'Mulhouse', 'FRA', 110359),
(3006, 'Rouen', 'FRA', 106592),
(3007, 'Boulogne-Billancourt', 'FRA', 106367),
(3008, 'Perpignan', 'FRA', 105115),
(3009, 'Nancy', 'FRA', 103605),
(3010, 'Roubaix', 'FRA', 96984),
(3011, 'Argenteuil', 'FRA', 93961),
(3012, 'Tourcoing', 'FRA', 93540),
(3013, 'Montreuil', 'FRA', 90674),
(3014, 'Cayenne', 'GUF', 50699),
(3015, 'Faaa', 'PYF', 25888),
(3016, 'Papeete', 'PYF', 25553);
INSERT INTO `city` (`ID`, `Name`, `CountryCode`, `Population`) VALUES
(3017, 'Saint-Denis', 'REU', 131480),
(3018, 'Bucuresti', 'ROM', 2016131),
(3019, 'Iasi', 'ROM', 348070),
(3020, 'Constanta', 'ROM', 342264),
(3021, 'Cluj-Napoca', 'ROM', 332498),
(3022, 'Galati', 'ROM', 330276),
(3023, 'Timisoara', 'ROM', 324304),
(3024, 'Brasov', 'ROM', 314225),
(3025, 'Craiova', 'ROM', 313530),
(3026, 'Ploiesti', 'ROM', 251348),
(3027, 'Braila', 'ROM', 233756),
(3028, 'Oradea', 'ROM', 222239),
(3029, 'Bacau', 'ROM', 209235),
(3030, 'Pitesti', 'ROM', 187170),
(3031, 'Arad', 'ROM', 184408),
(3032, 'Sibiu', 'ROM', 169611),
(3033, 'Târgu Mures', 'ROM', 165153),
(3034, 'Baia Mare', 'ROM', 149665),
(3035, 'Buzau', 'ROM', 148372),
(3036, 'Satu Mare', 'ROM', 130059),
(3037, 'Botosani', 'ROM', 128730),
(3038, 'Piatra Neamt', 'ROM', 125070),
(3039, 'Râmnicu Vâlcea', 'ROM', 119741),
(3040, 'Suceava', 'ROM', 118549),
(3041, 'Drobeta-Turnu Severin', 'ROM', 117865),
(3042, 'Târgoviste', 'ROM', 98980),
(3043, 'Focsani', 'ROM', 98979),
(3044, 'Târgu Jiu', 'ROM', 98524),
(3045, 'Tulcea', 'ROM', 96278),
(3046, 'Resita', 'ROM', 93976),
(3047, 'Kigali', 'RWA', 286000),
(3048, 'Stockholm', 'SWE', 750348),
(3049, 'Gothenburg [Göteborg]', 'SWE', 466990),
(3050, 'Malmö', 'SWE', 259579),
(3051, 'Uppsala', 'SWE', 189569),
(3052, 'Linköping', 'SWE', 133168),
(3053, 'Västerås', 'SWE', 126328),
(3054, 'Örebro', 'SWE', 124207),
(3055, 'Norrköping', 'SWE', 122199),
(3056, 'Helsingborg', 'SWE', 117737),
(3057, 'Jönköping', 'SWE', 117095),
(3058, 'Umeå', 'SWE', 104512),
(3059, 'Lund', 'SWE', 98948),
(3060, 'Borås', 'SWE', 96883),
(3061, 'Sundsvall', 'SWE', 93126),
(3062, 'Gävle', 'SWE', 90742),
(3063, 'Jamestown', 'SHN', 1500),
(3064, 'Basseterre', 'KNA', 11600),
(3065, 'Castries', 'LCA', 2301),
(3066, 'Kingstown', 'VCT', 17100),
(3067, 'Saint-Pierre', 'SPM', 5808),
(3068, 'Berlin', 'DEU', 3386667),
(3069, 'Hamburg', 'DEU', 1704735),
(3070, 'Munich [München]', 'DEU', 1194560),
(3071, 'Köln', 'DEU', 962507),
(3072, 'Frankfurt am Main', 'DEU', 643821),
(3073, 'Essen', 'DEU', 599515),
(3074, 'Dortmund', 'DEU', 590213),
(3075, 'Stuttgart', 'DEU', 582443),
(3076, 'Düsseldorf', 'DEU', 568855),
(3077, 'Bremen', 'DEU', 540330),
(3078, 'Duisburg', 'DEU', 519793),
(3079, 'Hannover', 'DEU', 514718),
(3080, 'Leipzig', 'DEU', 489532),
(3081, 'Nürnberg', 'DEU', 486628),
(3082, 'Dresden', 'DEU', 476668),
(3083, 'Bochum', 'DEU', 392830),
(3084, 'Wuppertal', 'DEU', 368993),
(3085, 'Bielefeld', 'DEU', 321125),
(3086, 'Mannheim', 'DEU', 307730),
(3087, 'Bonn', 'DEU', 301048),
(3088, 'Gelsenkirchen', 'DEU', 281979),
(3089, 'Karlsruhe', 'DEU', 277204),
(3090, 'Wiesbaden', 'DEU', 268716),
(3091, 'Münster', 'DEU', 264670),
(3092, 'Mönchengladbach', 'DEU', 263697),
(3093, 'Chemnitz', 'DEU', 263222),
(3094, 'Augsburg', 'DEU', 254867),
(3095, 'Halle/Saale', 'DEU', 254360),
(3096, 'Braunschweig', 'DEU', 246322),
(3097, 'Aachen', 'DEU', 243825),
(3098, 'Krefeld', 'DEU', 241769),
(3099, 'Magdeburg', 'DEU', 235073),
(3100, 'Kiel', 'DEU', 233795),
(3101, 'Oberhausen', 'DEU', 222349),
(3102, 'Lübeck', 'DEU', 213326),
(3103, 'Hagen', 'DEU', 205201),
(3104, 'Rostock', 'DEU', 203279),
(3105, 'Freiburg im Breisgau', 'DEU', 202455),
(3106, 'Erfurt', 'DEU', 201267),
(3107, 'Kassel', 'DEU', 196211),
(3108, 'Saarbrücken', 'DEU', 183836),
(3109, 'Mainz', 'DEU', 183134),
(3110, 'Hamm', 'DEU', 181804),
(3111, 'Herne', 'DEU', 175661),
(3112, 'Mülheim an der Ruhr', 'DEU', 173895),
(3113, 'Solingen', 'DEU', 165583),
(3114, 'Osnabrück', 'DEU', 164539),
(3115, 'Ludwigshafen am Rhein', 'DEU', 163771),
(3116, 'Leverkusen', 'DEU', 160841),
(3117, 'Oldenburg', 'DEU', 154125),
(3118, 'Neuss', 'DEU', 149702),
(3119, 'Heidelberg', 'DEU', 139672),
(3120, 'Darmstadt', 'DEU', 137776),
(3121, 'Paderborn', 'DEU', 137647),
(3122, 'Potsdam', 'DEU', 128983),
(3123, 'Würzburg', 'DEU', 127350),
(3124, 'Regensburg', 'DEU', 125236),
(3125, 'Recklinghausen', 'DEU', 125022),
(3126, 'Göttingen', 'DEU', 124775),
(3127, 'Bremerhaven', 'DEU', 122735),
(3128, 'Wolfsburg', 'DEU', 121954),
(3129, 'Bottrop', 'DEU', 121097),
(3130, 'Remscheid', 'DEU', 120125),
(3131, 'Heilbronn', 'DEU', 119526),
(3132, 'Pforzheim', 'DEU', 117227),
(3133, 'Offenbach am Main', 'DEU', 116627),
(3134, 'Ulm', 'DEU', 116103),
(3135, 'Ingolstadt', 'DEU', 114826),
(3136, 'Gera', 'DEU', 114718),
(3137, 'Salzgitter', 'DEU', 112934),
(3138, 'Cottbus', 'DEU', 110894),
(3139, 'Reutlingen', 'DEU', 110343),
(3140, 'Fürth', 'DEU', 109771),
(3141, 'Siegen', 'DEU', 109225),
(3142, 'Koblenz', 'DEU', 108003),
(3143, 'Moers', 'DEU', 106837),
(3144, 'Bergisch Gladbach', 'DEU', 106150),
(3145, 'Zwickau', 'DEU', 104146),
(3146, 'Hildesheim', 'DEU', 104013),
(3147, 'Witten', 'DEU', 103384),
(3148, 'Schwerin', 'DEU', 102878),
(3149, 'Erlangen', 'DEU', 100750),
(3150, 'Kaiserslautern', 'DEU', 100025),
(3151, 'Trier', 'DEU', 99891),
(3152, 'Jena', 'DEU', 99779),
(3153, 'Iserlohn', 'DEU', 99474),
(3154, 'Gütersloh', 'DEU', 95028),
(3155, 'Marl', 'DEU', 93735),
(3156, 'Lünen', 'DEU', 92044),
(3157, 'Düren', 'DEU', 91092),
(3158, 'Ratingen', 'DEU', 90951),
(3159, 'Velbert', 'DEU', 89881),
(3160, 'Esslingen am Neckar', 'DEU', 89667),
(3161, 'Honiara', 'SLB', 50100),
(3162, 'Lusaka', 'ZMB', 1317000),
(3163, 'Ndola', 'ZMB', 329200),
(3164, 'Kitwe', 'ZMB', 288600),
(3165, 'Kabwe', 'ZMB', 154300),
(3166, 'Chingola', 'ZMB', 142400),
(3167, 'Mufulira', 'ZMB', 123900),
(3168, 'Luanshya', 'ZMB', 118100),
(3169, 'Apia', 'WSM', 35900),
(3170, 'Serravalle', 'SMR', 4802),
(3171, 'San Marino', 'SMR', 2294),
(3172, 'São Tomé', 'STP', 49541),
(3173, 'Riyadh', 'SAU', 3324000),
(3174, 'Jedda', 'SAU', 2046300),
(3175, 'Mekka', 'SAU', 965700),
(3176, 'Medina', 'SAU', 608300),
(3177, 'al-Dammam', 'SAU', 482300),
(3178, 'al-Taif', 'SAU', 416100),
(3179, 'Tabuk', 'SAU', 292600),
(3180, 'Burayda', 'SAU', 248600),
(3181, 'al-Hufuf', 'SAU', 225800),
(3182, 'al-Mubarraz', 'SAU', 219100),
(3183, 'Khamis Mushayt', 'SAU', 217900),
(3184, 'Hail', 'SAU', 176800),
(3185, 'al-Kharj', 'SAU', 152100),
(3186, 'al-Khubar', 'SAU', 141700),
(3187, 'Jubayl', 'SAU', 140800),
(3188, 'Hafar al-Batin', 'SAU', 137800),
(3189, 'al-Tuqba', 'SAU', 125700),
(3190, 'Yanbu', 'SAU', 119800),
(3191, 'Abha', 'SAU', 112300),
(3192, 'Ara´ar', 'SAU', 108100),
(3193, 'al-Qatif', 'SAU', 98900),
(3194, 'al-Hawiya', 'SAU', 93900),
(3195, 'Unayza', 'SAU', 91100),
(3196, 'Najran', 'SAU', 91000),
(3197, 'Pikine', 'SEN', 855287),
(3198, 'Dakar', 'SEN', 785071),
(3199, 'Thiès', 'SEN', 248000),
(3200, 'Kaolack', 'SEN', 199000),
(3201, 'Ziguinchor', 'SEN', 192000),
(3202, 'Rufisque', 'SEN', 150000),
(3203, 'Saint-Louis', 'SEN', 132400),
(3204, 'Mbour', 'SEN', 109300),
(3205, 'Diourbel', 'SEN', 99400),
(3206, 'Victoria', 'SYC', 41000),
(3207, 'Freetown', 'SLE', 850000),
(3208, 'Singapore', 'SGP', 4017733),
(3209, 'Bratislava', 'SVK', 448292),
(3210, 'Košice', 'SVK', 241874),
(3211, 'Prešov', 'SVK', 93977),
(3212, 'Ljubljana', 'SVN', 270986),
(3213, 'Maribor', 'SVN', 115532),
(3214, 'Mogadishu', 'SOM', 997000),
(3215, 'Hargeysa', 'SOM', 90000),
(3216, 'Kismaayo', 'SOM', 90000),
(3217, 'Colombo', 'LKA', 645000),
(3218, 'Dehiwala', 'LKA', 203000),
(3219, 'Moratuwa', 'LKA', 190000),
(3220, 'Jaffna', 'LKA', 149000),
(3221, 'Kandy', 'LKA', 140000),
(3222, 'Sri Jayawardenepura Kotte', 'LKA', 118000),
(3223, 'Negombo', 'LKA', 100000),
(3224, 'Omdurman', 'SDN', 1271403),
(3225, 'Khartum', 'SDN', 947483),
(3226, 'Sharq al-Nil', 'SDN', 700887),
(3227, 'Port Sudan', 'SDN', 308195),
(3228, 'Kassala', 'SDN', 234622),
(3229, 'Obeid', 'SDN', 229425),
(3230, 'Nyala', 'SDN', 227183),
(3231, 'Wad Madani', 'SDN', 211362),
(3232, 'al-Qadarif', 'SDN', 191164),
(3233, 'Kusti', 'SDN', 173599),
(3234, 'al-Fashir', 'SDN', 141884),
(3235, 'Juba', 'SDN', 114980),
(3236, 'Helsinki [Helsingfors]', 'FIN', 555474),
(3237, 'Espoo', 'FIN', 213271),
(3238, 'Tampere', 'FIN', 195468),
(3239, 'Vantaa', 'FIN', 178471),
(3240, 'Turku [Åbo]', 'FIN', 172561),
(3241, 'Oulu', 'FIN', 120753),
(3242, 'Lahti', 'FIN', 96921),
(3243, 'Paramaribo', 'SUR', 112000),
(3244, 'Mbabane', 'SWZ', 61000),
(3245, 'Zürich', 'CHE', 336800),
(3246, 'Geneve', 'CHE', 173500),
(3247, 'Basel', 'CHE', 166700),
(3248, 'Bern', 'CHE', 122700),
(3249, 'Lausanne', 'CHE', 114500),
(3250, 'Damascus', 'SYR', 1347000),
(3251, 'Aleppo', 'SYR', 1261983),
(3252, 'Hims', 'SYR', 507404),
(3253, 'Hama', 'SYR', 343361),
(3254, 'Latakia', 'SYR', 264563),
(3255, 'al-Qamishliya', 'SYR', 144286),
(3256, 'Dayr al-Zawr', 'SYR', 140459),
(3257, 'Jaramana', 'SYR', 138469),
(3258, 'Duma', 'SYR', 131158),
(3259, 'al-Raqqa', 'SYR', 108020),
(3260, 'Idlib', 'SYR', 91081),
(3261, 'Dushanbe', 'TJK', 524000),
(3262, 'Khujand', 'TJK', 161500),
(3263, 'Taipei', 'TWN', 2641312),
(3264, 'Kaohsiung', 'TWN', 1475505),
(3265, 'Taichung', 'TWN', 940589),
(3266, 'Tainan', 'TWN', 728060),
(3267, 'Panchiao', 'TWN', 523850),
(3268, 'Chungho', 'TWN', 392176),
(3269, 'Keelung (Chilung)', 'TWN', 385201),
(3270, 'Sanchung', 'TWN', 380084),
(3271, 'Hsinchuang', 'TWN', 365048),
(3272, 'Hsinchu', 'TWN', 361958),
(3273, 'Chungli', 'TWN', 318649),
(3274, 'Fengshan', 'TWN', 318562),
(3275, 'Taoyuan', 'TWN', 316438),
(3276, 'Chiayi', 'TWN', 265109),
(3277, 'Hsintien', 'TWN', 263603),
(3278, 'Changhwa', 'TWN', 227715),
(3279, 'Yungho', 'TWN', 227700),
(3280, 'Tucheng', 'TWN', 224897),
(3281, 'Pingtung', 'TWN', 214727),
(3282, 'Yungkang', 'TWN', 193005),
(3283, 'Pingchen', 'TWN', 188344),
(3284, 'Tali', 'TWN', 171940),
(3285, 'Taiping', 'TWN', 165524),
(3286, 'Pate', 'TWN', 161700),
(3287, 'Fengyuan', 'TWN', 161032),
(3288, 'Luchou', 'TWN', 160516),
(3289, 'Hsichuh', 'TWN', 154976),
(3290, 'Shulin', 'TWN', 151260),
(3291, 'Yuanlin', 'TWN', 126402),
(3292, 'Yangmei', 'TWN', 126323),
(3293, 'Taliao', 'TWN', 115897),
(3294, 'Kueishan', 'TWN', 112195),
(3295, 'Tanshui', 'TWN', 111882),
(3296, 'Taitung', 'TWN', 111039),
(3297, 'Hualien', 'TWN', 108407),
(3298, 'Nantou', 'TWN', 104723),
(3299, 'Lungtan', 'TWN', 103088),
(3300, 'Touliu', 'TWN', 98900),
(3301, 'Tsaotun', 'TWN', 96800),
(3302, 'Kangshan', 'TWN', 92200),
(3303, 'Ilan', 'TWN', 92000),
(3304, 'Miaoli', 'TWN', 90000),
(3305, 'Dar es Salaam', 'TZA', 1747000),
(3306, 'Dodoma', 'TZA', 189000),
(3307, 'Mwanza', 'TZA', 172300),
(3308, 'Zanzibar', 'TZA', 157634),
(3309, 'Tanga', 'TZA', 137400),
(3310, 'Mbeya', 'TZA', 130800),
(3311, 'Morogoro', 'TZA', 117800),
(3312, 'Arusha', 'TZA', 102500),
(3313, 'Moshi', 'TZA', 96800),
(3314, 'Tabora', 'TZA', 92800),
(3315, 'København', 'DNK', 495699),
(3316, 'Århus', 'DNK', 284846),
(3317, 'Odense', 'DNK', 183912),
(3318, 'Aalborg', 'DNK', 161161),
(3319, 'Frederiksberg', 'DNK', 90327),
(3320, 'Bangkok', 'THA', 6320174),
(3321, 'Nonthaburi', 'THA', 292100),
(3322, 'Nakhon Ratchasima', 'THA', 181400),
(3323, 'Chiang Mai', 'THA', 171100),
(3324, 'Udon Thani', 'THA', 158100),
(3325, 'Hat Yai', 'THA', 148632),
(3326, 'Khon Kaen', 'THA', 126500),
(3327, 'Pak Kret', 'THA', 126055),
(3328, 'Nakhon Sawan', 'THA', 123800),
(3329, 'Ubon Ratchathani', 'THA', 116300),
(3330, 'Songkhla', 'THA', 94900),
(3331, 'Nakhon Pathom', 'THA', 94100),
(3332, 'Lomé', 'TGO', 375000),
(3333, 'Fakaofo', 'TKL', 300),
(3334, 'Nuku´alofa', 'TON', 22400),
(3335, 'Chaguanas', 'TTO', 56601),
(3336, 'Port-of-Spain', 'TTO', 43396),
(3337, 'N´Djaména', 'TCD', 530965),
(3338, 'Moundou', 'TCD', 99500),
(3339, 'Praha', 'CZE', 1181126),
(3340, 'Brno', 'CZE', 381862),
(3341, 'Ostrava', 'CZE', 320041),
(3342, 'Plzen', 'CZE', 166759),
(3343, 'Olomouc', 'CZE', 102702),
(3344, 'Liberec', 'CZE', 99155),
(3345, 'Ceské Budejovice', 'CZE', 98186),
(3346, 'Hradec Králové', 'CZE', 98080),
(3347, 'Ústí nad Labem', 'CZE', 95491),
(3348, 'Pardubice', 'CZE', 91309),
(3349, 'Tunis', 'TUN', 690600),
(3350, 'Sfax', 'TUN', 257800),
(3351, 'Ariana', 'TUN', 197000),
(3352, 'Ettadhamen', 'TUN', 178600),
(3353, 'Sousse', 'TUN', 145900),
(3354, 'Kairouan', 'TUN', 113100),
(3355, 'Biserta', 'TUN', 108900),
(3356, 'Gabès', 'TUN', 106600),
(3357, 'Istanbul', 'TUR', 8787958),
(3358, 'Ankara', 'TUR', 3038159),
(3359, 'Izmir', 'TUR', 2130359),
(3360, 'Adana', 'TUR', 1131198),
(3361, 'Bursa', 'TUR', 1095842),
(3362, 'Gaziantep', 'TUR', 789056),
(3363, 'Konya', 'TUR', 628364),
(3364, 'Mersin (Içel)', 'TUR', 587212),
(3365, 'Antalya', 'TUR', 564914),
(3366, 'Diyarbakir', 'TUR', 479884),
(3367, 'Kayseri', 'TUR', 475657),
(3368, 'Eskisehir', 'TUR', 470781),
(3369, 'Sanliurfa', 'TUR', 405905),
(3370, 'Samsun', 'TUR', 339871),
(3371, 'Malatya', 'TUR', 330312),
(3372, 'Gebze', 'TUR', 264170),
(3373, 'Denizli', 'TUR', 253848),
(3374, 'Sivas', 'TUR', 246642),
(3375, 'Erzurum', 'TUR', 246535),
(3376, 'Tarsus', 'TUR', 246206),
(3377, 'Kahramanmaras', 'TUR', 245772),
(3378, 'Elâzig', 'TUR', 228815),
(3379, 'Van', 'TUR', 219319),
(3380, 'Sultanbeyli', 'TUR', 211068),
(3381, 'Izmit (Kocaeli)', 'TUR', 210068),
(3382, 'Manisa', 'TUR', 207148),
(3383, 'Batman', 'TUR', 203793),
(3384, 'Balikesir', 'TUR', 196382),
(3385, 'Sakarya (Adapazari)', 'TUR', 190641),
(3386, 'Iskenderun', 'TUR', 153022),
(3387, 'Osmaniye', 'TUR', 146003),
(3388, 'Çorum', 'TUR', 145495),
(3389, 'Kütahya', 'TUR', 144761),
(3390, 'Hatay (Antakya)', 'TUR', 143982),
(3391, 'Kirikkale', 'TUR', 142044),
(3392, 'Adiyaman', 'TUR', 141529),
(3393, 'Trabzon', 'TUR', 138234),
(3394, 'Ordu', 'TUR', 133642),
(3395, 'Aydin', 'TUR', 128651),
(3396, 'Usak', 'TUR', 128162),
(3397, 'Edirne', 'TUR', 123383),
(3398, 'Çorlu', 'TUR', 123300),
(3399, 'Isparta', 'TUR', 121911),
(3400, 'Karabük', 'TUR', 118285),
(3401, 'Kilis', 'TUR', 118245),
(3402, 'Alanya', 'TUR', 117300),
(3403, 'Kiziltepe', 'TUR', 112000),
(3404, 'Zonguldak', 'TUR', 111542),
(3405, 'Siirt', 'TUR', 107100),
(3406, 'Viransehir', 'TUR', 106400),
(3407, 'Tekirdag', 'TUR', 106077),
(3408, 'Karaman', 'TUR', 104200),
(3409, 'Afyon', 'TUR', 103984),
(3410, 'Aksaray', 'TUR', 102681),
(3411, 'Ceyhan', 'TUR', 102412),
(3412, 'Erzincan', 'TUR', 102304),
(3413, 'Bismil', 'TUR', 101400),
(3414, 'Nazilli', 'TUR', 99900),
(3415, 'Tokat', 'TUR', 99500),
(3416, 'Kars', 'TUR', 93000),
(3417, 'Inegöl', 'TUR', 90500),
(3418, 'Bandirma', 'TUR', 90200),
(3419, 'Ashgabat', 'TKM', 540600),
(3420, 'Chärjew', 'TKM', 189200),
(3421, 'Dashhowuz', 'TKM', 141800),
(3422, 'Mary', 'TKM', 101000),
(3423, 'Cockburn Town', 'TCA', 4800),
(3424, 'Funafuti', 'TUV', 4600),
(3425, 'Kampala', 'UGA', 890800),
(3426, 'Kyiv', 'UKR', 2624000),
(3427, 'Harkova [Harkiv]', 'UKR', 1500000),
(3428, 'Dnipropetrovsk', 'UKR', 1103000),
(3429, 'Donetsk', 'UKR', 1050000),
(3430, 'Odesa', 'UKR', 1011000),
(3431, 'Zaporizzja', 'UKR', 848000),
(3432, 'Lviv', 'UKR', 788000),
(3433, 'Kryvyi Rig', 'UKR', 703000),
(3434, 'Mykolajiv', 'UKR', 508000),
(3435, 'Mariupol', 'UKR', 490000),
(3436, 'Lugansk', 'UKR', 469000),
(3437, 'Vinnytsja', 'UKR', 391000),
(3438, 'Makijivka', 'UKR', 384000),
(3439, 'Herson', 'UKR', 353000),
(3440, 'Sevastopol', 'UKR', 348000),
(3441, 'Simferopol', 'UKR', 339000),
(3442, 'Pultava [Poltava]', 'UKR', 313000),
(3443, 'Tšernigiv', 'UKR', 313000),
(3444, 'Tšerkasy', 'UKR', 309000),
(3445, 'Gorlivka', 'UKR', 299000),
(3446, 'Zytomyr', 'UKR', 297000),
(3447, 'Sumy', 'UKR', 294000),
(3448, 'Dniprodzerzynsk', 'UKR', 270000),
(3449, 'Kirovograd', 'UKR', 265000),
(3450, 'Hmelnytskyi', 'UKR', 262000),
(3451, 'Tšernivtsi', 'UKR', 259000),
(3452, 'Rivne', 'UKR', 245000),
(3453, 'Krementšuk', 'UKR', 239000),
(3454, 'Ivano-Frankivsk', 'UKR', 237000),
(3455, 'Ternopil', 'UKR', 236000),
(3456, 'Lutsk', 'UKR', 217000),
(3457, 'Bila Tserkva', 'UKR', 215000),
(3458, 'Kramatorsk', 'UKR', 186000),
(3459, 'Melitopol', 'UKR', 169000),
(3460, 'Kertš', 'UKR', 162000),
(3461, 'Nikopol', 'UKR', 149000),
(3462, 'Berdjansk', 'UKR', 130000),
(3463, 'Pavlograd', 'UKR', 127000),
(3464, 'Sjeverodonetsk', 'UKR', 127000),
(3465, 'Slovjansk', 'UKR', 127000),
(3466, 'Uzgorod', 'UKR', 127000),
(3467, 'Altševsk', 'UKR', 119000),
(3468, 'Lysytšansk', 'UKR', 116000),
(3469, 'Jevpatorija', 'UKR', 112000),
(3470, 'Kamjanets-Podilskyi', 'UKR', 109000),
(3471, 'Jenakijeve', 'UKR', 105000),
(3472, 'Krasnyi Lutš', 'UKR', 101000),
(3473, 'Stahanov', 'UKR', 101000),
(3474, 'Oleksandrija', 'UKR', 99000),
(3475, 'Konotop', 'UKR', 96000),
(3476, 'Kostjantynivka', 'UKR', 95000),
(3477, 'Berdytšiv', 'UKR', 90000),
(3478, 'Izmajil', 'UKR', 90000),
(3479, 'Šostka', 'UKR', 90000),
(3480, 'Uman', 'UKR', 90000),
(3481, 'Brovary', 'UKR', 89000),
(3482, 'Mukatševe', 'UKR', 89000),
(3483, 'Budapest', 'HUN', 1811552),
(3484, 'Debrecen', 'HUN', 203648),
(3485, 'Miskolc', 'HUN', 172357),
(3486, 'Szeged', 'HUN', 158158),
(3487, 'Pécs', 'HUN', 157332),
(3488, 'Györ', 'HUN', 127119),
(3489, 'Nyiregyháza', 'HUN', 112419),
(3490, 'Kecskemét', 'HUN', 105606),
(3491, 'Székesfehérvár', 'HUN', 105119),
(3492, 'Montevideo', 'URY', 1236000),
(3493, 'Nouméa', 'NCL', 76293),
(3494, 'Auckland', 'NZL', 381800),
(3495, 'Christchurch', 'NZL', 324200),
(3496, 'Manukau', 'NZL', 281800),
(3497, 'North Shore', 'NZL', 187700),
(3498, 'Waitakere', 'NZL', 170600),
(3499, 'Wellington', 'NZL', 166700),
(3500, 'Dunedin', 'NZL', 119600),
(3501, 'Hamilton', 'NZL', 117100),
(3502, 'Lower Hutt', 'NZL', 98100),
(3503, 'Toskent', 'UZB', 2117500),
(3504, 'Namangan', 'UZB', 370500),
(3505, 'Samarkand', 'UZB', 361800),
(3506, 'Andijon', 'UZB', 318600),
(3507, 'Buhoro', 'UZB', 237100),
(3508, 'Karsi', 'UZB', 194100),
(3509, 'Nukus', 'UZB', 194100),
(3510, 'Kükon', 'UZB', 190100),
(3511, 'Fargona', 'UZB', 180500),
(3512, 'Circik', 'UZB', 146400),
(3513, 'Margilon', 'UZB', 140800),
(3514, 'Ürgenc', 'UZB', 138900),
(3515, 'Angren', 'UZB', 128000),
(3516, 'Cizah', 'UZB', 124800),
(3517, 'Navoi', 'UZB', 116300),
(3518, 'Olmalik', 'UZB', 114900),
(3519, 'Termiz', 'UZB', 109500),
(3520, 'Minsk', 'BLR', 1674000),
(3521, 'Gomel', 'BLR', 475000),
(3522, 'Mogiljov', 'BLR', 356000),
(3523, 'Vitebsk', 'BLR', 340000),
(3524, 'Grodno', 'BLR', 302000),
(3525, 'Brest', 'BLR', 286000),
(3526, 'Bobruisk', 'BLR', 221000),
(3527, 'Baranovitši', 'BLR', 167000),
(3528, 'Borisov', 'BLR', 151000),
(3529, 'Pinsk', 'BLR', 130000),
(3530, 'Orša', 'BLR', 124000),
(3531, 'Mozyr', 'BLR', 110000),
(3532, 'Novopolotsk', 'BLR', 106000),
(3533, 'Lida', 'BLR', 101000),
(3534, 'Soligorsk', 'BLR', 101000),
(3535, 'Molodetšno', 'BLR', 97000),
(3536, 'Mata-Utu', 'WLF', 1137),
(3537, 'Port-Vila', 'VUT', 33700),
(3538, 'Città del Vaticano', 'VAT', 455),
(3539, 'Caracas', 'VEN', 1975294),
(3540, 'Maracaíbo', 'VEN', 1304776),
(3541, 'Barquisimeto', 'VEN', 877239),
(3542, 'Valencia', 'VEN', 794246),
(3543, 'Ciudad Guayana', 'VEN', 663713),
(3544, 'Petare', 'VEN', 488868),
(3545, 'Maracay', 'VEN', 444443),
(3546, 'Barcelona', 'VEN', 322267),
(3547, 'Maturín', 'VEN', 319726),
(3548, 'San Cristóbal', 'VEN', 319373),
(3549, 'Ciudad Bolívar', 'VEN', 301107),
(3550, 'Cumaná', 'VEN', 293105),
(3551, 'Mérida', 'VEN', 224887),
(3552, 'Cabimas', 'VEN', 221329),
(3553, 'Barinas', 'VEN', 217831),
(3554, 'Turmero', 'VEN', 217499),
(3555, 'Baruta', 'VEN', 207290),
(3556, 'Puerto Cabello', 'VEN', 187722),
(3557, 'Santa Ana de Coro', 'VEN', 185766),
(3558, 'Los Teques', 'VEN', 178784),
(3559, 'Punto Fijo', 'VEN', 167215),
(3560, 'Guarenas', 'VEN', 165889),
(3561, 'Acarigua', 'VEN', 158954),
(3562, 'Puerto La Cruz', 'VEN', 155700),
(3563, 'Ciudad Losada', 'VEN', 134501),
(3564, 'Guacara', 'VEN', 131334),
(3565, 'Valera', 'VEN', 130281),
(3566, 'Guanare', 'VEN', 125621),
(3567, 'Carúpano', 'VEN', 119639),
(3568, 'Catia La Mar', 'VEN', 117012),
(3569, 'El Tigre', 'VEN', 116256),
(3570, 'Guatire', 'VEN', 109121),
(3571, 'Calabozo', 'VEN', 107146),
(3572, 'Pozuelos', 'VEN', 105690),
(3573, 'Ciudad Ojeda', 'VEN', 99354),
(3574, 'Ocumare del Tuy', 'VEN', 97168),
(3575, 'Valle de la Pascua', 'VEN', 95927),
(3576, 'Araure', 'VEN', 94269),
(3577, 'San Fernando de Apure', 'VEN', 93809),
(3578, 'San Felipe', 'VEN', 90940),
(3579, 'El Limón', 'VEN', 90000),
(3580, 'Moscow', 'RUS', 8389200),
(3581, 'St Petersburg', 'RUS', 4694000),
(3582, 'Novosibirsk', 'RUS', 1398800),
(3583, 'Nizni Novgorod', 'RUS', 1357000),
(3584, 'Jekaterinburg', 'RUS', 1266300),
(3585, 'Samara', 'RUS', 1156100),
(3586, 'Omsk', 'RUS', 1148900),
(3587, 'Kazan', 'RUS', 1101000),
(3588, 'Ufa', 'RUS', 1091200),
(3589, 'Tšeljabinsk', 'RUS', 1083200),
(3590, 'Rostov-na-Donu', 'RUS', 1012700),
(3591, 'Perm', 'RUS', 1009700),
(3592, 'Volgograd', 'RUS', 993400),
(3593, 'Voronez', 'RUS', 907700),
(3594, 'Krasnojarsk', 'RUS', 875500),
(3595, 'Saratov', 'RUS', 874000),
(3596, 'Toljatti', 'RUS', 722900),
(3597, 'Uljanovsk', 'RUS', 667400),
(3598, 'Izevsk', 'RUS', 652800),
(3599, 'Krasnodar', 'RUS', 639000),
(3600, 'Jaroslavl', 'RUS', 616700),
(3601, 'Habarovsk', 'RUS', 609400),
(3602, 'Vladivostok', 'RUS', 606200),
(3603, 'Irkutsk', 'RUS', 593700),
(3604, 'Barnaul', 'RUS', 580100),
(3605, 'Novokuznetsk', 'RUS', 561600),
(3606, 'Penza', 'RUS', 532200),
(3607, 'Rjazan', 'RUS', 529900),
(3608, 'Orenburg', 'RUS', 523600),
(3609, 'Lipetsk', 'RUS', 521000),
(3610, 'Nabereznyje Tšelny', 'RUS', 514700),
(3611, 'Tula', 'RUS', 506100),
(3612, 'Tjumen', 'RUS', 503400),
(3613, 'Kemerovo', 'RUS', 492700),
(3614, 'Astrahan', 'RUS', 486100),
(3615, 'Tomsk', 'RUS', 482100),
(3616, 'Kirov', 'RUS', 466200),
(3617, 'Ivanovo', 'RUS', 459200),
(3618, 'Tšeboksary', 'RUS', 459200),
(3619, 'Brjansk', 'RUS', 457400),
(3620, 'Tver', 'RUS', 454900),
(3621, 'Kursk', 'RUS', 443500),
(3622, 'Magnitogorsk', 'RUS', 427900),
(3623, 'Kaliningrad', 'RUS', 424400),
(3624, 'Nizni Tagil', 'RUS', 390900),
(3625, 'Murmansk', 'RUS', 376300),
(3626, 'Ulan-Ude', 'RUS', 370400),
(3627, 'Kurgan', 'RUS', 364700),
(3628, 'Arkangeli', 'RUS', 361800),
(3629, 'Sotši', 'RUS', 358600),
(3630, 'Smolensk', 'RUS', 353400),
(3631, 'Orjol', 'RUS', 344500),
(3632, 'Stavropol', 'RUS', 343300),
(3633, 'Belgorod', 'RUS', 342000),
(3634, 'Kaluga', 'RUS', 339300),
(3635, 'Vladimir', 'RUS', 337100),
(3636, 'Mahatškala', 'RUS', 332800),
(3637, 'Tšerepovets', 'RUS', 324400),
(3638, 'Saransk', 'RUS', 314800),
(3639, 'Tambov', 'RUS', 312000),
(3640, 'Vladikavkaz', 'RUS', 310100),
(3641, 'Tšita', 'RUS', 309900),
(3642, 'Vologda', 'RUS', 302500),
(3643, 'Veliki Novgorod', 'RUS', 299500),
(3644, 'Komsomolsk-na-Amure', 'RUS', 291600),
(3645, 'Kostroma', 'RUS', 288100),
(3646, 'Volzski', 'RUS', 286900),
(3647, 'Taganrog', 'RUS', 284400),
(3648, 'Petroskoi', 'RUS', 282100),
(3649, 'Bratsk', 'RUS', 277600),
(3650, 'Dzerzinsk', 'RUS', 277100),
(3651, 'Surgut', 'RUS', 274900),
(3652, 'Orsk', 'RUS', 273900),
(3653, 'Sterlitamak', 'RUS', 265200),
(3654, 'Angarsk', 'RUS', 264700),
(3655, 'Joškar-Ola', 'RUS', 249200),
(3656, 'Rybinsk', 'RUS', 239600),
(3657, 'Prokopjevsk', 'RUS', 237300),
(3658, 'Niznevartovsk', 'RUS', 233900),
(3659, 'Naltšik', 'RUS', 233400),
(3660, 'Syktyvkar', 'RUS', 229700),
(3661, 'Severodvinsk', 'RUS', 229300),
(3662, 'Bijsk', 'RUS', 225000),
(3663, 'Niznekamsk', 'RUS', 223400),
(3664, 'Blagoveštšensk', 'RUS', 222000),
(3665, 'Šahty', 'RUS', 221800),
(3666, 'Staryi Oskol', 'RUS', 213800),
(3667, 'Zelenograd', 'RUS', 207100),
(3668, 'Balakovo', 'RUS', 206000),
(3669, 'Novorossijsk', 'RUS', 203300),
(3670, 'Pihkova', 'RUS', 201500),
(3671, 'Zlatoust', 'RUS', 196900),
(3672, 'Jakutsk', 'RUS', 195400),
(3673, 'Podolsk', 'RUS', 194300),
(3674, 'Petropavlovsk-Kamtšatski', 'RUS', 194100),
(3675, 'Kamensk-Uralski', 'RUS', 190600),
(3676, 'Engels', 'RUS', 189000),
(3677, 'Syzran', 'RUS', 186900),
(3678, 'Grozny', 'RUS', 186000),
(3679, 'Novotšerkassk', 'RUS', 184400),
(3680, 'Berezniki', 'RUS', 181900),
(3681, 'Juzno-Sahalinsk', 'RUS', 179200),
(3682, 'Volgodonsk', 'RUS', 178200),
(3683, 'Abakan', 'RUS', 169200),
(3684, 'Maikop', 'RUS', 167300),
(3685, 'Miass', 'RUS', 166200),
(3686, 'Armavir', 'RUS', 164900),
(3687, 'Ljubertsy', 'RUS', 163900),
(3688, 'Rubtsovsk', 'RUS', 162600),
(3689, 'Kovrov', 'RUS', 159900),
(3690, 'Nahodka', 'RUS', 157700),
(3691, 'Ussurijsk', 'RUS', 157300),
(3692, 'Salavat', 'RUS', 156800),
(3693, 'Mytištši', 'RUS', 155700),
(3694, 'Kolomna', 'RUS', 150700),
(3695, 'Elektrostal', 'RUS', 147000),
(3696, 'Murom', 'RUS', 142400),
(3697, 'Kolpino', 'RUS', 141200),
(3698, 'Norilsk', 'RUS', 140800),
(3699, 'Almetjevsk', 'RUS', 140700),
(3700, 'Novomoskovsk', 'RUS', 138100),
(3701, 'Dimitrovgrad', 'RUS', 137000),
(3702, 'Pervouralsk', 'RUS', 136100),
(3703, 'Himki', 'RUS', 133700),
(3704, 'Balašiha', 'RUS', 132900),
(3705, 'Nevinnomyssk', 'RUS', 132600),
(3706, 'Pjatigorsk', 'RUS', 132500),
(3707, 'Korolev', 'RUS', 132400),
(3708, 'Serpuhov', 'RUS', 132000),
(3709, 'Odintsovo', 'RUS', 127400),
(3710, 'Orehovo-Zujevo', 'RUS', 124900),
(3711, 'Kamyšin', 'RUS', 124600),
(3712, 'Novotšeboksarsk', 'RUS', 123400),
(3713, 'Tšerkessk', 'RUS', 121700),
(3714, 'Atšinsk', 'RUS', 121600),
(3715, 'Magadan', 'RUS', 121000),
(3716, 'Mitšurinsk', 'RUS', 120700),
(3717, 'Kislovodsk', 'RUS', 120400),
(3718, 'Jelets', 'RUS', 119400),
(3719, 'Seversk', 'RUS', 118600),
(3720, 'Noginsk', 'RUS', 117200),
(3721, 'Velikije Luki', 'RUS', 116300),
(3722, 'Novokuibyševsk', 'RUS', 116200),
(3723, 'Neftekamsk', 'RUS', 115700),
(3724, 'Leninsk-Kuznetski', 'RUS', 113800),
(3725, 'Oktjabrski', 'RUS', 111500),
(3726, 'Sergijev Posad', 'RUS', 111100),
(3727, 'Arzamas', 'RUS', 110700),
(3728, 'Kiseljovsk', 'RUS', 110000),
(3729, 'Novotroitsk', 'RUS', 109600),
(3730, 'Obninsk', 'RUS', 108300),
(3731, 'Kansk', 'RUS', 107400),
(3732, 'Glazov', 'RUS', 106300),
(3733, 'Solikamsk', 'RUS', 106000),
(3734, 'Sarapul', 'RUS', 105700),
(3735, 'Ust-Ilimsk', 'RUS', 105200),
(3736, 'Štšolkovo', 'RUS', 104900),
(3737, 'Mezduretšensk', 'RUS', 104400),
(3738, 'Usolje-Sibirskoje', 'RUS', 103500),
(3739, 'Elista', 'RUS', 103300),
(3740, 'Novošahtinsk', 'RUS', 101900),
(3741, 'Votkinsk', 'RUS', 101700),
(3742, 'Kyzyl', 'RUS', 101100),
(3743, 'Serov', 'RUS', 100400),
(3744, 'Zelenodolsk', 'RUS', 100200),
(3745, 'Zeleznodoroznyi', 'RUS', 100100),
(3746, 'Kinešma', 'RUS', 100000),
(3747, 'Kuznetsk', 'RUS', 98200),
(3748, 'Uhta', 'RUS', 98000),
(3749, 'Jessentuki', 'RUS', 97900),
(3750, 'Tobolsk', 'RUS', 97600),
(3751, 'Neftejugansk', 'RUS', 97400),
(3752, 'Bataisk', 'RUS', 97300),
(3753, 'Nojabrsk', 'RUS', 97300),
(3754, 'Balašov', 'RUS', 97100),
(3755, 'Zeleznogorsk', 'RUS', 96900),
(3756, 'Zukovski', 'RUS', 96500),
(3757, 'Anzero-Sudzensk', 'RUS', 96100),
(3758, 'Bugulma', 'RUS', 94100),
(3759, 'Zeleznogorsk', 'RUS', 94000),
(3760, 'Novouralsk', 'RUS', 93300),
(3761, 'Puškin', 'RUS', 92900),
(3762, 'Vorkuta', 'RUS', 92600),
(3763, 'Derbent', 'RUS', 92300),
(3764, 'Kirovo-Tšepetsk', 'RUS', 91600),
(3765, 'Krasnogorsk', 'RUS', 91000),
(3766, 'Klin', 'RUS', 90000),
(3767, 'Tšaikovski', 'RUS', 90000),
(3768, 'Novyi Urengoi', 'RUS', 89800),
(3769, 'Ho Chi Minh City', 'VNM', 3980000),
(3770, 'Hanoi', 'VNM', 1410000),
(3771, 'Haiphong', 'VNM', 783133),
(3772, 'Da Nang', 'VNM', 382674),
(3773, 'Biên Hoa', 'VNM', 282095),
(3774, 'Nha Trang', 'VNM', 221331),
(3775, 'Hue', 'VNM', 219149),
(3776, 'Can Tho', 'VNM', 215587),
(3777, 'Cam Pha', 'VNM', 209086),
(3778, 'Nam Dinh', 'VNM', 171699),
(3779, 'Quy Nhon', 'VNM', 163385),
(3780, 'Vung Tau', 'VNM', 145145),
(3781, 'Rach Gia', 'VNM', 141132),
(3782, 'Long Xuyen', 'VNM', 132681),
(3783, 'Thai Nguyen', 'VNM', 127643),
(3784, 'Hong Gai', 'VNM', 127484),
(3785, 'Phan Thiêt', 'VNM', 114236),
(3786, 'Cam Ranh', 'VNM', 114041),
(3787, 'Vinh', 'VNM', 112455),
(3788, 'My Tho', 'VNM', 108404),
(3789, 'Da Lat', 'VNM', 106409),
(3790, 'Buon Ma Thuot', 'VNM', 97044),
(3791, 'Tallinn', 'EST', 403981),
(3792, 'Tartu', 'EST', 101246),
(3793, 'New York', 'USA', 8008278),
(3794, 'Los Angeles', 'USA', 3694820),
(3795, 'Chicago', 'USA', 2896016),
(3796, 'Houston', 'USA', 1953631),
(3797, 'Philadelphia', 'USA', 1517550),
(3798, 'Phoenix', 'USA', 1321045),
(3799, 'San Diego', 'USA', 1223400),
(3800, 'Dallas', 'USA', 1188580),
(3801, 'San Antonio', 'USA', 1144646),
(3802, 'Detroit', 'USA', 951270),
(3803, 'San Jose', 'USA', 894943),
(3804, 'Indianapolis', 'USA', 791926),
(3805, 'San Francisco', 'USA', 776733),
(3806, 'Jacksonville', 'USA', 735167),
(3807, 'Columbus', 'USA', 711470),
(3808, 'Austin', 'USA', 656562),
(3809, 'Baltimore', 'USA', 651154),
(3810, 'Memphis', 'USA', 650100),
(3811, 'Milwaukee', 'USA', 596974),
(3812, 'Boston', 'USA', 589141),
(3813, 'Washington', 'USA', 572059),
(3814, 'Nashville-Davidson', 'USA', 569891),
(3815, 'El Paso', 'USA', 563662),
(3816, 'Seattle', 'USA', 563374),
(3817, 'Denver', 'USA', 554636),
(3818, 'Charlotte', 'USA', 540828),
(3819, 'Fort Worth', 'USA', 534694),
(3820, 'Portland', 'USA', 529121),
(3821, 'Oklahoma City', 'USA', 506132),
(3822, 'Tucson', 'USA', 486699),
(3823, 'New Orleans', 'USA', 484674),
(3824, 'Las Vegas', 'USA', 478434),
(3825, 'Cleveland', 'USA', 478403),
(3826, 'Long Beach', 'USA', 461522),
(3827, 'Albuquerque', 'USA', 448607),
(3828, 'Kansas City', 'USA', 441545),
(3829, 'Fresno', 'USA', 427652),
(3830, 'Virginia Beach', 'USA', 425257),
(3831, 'Atlanta', 'USA', 416474),
(3832, 'Sacramento', 'USA', 407018),
(3833, 'Oakland', 'USA', 399484),
(3834, 'Mesa', 'USA', 396375),
(3835, 'Tulsa', 'USA', 393049),
(3836, 'Omaha', 'USA', 390007),
(3837, 'Minneapolis', 'USA', 382618),
(3838, 'Honolulu', 'USA', 371657),
(3839, 'Miami', 'USA', 362470),
(3840, 'Colorado Springs', 'USA', 360890),
(3841, 'Saint Louis', 'USA', 348189),
(3842, 'Wichita', 'USA', 344284),
(3843, 'Santa Ana', 'USA', 337977),
(3844, 'Pittsburgh', 'USA', 334563),
(3845, 'Arlington', 'USA', 332969),
(3846, 'Cincinnati', 'USA', 331285),
(3847, 'Anaheim', 'USA', 328014),
(3848, 'Toledo', 'USA', 313619),
(3849, 'Tampa', 'USA', 303447),
(3850, 'Buffalo', 'USA', 292648),
(3851, 'Saint Paul', 'USA', 287151),
(3852, 'Corpus Christi', 'USA', 277454),
(3853, 'Aurora', 'USA', 276393),
(3854, 'Raleigh', 'USA', 276093),
(3855, 'Newark', 'USA', 273546),
(3856, 'Lexington-Fayette', 'USA', 260512),
(3857, 'Anchorage', 'USA', 260283),
(3858, 'Louisville', 'USA', 256231),
(3859, 'Riverside', 'USA', 255166),
(3860, 'Saint Petersburg', 'USA', 248232),
(3861, 'Bakersfield', 'USA', 247057),
(3862, 'Stockton', 'USA', 243771),
(3863, 'Birmingham', 'USA', 242820),
(3864, 'Jersey City', 'USA', 240055),
(3865, 'Norfolk', 'USA', 234403),
(3866, 'Baton Rouge', 'USA', 227818),
(3867, 'Hialeah', 'USA', 226419),
(3868, 'Lincoln', 'USA', 225581),
(3869, 'Greensboro', 'USA', 223891),
(3870, 'Plano', 'USA', 222030),
(3871, 'Rochester', 'USA', 219773),
(3872, 'Glendale', 'USA', 218812),
(3873, 'Akron', 'USA', 217074),
(3874, 'Garland', 'USA', 215768),
(3875, 'Madison', 'USA', 208054),
(3876, 'Fort Wayne', 'USA', 205727),
(3877, 'Fremont', 'USA', 203413),
(3878, 'Scottsdale', 'USA', 202705),
(3879, 'Montgomery', 'USA', 201568),
(3880, 'Shreveport', 'USA', 200145),
(3881, 'Augusta-Richmond County', 'USA', 199775),
(3882, 'Lubbock', 'USA', 199564),
(3883, 'Chesapeake', 'USA', 199184),
(3884, 'Mobile', 'USA', 198915),
(3885, 'Des Moines', 'USA', 198682),
(3886, 'Grand Rapids', 'USA', 197800),
(3887, 'Richmond', 'USA', 197790),
(3888, 'Yonkers', 'USA', 196086),
(3889, 'Spokane', 'USA', 195629),
(3890, 'Glendale', 'USA', 194973),
(3891, 'Tacoma', 'USA', 193556),
(3892, 'Irving', 'USA', 191615),
(3893, 'Huntington Beach', 'USA', 189594),
(3894, 'Modesto', 'USA', 188856),
(3895, 'Durham', 'USA', 187035),
(3896, 'Columbus', 'USA', 186291),
(3897, 'Orlando', 'USA', 185951),
(3898, 'Boise City', 'USA', 185787),
(3899, 'Winston-Salem', 'USA', 185776),
(3900, 'San Bernardino', 'USA', 185401),
(3901, 'Jackson', 'USA', 184256),
(3902, 'Little Rock', 'USA', 183133),
(3903, 'Salt Lake City', 'USA', 181743),
(3904, 'Reno', 'USA', 180480),
(3905, 'Newport News', 'USA', 180150),
(3906, 'Chandler', 'USA', 176581),
(3907, 'Laredo', 'USA', 176576),
(3908, 'Henderson', 'USA', 175381),
(3909, 'Arlington', 'USA', 174838),
(3910, 'Knoxville', 'USA', 173890),
(3911, 'Amarillo', 'USA', 173627),
(3912, 'Providence', 'USA', 173618),
(3913, 'Chula Vista', 'USA', 173556),
(3914, 'Worcester', 'USA', 172648),
(3915, 'Oxnard', 'USA', 170358),
(3916, 'Dayton', 'USA', 166179),
(3917, 'Garden Grove', 'USA', 165196),
(3918, 'Oceanside', 'USA', 161029),
(3919, 'Tempe', 'USA', 158625),
(3920, 'Huntsville', 'USA', 158216),
(3921, 'Ontario', 'USA', 158007),
(3922, 'Chattanooga', 'USA', 155554),
(3923, 'Fort Lauderdale', 'USA', 152397),
(3924, 'Springfield', 'USA', 152082),
(3925, 'Springfield', 'USA', 151580),
(3926, 'Santa Clarita', 'USA', 151088),
(3927, 'Salinas', 'USA', 151060),
(3928, 'Tallahassee', 'USA', 150624),
(3929, 'Rockford', 'USA', 150115),
(3930, 'Pomona', 'USA', 149473),
(3931, 'Metairie', 'USA', 149428),
(3932, 'Paterson', 'USA', 149222),
(3933, 'Overland Park', 'USA', 149080),
(3934, 'Santa Rosa', 'USA', 147595),
(3935, 'Syracuse', 'USA', 147306),
(3936, 'Kansas City', 'USA', 146866),
(3937, 'Hampton', 'USA', 146437),
(3938, 'Lakewood', 'USA', 144126),
(3939, 'Vancouver', 'USA', 143560),
(3940, 'Irvine', 'USA', 143072),
(3941, 'Aurora', 'USA', 142990),
(3942, 'Moreno Valley', 'USA', 142381),
(3943, 'Pasadena', 'USA', 141674),
(3944, 'Hayward', 'USA', 140030),
(3945, 'Brownsville', 'USA', 139722),
(3946, 'Bridgeport', 'USA', 139529),
(3947, 'Hollywood', 'USA', 139357),
(3948, 'Warren', 'USA', 138247),
(3949, 'Torrance', 'USA', 137946),
(3950, 'Eugene', 'USA', 137893),
(3951, 'Pembroke Pines', 'USA', 137427),
(3952, 'Salem', 'USA', 136924),
(3953, 'Pasadena', 'USA', 133936),
(3954, 'Escondido', 'USA', 133559),
(3955, 'Sunnyvale', 'USA', 131760),
(3956, 'Savannah', 'USA', 131510),
(3957, 'Fontana', 'USA', 128929),
(3958, 'Orange', 'USA', 128821),
(3959, 'Naperville', 'USA', 128358),
(3960, 'Alexandria', 'USA', 128283),
(3961, 'Rancho Cucamonga', 'USA', 127743),
(3962, 'Grand Prairie', 'USA', 127427),
(3963, 'East Los Angeles', 'USA', 126379),
(3964, 'Fullerton', 'USA', 126003),
(3965, 'Corona', 'USA', 124966),
(3966, 'Flint', 'USA', 124943),
(3967, 'Paradise', 'USA', 124682),
(3968, 'Mesquite', 'USA', 124523),
(3969, 'Sterling Heights', 'USA', 124471),
(3970, 'Sioux Falls', 'USA', 123975),
(3971, 'New Haven', 'USA', 123626),
(3972, 'Topeka', 'USA', 122377),
(3973, 'Concord', 'USA', 121780),
(3974, 'Evansville', 'USA', 121582),
(3975, 'Hartford', 'USA', 121578),
(3976, 'Fayetteville', 'USA', 121015),
(3977, 'Cedar Rapids', 'USA', 120758),
(3978, 'Elizabeth', 'USA', 120568),
(3979, 'Lansing', 'USA', 119128),
(3980, 'Lancaster', 'USA', 118718),
(3981, 'Fort Collins', 'USA', 118652),
(3982, 'Coral Springs', 'USA', 117549),
(3983, 'Stamford', 'USA', 117083),
(3984, 'Thousand Oaks', 'USA', 117005),
(3985, 'Vallejo', 'USA', 116760),
(3986, 'Palmdale', 'USA', 116670),
(3987, 'Columbia', 'USA', 116278),
(3988, 'El Monte', 'USA', 115965),
(3989, 'Abilene', 'USA', 115930),
(3990, 'North Las Vegas', 'USA', 115488),
(3991, 'Ann Arbor', 'USA', 114024),
(3992, 'Beaumont', 'USA', 113866),
(3993, 'Waco', 'USA', 113726),
(3994, 'Macon', 'USA', 113336),
(3995, 'Independence', 'USA', 113288),
(3996, 'Peoria', 'USA', 112936),
(3997, 'Inglewood', 'USA', 112580),
(3998, 'Springfield', 'USA', 111454),
(3999, 'Simi Valley', 'USA', 111351),
(4000, 'Lafayette', 'USA', 110257),
(4001, 'Gilbert', 'USA', 109697),
(4002, 'Carrollton', 'USA', 109576),
(4003, 'Bellevue', 'USA', 109569),
(4004, 'West Valley City', 'USA', 108896),
(4005, 'Clarksville', 'USA', 108787),
(4006, 'Costa Mesa', 'USA', 108724),
(4007, 'Peoria', 'USA', 108364),
(4008, 'South Bend', 'USA', 107789),
(4009, 'Downey', 'USA', 107323),
(4010, 'Waterbury', 'USA', 107271),
(4011, 'Manchester', 'USA', 107006),
(4012, 'Allentown', 'USA', 106632),
(4013, 'McAllen', 'USA', 106414),
(4014, 'Joliet', 'USA', 106221),
(4015, 'Lowell', 'USA', 105167),
(4016, 'Provo', 'USA', 105166),
(4017, 'West Covina', 'USA', 105080),
(4018, 'Wichita Falls', 'USA', 104197),
(4019, 'Erie', 'USA', 103717),
(4020, 'Daly City', 'USA', 103621),
(4021, 'Citrus Heights', 'USA', 103455),
(4022, 'Norwalk', 'USA', 103298),
(4023, 'Gary', 'USA', 102746),
(4024, 'Berkeley', 'USA', 102743),
(4025, 'Santa Clara', 'USA', 102361),
(4026, 'Green Bay', 'USA', 102313),
(4027, 'Cape Coral', 'USA', 102286),
(4028, 'Arvada', 'USA', 102153),
(4029, 'Pueblo', 'USA', 102121),
(4030, 'Sandy', 'USA', 101853),
(4031, 'Athens-Clarke County', 'USA', 101489),
(4032, 'Cambridge', 'USA', 101355),
(4033, 'Westminster', 'USA', 100940),
(4034, 'San Buenaventura', 'USA', 100916),
(4035, 'Portsmouth', 'USA', 100565),
(4036, 'Livonia', 'USA', 100545),
(4037, 'Burbank', 'USA', 100316),
(4038, 'Clearwater', 'USA', 99936),
(4039, 'Midland', 'USA', 98293),
(4040, 'Davenport', 'USA', 98256),
(4041, 'Mission Viejo', 'USA', 98049),
(4042, 'Miami Beach', 'USA', 97855),
(4043, 'Sunrise Manor', 'USA', 95362),
(4044, 'New Bedford', 'USA', 94780),
(4045, 'El Cajon', 'USA', 94578),
(4046, 'Norman', 'USA', 94193),
(4047, 'Richmond', 'USA', 94100),
(4048, 'Albany', 'USA', 93994),
(4049, 'Brockton', 'USA', 93653),
(4050, 'Roanoke', 'USA', 93357),
(4051, 'Billings', 'USA', 92988),
(4052, 'Compton', 'USA', 92864),
(4053, 'Gainesville', 'USA', 92291),
(4054, 'Fairfield', 'USA', 92256),
(4055, 'Arden-Arcade', 'USA', 92040),
(4056, 'San Mateo', 'USA', 91799),
(4057, 'Visalia', 'USA', 91762),
(4058, 'Boulder', 'USA', 91238),
(4059, 'Cary', 'USA', 91213),
(4060, 'Santa Monica', 'USA', 91084),
(4061, 'Fall River', 'USA', 90555),
(4062, 'Kenosha', 'USA', 89447),
(4063, 'Elgin', 'USA', 89408),
(4064, 'Odessa', 'USA', 89293),
(4065, 'Carson', 'USA', 89089),
(4066, 'Charleston', 'USA', 89063),
(4067, 'Charlotte Amalie', 'VIR', 13000),
(4068, 'Harare', 'ZWE', 1410000),
(4069, 'Bulawayo', 'ZWE', 621742),
(4070, 'Chitungwiza', 'ZWE', 274912),
(4071, 'Mount Darwin', 'ZWE', 164362),
(4072, 'Mutare', 'ZWE', 131367),
(4073, 'Gweru', 'ZWE', 128037),
(4074, 'Gaza', 'PSE', 353632),
(4075, 'Khan Yunis', 'PSE', 123175),
(4076, 'Hebron', 'PSE', 119401),
(4077, 'Jabaliya', 'PSE', 113901),
(4078, 'Nablus', 'PSE', 100231),
(4079, 'Rafah', 'PSE', 92020),
(4080, 'jhgf', 'AFG', 0);

-- --------------------------------------------------------

--
-- Estructura de tabla para la tabla `country`
--

CREATE TABLE `country` (
  `Code` char(3) NOT NULL DEFAULT '',
  `Name` char(52) NOT NULL DEFAULT '',
  `Continent` enum('Asia','Europe','North America','Africa','Oceania','Antarctica','South America') NOT NULL DEFAULT 'Asia',
  `SurfaceArea` float(10,2) NOT NULL DEFAULT 0.00,
  `IndepYear` smallint(6) DEFAULT NULL,
  `Population` int(11) NOT NULL DEFAULT 0,
  `LifeExpectancy` float(3,1) DEFAULT NULL,
  `Capital` int(11) DEFAULT NULL
) ENGINE=InnoDB DEFAULT CHARSET=latin1;

--
-- Volcado de datos para la tabla `country`
--

INSERT INTO `country` (`Code`, `Name`, `Continent`, `SurfaceArea`, `IndepYear`, `Population`, `LifeExpectancy`, `Capital`) VALUES
('ABW', 'Aruba', 'North America', 193.00, NULL, 103000, 78.4, 129),
('AFG', 'Afghanistan', 'Asia', 652090.00, 1919, 22720000, 45.9, 1),
('AGO', 'Angola', 'Africa', 1246700.00, 1975, 12878000, 38.3, 56),
('AIA', 'Anguilla', 'North America', 96.00, NULL, 8000, 76.1, 62),
('ALB', 'Albania', 'Europe', 28748.00, 1912, 3401200, 71.6, 34),
('AND', 'Andorra', 'Europe', 468.00, 1278, 78000, 83.5, 55),
('ANT', 'Netherlands Antilles', 'North America', 800.00, NULL, 217000, 74.7, 33),
('ARE', 'United Arab Emirates', 'Asia', 83600.00, 1971, 2441000, 74.1, 65),
('ARG', 'Argentina', 'South America', 2780400.00, 1816, 37032000, 75.1, 69),
('ARM', 'Armenia', 'Asia', 29800.00, 1991, 3520000, 66.4, 126),
('ASM', 'American Samoa', 'Oceania', 199.00, NULL, 68000, 75.1, 54),
('ATA', 'Antarctica', 'Antarctica', 13120000.00, NULL, 0, NULL, NULL),
('ATF', 'French Southern territories', 'Antarctica', 7780.00, NULL, 0, NULL, NULL),
('ATG', 'Antigua and Barbuda', 'North America', 442.00, 1981, 68000, 70.5, 63),
('AUS', 'Australia', 'Oceania', 7741220.00, 1901, 18886000, 79.8, 135),
('AUT', 'Austria', 'Europe', 83859.00, 1918, 8091800, 77.7, 1523),
('AZE', 'Azerbaijan', 'Asia', 86600.00, 1991, 7734000, 62.9, 144),
('BDI', 'Burundi', 'Africa', 27834.00, 1962, 6695000, 46.2, 552),
('BEL', 'Belgium', 'Europe', 30518.00, 1830, 10239000, 77.8, 179),
('BEN', 'Benin', 'Africa', 112622.00, 1960, 6097000, 50.2, 187),
('BFA', 'Burkina Faso', 'Africa', 274000.00, 1960, 11937000, 46.7, 549),
('BGD', 'Bangladesh', 'Asia', 143998.00, 1971, 129155000, 60.2, 150),
('BGR', 'Bulgaria', 'Europe', 110994.00, 1908, 8190900, 70.9, 539),
('BHR', 'Bahrain', 'Asia', 694.00, 1971, 617000, 73.0, 149),
('BHS', 'Bahamas', 'North America', 13878.00, 1973, 307000, 71.1, 148),
('BIH', 'Bosnia and Herzegovina', 'Europe', 51197.00, 1992, 3972000, 71.5, 201),
('BLR', 'Belarus', 'Europe', 207600.00, 1991, 10236000, 68.0, 3520),
('BLZ', 'Belize', 'North America', 22696.00, 1981, 241000, 70.9, 185),
('BMU', 'Bermuda', 'North America', 53.00, NULL, 65000, 76.9, 191),
('BOL', 'Bolivia', 'South America', 1098581.00, 1825, 8329000, 63.7, 194),
('BRA', 'Brazil', 'South America', 8547403.00, 1822, 170115000, 62.9, 211),
('BRB', 'Barbados', 'North America', 430.00, 1966, 270000, 73.0, 174),
('BRN', 'Brunei', 'Asia', 5765.00, 1984, 328000, 73.6, 538),
('BTN', 'Bhutan', 'Asia', 47000.00, 1910, 2124000, 52.4, 192),
('BVT', 'Bouvet Island', 'Antarctica', 59.00, NULL, 0, NULL, NULL),
('BWA', 'Botswana', 'Africa', 581730.00, 1966, 1622000, 39.3, 204),
('CAF', 'Central African Republic', 'Africa', 622984.00, 1960, 3615000, 44.0, 1889),
('CAN', 'Canada', 'North America', 9970610.00, 1867, 31147000, 79.4, 1822),
('CCK', 'Cocos (Keeling) Islands', 'Oceania', 14.00, NULL, 600, NULL, 2317),
('CHE', 'Switzerland', 'Europe', 41284.00, 1499, 7160400, 79.6, 3248),
('CHL', 'Chile', 'South America', 756626.00, 1810, 15211000, 75.7, 554),
('CHN', 'China', 'Asia', 9572900.00, -1523, 1277558000, 71.4, 1891),
('CIV', 'Côte d’Ivoire', 'Africa', 322463.00, 1960, 14786000, 45.2, 2814),
('CMR', 'Cameroon', 'Africa', 475442.00, 1960, 15085000, 54.8, 1804),
('COD', 'Congo, The Democratic Republic of the', 'Africa', 2344858.00, 1960, 51654000, 48.8, 2298),
('COG', 'Congo', 'Africa', 342000.00, 1960, 2943000, 47.4, 2296),
('COK', 'Cook Islands', 'Oceania', 236.00, NULL, 20000, 71.1, 583),
('COL', 'Colombia', 'South America', 1138914.00, 1810, 42321000, 70.3, 2257),
('COM', 'Comoros', 'Africa', 1862.00, 1975, 578000, 60.0, 2295),
('CPV', 'Cape Verde', 'Africa', 4033.00, 1975, 428000, 68.9, 1859),
('CRI', 'Costa Rica', 'North America', 51100.00, 1821, 4023000, 75.8, 584),
('CUB', 'Cuba', 'North America', 110861.00, 1902, 11201000, 76.2, 2413),
('CXR', 'Christmas Island', 'Oceania', 135.00, NULL, 2500, NULL, 1791),
('CYM', 'Cayman Islands', 'North America', 264.00, NULL, 38000, 78.9, 553),
('CYP', 'Cyprus', 'Asia', 9251.00, 1960, 754700, 76.7, 2430),
('CZE', 'Czech Republic', 'Europe', 78866.00, 1993, 10278100, 74.5, 3339),
('DEU', 'Germany', 'Europe', 357022.00, 1955, 82164700, 77.4, 3068),
('DJI', 'Djibouti', 'Africa', 23200.00, 1977, 638000, 50.8, 585),
('DMA', 'Dominica', 'North America', 751.00, 1978, 71000, 73.4, 586),
('DNK', 'Denmark', 'Europe', 43094.00, 800, 5330000, 76.5, 3315),
('DOM', 'Dominican Republic', 'North America', 48511.00, 1844, 8495000, 73.2, 587),
('DZA', 'Algeria', 'Africa', 2381741.00, 1962, 31471000, 69.7, 35),
('ECU', 'Ecuador', 'South America', 283561.00, 1822, 12646000, 71.1, 594),
('EGY', 'Egypt', 'Africa', 1001449.00, 1922, 68470000, 63.3, 608),
('ERI', 'Eritrea', 'Africa', 117600.00, 1993, 3850000, 55.8, 652),
('ESH', 'Western Sahara', 'Africa', 266000.00, NULL, 293000, 49.8, 2453),
('ESP', 'Spain', 'Europe', 505992.00, 1492, 39441700, 78.8, 653),
('EST', 'Estonia', 'Europe', 45227.00, 1991, 1439200, 69.5, 3791),
('ETH', 'Ethiopia', 'Africa', 1104300.00, -1000, 62565000, 45.2, 756),
('FIN', 'Finland', 'Europe', 338145.00, 1917, 5171300, 77.4, 3236),
('FJI', 'Fiji Islands', 'Oceania', 18274.00, 1970, 817000, 67.9, 764),
('FLK', 'Falkland Islands', 'South America', 12173.00, NULL, 2000, NULL, 763),
('FRA', 'France', 'Europe', 551500.00, 843, 59225700, 78.8, 2974),
('FRO', 'Faroe Islands', 'Europe', 1399.00, NULL, 43000, 78.4, 901),
('FSM', 'Micronesia, Federated States of', 'Oceania', 702.00, 1990, 119000, 68.6, 2689),
('GAB', 'Gabon', 'Africa', 267668.00, 1960, 1226000, 50.1, 902),
('GBR', 'United Kingdom', 'Europe', 242900.00, 1066, 59623400, 77.7, 456),
('GEO', 'Georgia', 'Asia', 69700.00, 1991, 4968000, 64.5, 905),
('GHA', 'Ghana', 'Africa', 238533.00, 1957, 20212000, 57.4, 910),
('GIB', 'Gibraltar', 'Europe', 6.00, NULL, 25000, 79.0, 915),
('GIN', 'Guinea', 'Africa', 245857.00, 1958, 7430000, 45.6, 926),
('GLP', 'Guadeloupe', 'North America', 1705.00, NULL, 456000, 77.0, 919),
('GMB', 'Gambia', 'Africa', 11295.00, 1965, 1305000, 53.2, 904),
('GNB', 'Guinea-Bissau', 'Africa', 36125.00, 1974, 1213000, 49.0, 927),
('GNQ', 'Equatorial Guinea', 'Africa', 28051.00, 1968, 453000, 53.6, 2972),
('GRC', 'Greece', 'Europe', 131626.00, 1830, 10545700, 78.4, 2401),
('GRD', 'Grenada', 'North America', 344.00, 1974, 94000, 64.5, 916),
('GRL', 'Greenland', 'North America', 2166090.00, NULL, 56000, 68.1, 917),
('GTM', 'Guatemala', 'North America', 108889.00, 1821, 11385000, 66.2, 922),
('GUF', 'French Guiana', 'South America', 90000.00, NULL, 181000, 76.1, 3014),
('GUM', 'Guam', 'Oceania', 549.00, NULL, 168000, 77.8, 921),
('GUY', 'Guyana', 'South America', 214969.00, 1966, 861000, 64.0, 928),
('HKG', 'Hong Kong', 'Asia', 1075.00, NULL, 6782000, 79.5, 937),
('HMD', 'Heard Island and McDonald Islands', 'Antarctica', 359.00, NULL, 0, NULL, NULL),
('HND', 'Honduras', 'North America', 112088.00, 1838, 6485000, 69.9, 933),
('HRV', 'Croatia', 'Europe', 56538.00, 1991, 4473000, 73.7, 2409),
('HTI', 'Haiti', 'North America', 27750.00, 1804, 8222000, 49.2, 929),
('HUN', 'Hungary', 'Europe', 93030.00, 1918, 10043200, 71.4, 3483),
('IDN', 'Indonesia', 'Asia', 1904569.00, 1945, 212107000, 68.0, 939),
('IND', 'India', 'Asia', 3287263.00, 1947, 1013662000, 62.5, 1109),
('IOT', 'British Indian Ocean Territory', 'Africa', 78.00, NULL, 0, NULL, NULL),
('IRL', 'Ireland', 'Europe', 70273.00, 1921, 3775100, 76.8, 1447),
('IRN', 'Iran', 'Asia', 1648195.00, 1906, 67702000, 69.7, 1380),
('IRQ', 'Iraq', 'Asia', 438317.00, 1932, 23115000, 66.5, 1365),
('ISL', 'Iceland', 'Europe', 103000.00, 1944, 279000, 79.4, 1449),
('ISR', 'Israel', 'Asia', 21056.00, 1948, 6217000, 78.6, 1450),
('ITA', 'Italy', 'Europe', 301316.00, 1861, 57680000, 79.0, 1464),
('JAM', 'Jamaica', 'North America', 10990.00, 1962, 2583000, 75.2, 1530),
('JOR', 'Jordan', 'Asia', 88946.00, 1946, 5083000, 77.4, 1786),
('JPN', 'Japan', 'Asia', 377829.00, -660, 126714000, 80.7, 1532),
('KAZ', 'Kazakstan', 'Asia', 2724900.00, 1991, 16223000, 63.2, 1864),
('KEN', 'Kenya', 'Africa', 580367.00, 1963, 30080000, 48.0, 1881),
('KGZ', 'Kyrgyzstan', 'Asia', 199900.00, 1991, 4699000, 63.4, 2253),
('KHM', 'Cambodia', 'Asia', 181035.00, 1953, 11168000, 56.5, 1800),
('KIR', 'Kiribati', 'Oceania', 726.00, 1979, 83000, 59.8, 2256),
('KNA', 'Saint Kitts and Nevis', 'North America', 261.00, 1983, 38000, 70.7, 3064),
('KOR', 'South Korea', 'Asia', 99434.00, 1948, 46844000, 74.4, 2331),
('KWT', 'Kuwait', 'Asia', 17818.00, 1961, 1972000, 76.1, 2429),
('LAO', 'Laos', 'Asia', 236800.00, 1953, 5433000, 53.1, 2432),
('LBN', 'Lebanon', 'Asia', 10400.00, 1941, 3282000, 71.3, 2438),
('LBR', 'Liberia', 'Africa', 111369.00, 1847, 3154000, 51.0, 2440),
('LBY', 'Libyan Arab Jamahiriya', 'Africa', 1759540.00, 1951, 5605000, 75.5, 2441),
('LCA', 'Saint Lucia', 'North America', 622.00, 1979, 154000, 72.3, 3065),
('LIE', 'Liechtenstein', 'Europe', 160.00, 1806, 32300, 78.8, 2446),
('LKA', 'Sri Lanka', 'Asia', 65610.00, 1948, 18827000, 71.8, 3217),
('LSO', 'Lesotho', 'Africa', 30355.00, 1966, 2153000, 50.8, 2437),
('LTU', 'Lithuania', 'Europe', 65301.00, 1991, 3698500, 69.1, 2447),
('LUX', 'Luxembourg', 'Europe', 2586.00, 1867, 435700, 77.1, 2452),
('LVA', 'Latvia', 'Europe', 64589.00, 1991, 2424200, 68.4, 2434),
('MAC', 'Macao', 'Asia', 18.00, NULL, 473000, 81.6, 2454),
('MAR', 'Morocco', 'Africa', 446550.00, 1956, 28351000, 69.1, 2486),
('MCO', 'Monaco', 'Europe', 1.50, 1861, 34000, 78.8, 2695),
('MDA', 'Moldova', 'Europe', 33851.00, 1991, 4380000, 64.5, 2690),
('MDG', 'Madagascar', 'Africa', 587041.00, 1960, 15942000, 55.0, 2455),
('MDV', 'Maldives', 'Asia', 298.00, 1965, 286000, 62.2, 2463),
('MEX', 'Mexico', 'North America', 1958201.00, 1810, 98881000, 71.5, 2515),
('MHL', 'Marshall Islands', 'Oceania', 181.00, 1990, 64000, 65.5, 2507),
('MKD', 'Macedonia', 'Europe', 25713.00, 1991, 2024000, 73.8, 2460),
('MLI', 'Mali', 'Africa', 1240192.00, 1960, 11234000, 46.7, 2482),
('MLT', 'Malta', 'Europe', 316.00, 1964, 380200, 77.9, 2484),
('MMR', 'Myanmar', 'Asia', 676578.00, 1948, 45611000, 54.9, 2710),
('MNG', 'Mongolia', 'Asia', 1566500.00, 1921, 2662000, 67.3, 2696),
('MNP', 'Northern Mariana Islands', 'Oceania', 464.00, NULL, 78000, 75.5, 2913),
('MOZ', 'Mozambique', 'Africa', 801590.00, 1975, 19680000, 37.5, 2698),
('MRT', 'Mauritania', 'Africa', 1025520.00, 1960, 2670000, 50.8, 2509),
('MSR', 'Montserrat', 'North America', 102.00, NULL, 11000, 78.0, 2697),
('MTQ', 'Martinique', 'North America', 1102.00, NULL, 395000, 78.3, 2508),
('MUS', 'Mauritius', 'Africa', 2040.00, 1968, 1158000, 71.0, 2511),
('MWI', 'Malawi', 'Africa', 118484.00, 1964, 10925000, 37.6, 2462),
('MYS', 'Malaysia', 'Asia', 329758.00, 1957, 22244000, 70.8, 2464),
('MYT', 'Mayotte', 'Africa', 373.00, NULL, 149000, 59.5, 2514),
('NAM', 'Namibia', 'Africa', 824292.00, 1990, 1726000, 42.5, 2726),
('NCL', 'New Caledonia', 'Oceania', 18575.00, NULL, 214000, 72.8, 3493),
('NER', 'Niger', 'Africa', 1267000.00, 1960, 10730000, 41.3, 2738),
('NFK', 'Norfolk Island', 'Oceania', 36.00, NULL, 2000, NULL, 2806),
('NGA', 'Nigeria', 'Africa', 923768.00, 1960, 111506000, 51.6, 2754),
('NIC', 'Nicaragua', 'North America', 130000.00, 1838, 5074000, 68.7, 2734),
('NIU', 'Niue', 'Oceania', 260.00, NULL, 2000, NULL, 2805),
('NLD', 'Netherlands', 'Europe', 41526.00, 1581, 15864000, 78.3, 5),
('NOR', 'Norway', 'Europe', 323877.00, 1905, 4478500, 78.7, 2807),
('NPL', 'Nepal', 'Asia', 147181.00, 1769, 23930000, 57.8, 2729),
('NRU', 'Nauru', 'Oceania', 21.00, 1968, 12000, 60.8, 2728),
('NZL', 'New Zealand', 'Oceania', 270534.00, 1907, 3862000, 77.8, 3499),
('OMN', 'Oman', 'Asia', 309500.00, 1951, 2542000, 71.8, 2821),
('PAK', 'Pakistan', 'Asia', 796095.00, 1947, 156483000, 61.1, 2831),
('PAN', 'Panama', 'North America', 75517.00, 1903, 2856000, 75.5, 2882),
('PCN', 'Pitcairn', 'Oceania', 49.00, NULL, 50, NULL, 2912),
('PER', 'Peru', 'South America', 1285216.00, 1821, 25662000, 70.0, 2890),
('PHL', 'Philippines', 'Asia', 300000.00, 1946, 75967000, 67.5, 766),
('PLW', 'Palau', 'Oceania', 459.00, 1994, 19000, 68.6, 2881),
('PNG', 'Papua New Guinea', 'Oceania', 462840.00, 1975, 4807000, 63.1, 2884),
('POL', 'Poland', 'Europe', 323250.00, 1918, 38653600, 73.2, 2928),
('PRI', 'Puerto Rico', 'North America', 8875.00, NULL, 3869000, 75.6, 2919),
('PRK', 'North Korea', 'Asia', 120538.00, 1948, 24039000, 70.7, 2318),
('PRT', 'Portugal', 'Europe', 91982.00, 1143, 9997600, 75.8, 2914),
('PRY', 'Paraguay', 'South America', 406752.00, 1811, 5496000, 73.7, 2885),
('PSE', 'Palestine', 'Asia', 6257.00, NULL, 3101000, 71.4, 4074),
('PYF', 'French Polynesia', 'Oceania', 4000.00, NULL, 235000, 74.8, 3016),
('QAT', 'Qatar', 'Asia', 11000.00, 1971, 599000, 72.4, 2973),
('REU', 'Réunion', 'Africa', 2510.00, NULL, 699000, 72.7, 3017),
('ROM', 'Romania', 'Europe', 238391.00, 1878, 22455500, 69.9, 3018),
('RUS', 'Russian Federation', 'Europe', 17075400.00, 1991, 146934000, 67.2, 3580),
('RWA', 'Rwanda', 'Africa', 26338.00, 1962, 7733000, 39.3, 3047),
('SAU', 'Saudi Arabia', 'Asia', 2149690.00, 1932, 21607000, 67.8, 3173),
('SDN', 'Sudan', 'Africa', 2505813.00, 1956, 29490000, 56.6, 3225),
('SEN', 'Senegal', 'Africa', 196722.00, 1960, 9481000, 62.2, 3198),
('SGP', 'Singapore', 'Asia', 618.00, 1965, 3567000, 80.1, 3208),
('SGS', 'South Georgia and the South Sandwich Islands', 'Antarctica', 3903.00, NULL, 0, NULL, NULL),
('SHN', 'Saint Helena', 'Africa', 314.00, NULL, 6000, 76.8, 3063),
('SJM', 'Svalbard and Jan Mayen', 'Europe', 62422.00, NULL, 3200, NULL, 938),
('SLB', 'Solomon Islands', 'Oceania', 28896.00, 1978, 444000, 71.3, 3161),
('SLE', 'Sierra Leone', 'Africa', 71740.00, 1961, 4854000, 45.3, 3207),
('SLV', 'El Salvador', 'North America', 21041.00, 1841, 6276000, 69.7, 645),
('SMR', 'San Marino', 'Europe', 61.00, 885, 27000, 81.1, 3171),
('SOM', 'Somalia', 'Africa', 637657.00, 1960, 10097000, 46.2, 3214),
('SPM', 'Saint Pierre and Miquelon', 'North America', 242.00, NULL, 7000, 77.6, 3067),
('STP', 'Sao Tome and Principe', 'Africa', 964.00, 1975, 147000, 65.3, 3172),
('SUR', 'Suriname', 'South America', 163265.00, 1975, 417000, 71.4, 3243),
('SVK', 'Slovakia', 'Europe', 49012.00, 1993, 5398700, 73.7, 3209),
('SVN', 'Slovenia', 'Europe', 20256.00, 1991, 1987800, 74.9, 3212),
('SWE', 'Sweden', 'Europe', 449964.00, 836, 8861400, 79.6, 3048),
('SWZ', 'Swaziland', 'Africa', 17364.00, 1968, 1008000, 40.4, 3244),
('SYC', 'Seychelles', 'Africa', 455.00, 1976, 77000, 70.4, 3206),
('SYR', 'Syria', 'Asia', 185180.00, 1941, 16125000, 68.5, 3250),
('TCA', 'Turks and Caicos Islands', 'North America', 430.00, NULL, 17000, 73.3, 3423),
('TCD', 'Chad', 'Africa', 1284000.00, 1960, 7651000, 50.5, 3337),
('TGO', 'Togo', 'Africa', 56785.00, 1960, 4629000, 54.7, 3332),
('THA', 'Thailand', 'Asia', 513115.00, 1350, 61399000, 68.6, 3320),
('TJK', 'Tajikistan', 'Asia', 143100.00, 1991, 6188000, 64.1, 3261),
('TKL', 'Tokelau', 'Oceania', 12.00, NULL, 2000, NULL, 3333),
('TKM', 'Turkmenistan', 'Asia', 488100.00, 1991, 4459000, 60.9, 3419),
('TMP', 'East Timor', 'Asia', 14874.00, NULL, 885000, 46.0, 1522),
('TON', 'Tonga', 'Oceania', 650.00, 1970, 99000, 67.9, 3334),
('TTO', 'Trinidad and Tobago', 'North America', 5130.00, 1962, 1295000, 68.0, 3336),
('TUN', 'Tunisia', 'Africa', 163610.00, 1956, 9586000, 73.7, 3349),
('TUR', 'Turkey', 'Asia', 774815.00, 1923, 66591000, 71.0, 3358),
('TUV', 'Tuvalu', 'Oceania', 26.00, 1978, 12000, 66.3, 3424),
('TWN', 'Taiwan', 'Asia', 36188.00, 1945, 22256000, 76.4, 3263),
('TZA', 'Tanzania', 'Africa', 883749.00, 1961, 33517000, 52.3, 3306),
('UGA', 'Uganda', 'Africa', 241038.00, 1962, 21778000, 42.9, 3425),
('UKR', 'Ukraine', 'Europe', 603700.00, 1991, 50456000, 66.0, 3426),
('UMI', 'United States Minor Outlying Islands', 'Oceania', 16.00, NULL, 0, NULL, NULL),
('URY', 'Uruguay', 'South America', 175016.00, 1828, 3337000, 75.2, 3492),
('USA', 'United States', 'North America', 9363520.00, 1776, 278357000, 77.1, 3813),
('UZB', 'Uzbekistan', 'Asia', 447400.00, 1991, 24318000, 63.7, 3503),
('VAT', 'Holy See (Vatican City State)', 'Europe', 0.40, 1929, 1000, NULL, 3538),
('VCT', 'Saint Vincent and the Grenadines', 'North America', 388.00, 1979, 114000, 72.3, 3066),
('VEN', 'Venezuela', 'South America', 912050.00, 1811, 24170000, 73.1, 3539),
('VGB', 'Virgin Islands, British', 'North America', 151.00, NULL, 21000, 75.4, 537),
('VIR', 'Virgin Islands, U.S.', 'North America', 347.00, NULL, 93000, 78.1, 4067),
('VNM', 'Vietnam', 'Asia', 331689.00, 1945, 79832000, 69.3, 3770),
('VUT', 'Vanuatu', 'Oceania', 12189.00, 1980, 190000, 60.6, 3537),
('WLF', 'Wallis and Futuna', 'Oceania', 200.00, NULL, 15000, NULL, 3536),
('WSM', 'Samoa', 'Oceania', 2831.00, 1962, 180000, 69.2, 3169),
('YEM', 'Yemen', 'Asia', 527968.00, 1918, 18112000, 59.8, 1780),
('YUG', 'Yugoslavia', 'Europe', 102173.00, 1918, 10640000, 72.4, 1792),
('ZAF', 'South Africa', 'Africa', 1221037.00, 1910, 40377000, 51.1, 716),
('ZMB', 'Zambia', 'Africa', 752618.00, 1964, 9169000, 37.2, 3162),
('ZWE', 'Zimbabwe', 'Africa', 390757.00, 1980, 11669000, 37.8, 4068);

-- --------------------------------------------------------

--
-- Estructura de tabla para la tabla `users`
--

CREATE TABLE `users` (
  `idUser` int(11) NOT NULL,
  `username` varchar(50) NOT NULL,
  `password` varchar(255) NOT NULL,
  `name` varchar(255) NOT NULL,
  `surname` varchar(255) NOT NULL,
  `email` varchar(255) NOT NULL,
  `admin` int(11) NOT NULL
) ENGINE=InnoDB DEFAULT CHARSET=latin1;

--
-- Volcado de datos para la tabla `users`
--

INSERT INTO `users` (`idUser`, `username`, `password`, `name`, `surname`, `email`, `admin`) VALUES
(5, 'iker', '$2y$10$Jr1OhNpXYmHyA68xDOHpbOBKV/kmRz/j/tVxHC8oUhYBIIrxgR59y', 'iker', 'Herran', 'iker@fp.com', 1),
(6, 'john', '$2y$12$R5/Dg4me3rD4HPMOO8L1Lueoa/QkTm537NFFiYuFqoxnRJYunHG2C', 'john', 'doe', 'noAdmin@fpzornotza.com', 0),
(7, 'sara', '$2y$12$R5/Dg4me3rD4HPMOO8L1Lueoa/QkTm537NFFiYuFqoxnRJYunHG2C', 'sara', 'smith', 'sara@hotmay.com', 0);

-- --------------------------------------------------------

--
-- Estructura de tabla para la tabla `userscities`
--

CREATE TABLE `userscities` (
  `id` int(11) NOT NULL,
  `idUser` int(11) NOT NULL,
  `idCity` int(11) NOT NULL,
  `date` date DEFAULT NULL
) ENGINE=InnoDB DEFAULT CHARSET=latin1;

--
-- Volcado de datos para la tabla `userscities`
--

INSERT INTO `userscities` (`id`, `idUser`, `idCity`, `date`) VALUES
(1, 5, 1, '2020-01-06'),
(2, 5, 131, '2020-01-02'),
(3, 7, 207, '2019-12-18'),
(4, 7, 207, '2019-10-23'),
(5, 7, 498, '2020-01-05'),
(6, 6, 3068, '2019-12-18'),
(7, 6, 670, '2020-01-01'),
(8, 7, 3831, '2019-11-04'),
(9, 7, 3800, '2019-10-13');

--
-- Índices para tablas volcadas
--

--
-- Indices de la tabla `captcha`
--
ALTER TABLE `captcha`
  ADD PRIMARY KEY (`id`);

--
-- Indices de la tabla `city`
--
ALTER TABLE `city`
  ADD PRIMARY KEY (`ID`),
  ADD KEY `CountryCode` (`CountryCode`);

--
-- Indices de la tabla `country`
--
ALTER TABLE `country`
  ADD PRIMARY KEY (`Code`),
  ADD KEY `Capital` (`Capital`);

--
-- Indices de la tabla `users`
--
ALTER TABLE `users`
  ADD PRIMARY KEY (`idUser`);

--
-- Indices de la tabla `userscities`
--
ALTER TABLE `userscities`
  ADD PRIMARY KEY (`id`),
  ADD KEY `idUser` (`idUser`),
  ADD KEY `idCity` (`idCity`);

--
-- AUTO_INCREMENT de las tablas volcadas
--

--
-- AUTO_INCREMENT de la tabla `captcha`
--
ALTER TABLE `captcha`
  MODIFY `id` int(11) NOT NULL AUTO_INCREMENT, AUTO_INCREMENT=5;

--
-- AUTO_INCREMENT de la tabla `city`
--
ALTER TABLE `city`
  MODIFY `ID` int(11) NOT NULL AUTO_INCREMENT, AUTO_INCREMENT=4081;

--
-- AUTO_INCREMENT de la tabla `users`
--
ALTER TABLE `users`
  MODIFY `idUser` int(11) NOT NULL AUTO_INCREMENT, AUTO_INCREMENT=8;

--
-- AUTO_INCREMENT de la tabla `userscities`
--
ALTER TABLE `userscities`
  MODIFY `id` int(11) NOT NULL AUTO_INCREMENT, AUTO_INCREMENT=10;

--
-- Restricciones para tablas volcadas
--

--
-- Filtros para la tabla `city`
--
ALTER TABLE `city`
  ADD CONSTRAINT `city_ibfk_1` FOREIGN KEY (`CountryCode`) REFERENCES `country` (`Code`);

--
-- Filtros para la tabla `country`
--
ALTER TABLE `country`
  ADD CONSTRAINT `country_ibfk_1` FOREIGN KEY (`Capital`) REFERENCES `city` (`ID`);

--
-- Filtros para la tabla `userscities`
--
ALTER TABLE `userscities`
  ADD CONSTRAINT `userscities_ibfk_1` FOREIGN KEY (`idCity`) REFERENCES `city` (`ID`),
  ADD CONSTRAINT `userscities_ibfk_2` FOREIGN KEY (`idUser`) REFERENCES `users` (`idUser`);
--
-- Base de datos: `2aw3_peli`
--
CREATE DATABASE IF NOT EXISTS `2aw3_peli` DEFAULT CHARACTER SET utf8mb4 COLLATE utf8mb4_unicode_ci;
USE `2aw3_peli`;

-- --------------------------------------------------------

--
-- Estructura de tabla para la tabla `actores`
--

CREATE TABLE `actores` (
  `idActor` int(11) NOT NULL,
  `NombreActor` varchar(30) NOT NULL
) ENGINE=InnoDB DEFAULT CHARSET=latin1;

--
-- Volcado de datos para la tabla `actores`
--

INSERT INTO `actores` (`idActor`, `NombreActor`) VALUES
(1, 'Leonardo Di Caprio'),
(2, 'Robert de Niro'),
(3, 'Marlon Brando'),
(4, 'Kate Winslet'),
(5, 'Morgan Freeman'),
(6, 'Hilary Swank'),
(7, 'Gloria Stuart'),
(8, 'Clint Eastwood'),
(9, 'Al Pacino'),
(10, 'Jennifer Lawrence'),
(11, 'Javier Cámara'),
(12, 'Jude Law');

-- --------------------------------------------------------

--
-- Estructura de tabla para la tabla `directores`
--

CREATE TABLE `directores` (
  `idDirector` int(11) NOT NULL,
  `NombreDirector` varchar(30) CHARACTER SET utf8 COLLATE utf8_spanish_ci NOT NULL
) ENGINE=InnoDB DEFAULT CHARSET=latin1;

--
-- Volcado de datos para la tabla `directores`
--

INSERT INTO `directores` (`idDirector`, `NombreDirector`) VALUES
(1, 'Clint Eastwood'),
(2, 'James Cameron'),
(3, 'Francis Ford Coppola'),
(4, 'John Lasseter'),
(5, 'Ken Loach'),
(6, 'Alejandro Amenabar');

-- --------------------------------------------------------

--
-- Estructura de tabla para la tabla `peliculas`
--

CREATE TABLE `peliculas` (
  `idPelicula` int(11) NOT NULL,
  `TituloPelicula` varchar(30) CHARACTER SET utf8 COLLATE utf8_spanish_ci NOT NULL,
  `Anio` int(11) DEFAULT NULL,
  `Director` int(11) DEFAULT NULL,
  `cartel` varchar(100) DEFAULT NULL
) ENGINE=InnoDB DEFAULT CHARSET=latin1;

--
-- Volcado de datos para la tabla `peliculas`
--

INSERT INTO `peliculas` (`idPelicula`, `TituloPelicula`, `Anio`, `Director`, `cartel`) VALUES
(1, 'Titanic', 1997, 2, 'http://ddt27jcyr70k6.cloudfront.net/2012/03/titanic-cart-b.jpg'),
(6, 'El padrino III', 1977, 6, 'https://i.pinimg.com/originals/15/d8/a4/15d8a4999916d1d45b41dbeb564a5f97.jpg'),
(10, 'I, Daniel Blake', 2015, 5, 'http://bit.ly/2AqVr9C'),
(18, 'dsads', 444, 2, 'view/img/default.png'),
(23, 'dfs', 444, 2, 'view/img/default.png'),
(24, 'dsads', 333333, 2, 'view/img/default.png'),
(26, 'c', 333, 5, 'view/img/default.png'),
(35, 'dsads', 555, 2, 'view/img/default.png'),
(36, '', 444, 2, 'view/img/default.png'),
(37, '', 444, 2, ''),
(38, 'dsd', 443333, 2, 'view/img/default.png'),
(39, 'rtert', 44, 2, ''),
(44, 'gdfg', 22, 2, ' bbbb  '),
(45, 'gdfg', 22, 2, ' bbbb  '),
(46, 'gdfg', 6666, 2, ' bbbb  '),
(55, 'nmbv', 3, 3, ''),
(56, 'rer', 2, 2, ''),
(57, 'hgh', 2, 1, ''),
(58, 'tret', 2, 2, ''),
(59, 'dfds', 2, 3, ''),
(60, 'hbvv', 2, 2, ''),
(61, 'dfds', 3, 2, ''),
(62, 'dsa', 2, 3, ''),
(63, 'sdads', 22, 2, 'view/img/default.png'),
(65, '', 22, 2, ''),
(66, '', 333, 2, ''),
(67, 'rwerew', 444, 5, 'view/img/default.png'),
(69, 'fgdgfdg', 66, 1, ''),
(70, 'ascvcxv', 5588, 1, ''),
(74, 'jjjj', 99, 2, 'uuu'),
(75, 'Toy Story', 2010, 5, 'https://images-na.ssl-images-amazon.com/images/I/91GuxUoAATL.jpg');

-- --------------------------------------------------------

--
-- Estructura de tabla para la tabla `peliculas_actores`
--

CREATE TABLE `peliculas_actores` (
  `idPelicula` int(11) NOT NULL,
  `idActor` int(11) NOT NULL,
  `Protagonista` tinyint(1) NOT NULL
) ENGINE=InnoDB DEFAULT CHARSET=latin1;

--
-- Volcado de datos para la tabla `peliculas_actores`
--

INSERT INTO `peliculas_actores` (`idPelicula`, `idActor`, `Protagonista`) VALUES
(1, 1, 0),
(1, 2, 0),
(1, 5, 0),
(6, 5, 0),
(6, 7, 1),
(10, 7, 0),
(10, 8, 0);

-- --------------------------------------------------------

--
-- Estructura de tabla para la tabla `users`
--

CREATE TABLE `users` (
  `idUser` int(11) NOT NULL,
  `name` varchar(20) COLLATE utf8mb4_unicode_ci NOT NULL,
  `password` varchar(8) COLLATE utf8mb4_unicode_ci NOT NULL,
  `type` int(11) NOT NULL
) ENGINE=InnoDB DEFAULT CHARSET=utf8mb4 COLLATE=utf8mb4_unicode_ci;

--
-- Volcado de datos para la tabla `users`
--

INSERT INTO `users` (`idUser`, `name`, `password`, `type`) VALUES
(1, 'admin', '1234', 1),
(2, 'leire', '1234', 2);

-- --------------------------------------------------------

--
-- Estructura Stand-in para la vista `vpeliculasactores`
-- (Véase abajo para la vista actual)
--
CREATE TABLE `vpeliculasactores` (
`TituloPelicula` varchar(30)
,`GROUP_CONCAT(actores.NombreActor)` mediumtext
);

-- --------------------------------------------------------

--
-- Estructura Stand-in para la vista `vpelículasdirector`
-- (Véase abajo para la vista actual)
--
CREATE TABLE `vpelículasdirector` (
`idPelicula` int(11)
,`TituloPelicula` varchar(30)
,`Anio` int(11)
,`Director` varchar(30)
);

-- --------------------------------------------------------

--
-- Estructura para la vista `vpeliculasactores`
--
DROP TABLE IF EXISTS `vpeliculasactores`;

CREATE ALGORITHM=UNDEFINED DEFINER=`root`@`localhost` SQL SECURITY DEFINER VIEW `vpeliculasactores`  AS SELECT `peliculas`.`TituloPelicula` AS `TituloPelicula`, group_concat(`actores`.`NombreActor` separator ',') AS `GROUP_CONCAT(actores.NombreActor)` FROM ((`peliculas_actores` join `actores` on(`peliculas_actores`.`idActor` = `actores`.`idActor`)) join `peliculas` on(`peliculas_actores`.`idPelicula` = `peliculas`.`idPelicula`)) GROUP BY `peliculas`.`TituloPelicula` ;

-- --------------------------------------------------------

--
-- Estructura para la vista `vpelículasdirector`
--
DROP TABLE IF EXISTS `vpelículasdirector`;

CREATE ALGORITHM=UNDEFINED DEFINER=`root`@`localhost` SQL SECURITY DEFINER VIEW `vpelículasdirector`  AS SELECT `peliculas`.`idPelicula` AS `idPelicula`, `peliculas`.`TituloPelicula` AS `TituloPelicula`, `peliculas`.`Anio` AS `Anio`, `directores`.`NombreDirector` AS `Director` FROM (`directores` left join `peliculas` on(`peliculas`.`Director` = `directores`.`idDirector`)) ;

--
-- Índices para tablas volcadas
--

--
-- Indices de la tabla `actores`
--
ALTER TABLE `actores`
  ADD PRIMARY KEY (`idActor`);

--
-- Indices de la tabla `directores`
--
ALTER TABLE `directores`
  ADD PRIMARY KEY (`idDirector`);

--
-- Indices de la tabla `peliculas`
--
ALTER TABLE `peliculas`
  ADD PRIMARY KEY (`idPelicula`),
  ADD KEY `Director` (`Director`);

--
-- Indices de la tabla `peliculas_actores`
--
ALTER TABLE `peliculas_actores`
  ADD PRIMARY KEY (`idPelicula`,`idActor`),
  ADD KEY `idActor` (`idActor`);

--
-- Indices de la tabla `users`
--
ALTER TABLE `users`
  ADD PRIMARY KEY (`idUser`);

--
-- AUTO_INCREMENT de las tablas volcadas
--

--
-- AUTO_INCREMENT de la tabla `actores`
--
ALTER TABLE `actores`
  MODIFY `idActor` int(11) NOT NULL AUTO_INCREMENT, AUTO_INCREMENT=13;

--
-- AUTO_INCREMENT de la tabla `directores`
--
ALTER TABLE `directores`
  MODIFY `idDirector` int(11) NOT NULL AUTO_INCREMENT, AUTO_INCREMENT=7;

--
-- AUTO_INCREMENT de la tabla `peliculas`
--
ALTER TABLE `peliculas`
  MODIFY `idPelicula` int(11) NOT NULL AUTO_INCREMENT, AUTO_INCREMENT=76;

--
-- AUTO_INCREMENT de la tabla `users`
--
ALTER TABLE `users`
  MODIFY `idUser` int(11) NOT NULL AUTO_INCREMENT, AUTO_INCREMENT=3;

--
-- Restricciones para tablas volcadas
--

--
-- Filtros para la tabla `peliculas`
--
ALTER TABLE `peliculas`
  ADD CONSTRAINT `peliculas_ibfk_1` FOREIGN KEY (`Director`) REFERENCES `directores` (`idDirector`);

--
-- Filtros para la tabla `peliculas_actores`
--
ALTER TABLE `peliculas_actores`
  ADD CONSTRAINT `peliculas_actores_ibfk_1` FOREIGN KEY (`idPelicula`) REFERENCES `peliculas` (`idPelicula`) ON DELETE CASCADE ON UPDATE CASCADE,
  ADD CONSTRAINT `peliculas_actores_ibfk_2` FOREIGN KEY (`idActor`) REFERENCES `actores` (`idActor`);
--
-- Base de datos: `2aw3_peli_cartel_lokal`
--
CREATE DATABASE IF NOT EXISTS `2aw3_peli_cartel_lokal` DEFAULT CHARACTER SET utf8mb4 COLLATE utf8mb4_unicode_ci;
USE `2aw3_peli_cartel_lokal`;

-- --------------------------------------------------------

--
-- Estructura de tabla para la tabla `actores`
--

CREATE TABLE `actores` (
  `idActor` int(11) NOT NULL,
  `NombreActor` varchar(30) NOT NULL
) ENGINE=InnoDB DEFAULT CHARSET=latin1;

--
-- Volcado de datos para la tabla `actores`
--

INSERT INTO `actores` (`idActor`, `NombreActor`) VALUES
(1, 'Leonardo Di Caprio'),
(2, 'Robert de Niro'),
(3, 'Marlon Brando'),
(4, 'Kate Winslet'),
(5, 'Morgan Freeman'),
(6, 'Hilary Swank'),
(7, 'Gloria Stuart'),
(8, 'Clint Eastwood'),
(9, 'Al Pacino'),
(10, 'Jennifer Lawrence'),
(11, 'Javier Cámara'),
(12, 'Jude Law');

-- --------------------------------------------------------

--
-- Estructura de tabla para la tabla `directores`
--

CREATE TABLE `directores` (
  `idDirector` int(11) NOT NULL,
  `NombreDirector` varchar(30) CHARACTER SET utf8 COLLATE utf8_spanish_ci NOT NULL
) ENGINE=InnoDB DEFAULT CHARSET=latin1;

--
-- Volcado de datos para la tabla `directores`
--

INSERT INTO `directores` (`idDirector`, `NombreDirector`) VALUES
(1, 'Clint Eastwood'),
(2, 'James Cameron'),
(3, 'Francis Ford Coppola'),
(4, 'John Lasseter'),
(5, 'Ken Loach'),
(6, 'Alejandro Amenabar');

-- --------------------------------------------------------

--
-- Estructura de tabla para la tabla `peliculas`
--

CREATE TABLE `peliculas` (
  `idPelicula` int(11) NOT NULL,
  `TituloPelicula` varchar(30) CHARACTER SET utf8 COLLATE utf8_spanish_ci NOT NULL,
  `Anio` int(11) NOT NULL,
  `Director` int(11) NOT NULL,
  `cartel` varchar(100) NOT NULL
) ENGINE=InnoDB DEFAULT CHARSET=latin1;

--
-- Volcado de datos para la tabla `peliculas`
--

INSERT INTO `peliculas` (`idPelicula`, `TituloPelicula`, `Anio`, `Director`, `cartel`) VALUES
(1, 'Titanic', 1997, 2, 'titanic.jpg'),
(6, 'El padrino III', 1977, 3, 'elPadrinoIII.jpg'),
(10, 'I, Daniel Blake', 2016, 5, 'danielBlake.jpg'),
(11, 'Volver a empezar', 1990, 1, 'volver.jpg'),
(13, 'Mar adentro', 2000, 6, 'mar adentro.jpg'),
(15, 'la lengua de las mariposas', 2001, 6, 'la-lengua-de-las-mariposas.jpg'),
(16, 'el gran torino', 1986, 1, 'el_gran_torino.jpg'),
(17, 'harry', 1990, 1, 'harry_el_sucio.jpg'),
(18, 'Otro', 1996, 2, 'img5.jpg'),
(19, 'sdfds', 1995, 3, 'img8.jpg'),
(20, 'otra peli', 1665, 3, 'img3.jpg'),
(25, 'yutyu', 55, 1, 'el_gran_torino.jpg'),
(26, 'fsdfds', 33, 3, 'img-20171120-wa0008.jpg'),
(27, 'dsads', 444, 4, 'tomcat_eclipse_config.png'),
(28, 'sddfgds', 444, 3, 'eclipse_jst_serveradapters.png'),
(29, 'sdfsad', 444, 5, 'img5.jpg'),
(30, 'ssada', 333, 4, 'run_php.png'),
(37, 'khkjh', 666, 4, 'img9.jpg'),
(38, 'nmb', 66, 2, 'img9.jpg'),
(39, 'nbm', 66, 1, 'img9.jpg'),
(40, ',.m,', 66, 5, 'tempsnip4.png');

-- --------------------------------------------------------

--
-- Estructura de tabla para la tabla `peliculas_actores`
--

CREATE TABLE `peliculas_actores` (
  `idPelicula` int(11) NOT NULL,
  `idActor` int(11) NOT NULL,
  `Protagonista` tinyint(1) NOT NULL
) ENGINE=InnoDB DEFAULT CHARSET=latin1;

--
-- Volcado de datos para la tabla `peliculas_actores`
--

INSERT INTO `peliculas_actores` (`idPelicula`, `idActor`, `Protagonista`) VALUES
(1, 1, 0),
(1, 2, 0),
(1, 5, 0),
(6, 5, 0),
(6, 7, 1),
(10, 7, 0),
(10, 8, 0);

-- --------------------------------------------------------

--
-- Estructura de tabla para la tabla `users`
--

CREATE TABLE `users` (
  `idUser` int(11) NOT NULL,
  `name` varchar(20) COLLATE utf8mb4_unicode_ci NOT NULL,
  `password` varchar(8) COLLATE utf8mb4_unicode_ci NOT NULL,
  `type` int(11) NOT NULL
) ENGINE=InnoDB DEFAULT CHARSET=utf8mb4 COLLATE=utf8mb4_unicode_ci;

--
-- Volcado de datos para la tabla `users`
--

INSERT INTO `users` (`idUser`, `name`, `password`, `type`) VALUES
(1, 'admin', '1234', 1),
(2, 'ana', '1234', 2);

--
-- Índices para tablas volcadas
--

--
-- Indices de la tabla `actores`
--
ALTER TABLE `actores`
  ADD PRIMARY KEY (`idActor`);

--
-- Indices de la tabla `directores`
--
ALTER TABLE `directores`
  ADD PRIMARY KEY (`idDirector`);

--
-- Indices de la tabla `peliculas`
--
ALTER TABLE `peliculas`
  ADD PRIMARY KEY (`idPelicula`),
  ADD KEY `Director` (`Director`);

--
-- Indices de la tabla `peliculas_actores`
--
ALTER TABLE `peliculas_actores`
  ADD PRIMARY KEY (`idPelicula`,`idActor`),
  ADD KEY `idActor` (`idActor`);

--
-- Indices de la tabla `users`
--
ALTER TABLE `users`
  ADD PRIMARY KEY (`idUser`);

--
-- AUTO_INCREMENT de las tablas volcadas
--

--
-- AUTO_INCREMENT de la tabla `actores`
--
ALTER TABLE `actores`
  MODIFY `idActor` int(11) NOT NULL AUTO_INCREMENT, AUTO_INCREMENT=13;

--
-- AUTO_INCREMENT de la tabla `directores`
--
ALTER TABLE `directores`
  MODIFY `idDirector` int(11) NOT NULL AUTO_INCREMENT, AUTO_INCREMENT=7;

--
-- AUTO_INCREMENT de la tabla `peliculas`
--
ALTER TABLE `peliculas`
  MODIFY `idPelicula` int(11) NOT NULL AUTO_INCREMENT, AUTO_INCREMENT=41;

--
-- AUTO_INCREMENT de la tabla `users`
--
ALTER TABLE `users`
  MODIFY `idUser` int(11) NOT NULL AUTO_INCREMENT, AUTO_INCREMENT=3;

--
-- Restricciones para tablas volcadas
--

--
-- Filtros para la tabla `peliculas`
--
ALTER TABLE `peliculas`
  ADD CONSTRAINT `peliculas_ibfk_1` FOREIGN KEY (`Director`) REFERENCES `directores` (`idDirector`);

--
-- Filtros para la tabla `peliculas_actores`
--
ALTER TABLE `peliculas_actores`
  ADD CONSTRAINT `peliculas_actores_ibfk_1` FOREIGN KEY (`idPelicula`) REFERENCES `peliculas` (`idPelicula`) ON DELETE CASCADE ON UPDATE CASCADE,
  ADD CONSTRAINT `peliculas_actores_ibfk_2` FOREIGN KEY (`idActor`) REFERENCES `actores` (`idActor`);
--
-- Base de datos: `2aw3_world_21_22`
--
CREATE DATABASE IF NOT EXISTS `2aw3_world_21_22` DEFAULT CHARACTER SET latin1 COLLATE latin1_swedish_ci;
USE `2aw3_world_21_22`;

-- --------------------------------------------------------

--
-- Estructura de tabla para la tabla `city`
--

CREATE TABLE `city` (
  `ID` int(11) NOT NULL,
  `Name` char(35) NOT NULL DEFAULT '',
  `CountryCode` char(3) NOT NULL DEFAULT '',
  `Population` int(11) NOT NULL DEFAULT 0
) ENGINE=InnoDB DEFAULT CHARSET=latin1;

--
-- Volcado de datos para la tabla `city`
--

INSERT INTO `city` (`ID`, `Name`, `CountryCode`, `Population`) VALUES
(1, 'Kabul', 'AFG', 1780000),
(2, 'Qandahar', 'AFG', 237500),
(3, 'Herat', 'AFG', 186800),
(4, 'Mazar-e-Sharif', 'AFG', 127800),
(5, 'Amsterdam', 'NLD', 731200),
(6, 'Rotterdam', 'NLD', 593321),
(7, 'Haag', 'NLD', 440900),
(8, 'Utrecht', 'NLD', 234323),
(9, 'Eindhoven', 'NLD', 201843),
(10, 'Tilburg', 'NLD', 193238),
(11, 'Groningen', 'NLD', 172701),
(12, 'Breda', 'NLD', 160398),
(13, 'Apeldoorn', 'NLD', 153491),
(14, 'Nijmegen', 'NLD', 152463),
(15, 'Enschede', 'NLD', 149544),
(16, 'Haarlem', 'NLD', 148772),
(17, 'Almere', 'NLD', 142465),
(18, 'Arnhem', 'NLD', 138020),
(19, 'Zaanstad', 'NLD', 135621),
(20, '´s-Hertogenbosch', 'NLD', 129170),
(21, 'Amersfoort', 'NLD', 126270),
(22, 'Maastricht', 'NLD', 122087),
(23, 'Dordrecht', 'NLD', 119811),
(24, 'Leiden', 'NLD', 117196),
(25, 'Haarlemmermeer', 'NLD', 110722),
(26, 'Zoetermeer', 'NLD', 110214),
(27, 'Emmen', 'NLD', 105853),
(28, 'Zwolle', 'NLD', 105819),
(29, 'Ede', 'NLD', 101574),
(30, 'Delft', 'NLD', 95268),
(31, 'Heerlen', 'NLD', 95052),
(32, 'Alkmaar', 'NLD', 92713),
(33, 'Willemstad', 'ANT', 2345),
(34, 'Tirana', 'ALB', 270000),
(35, 'Alger', 'DZA', 2168000),
(36, 'Oran', 'DZA', 609823),
(37, 'Constantine', 'DZA', 443727),
(38, 'Annaba', 'DZA', 222518),
(39, 'Batna', 'DZA', 183377),
(40, 'Sétif', 'DZA', 179055),
(41, 'Sidi Bel Abbès', 'DZA', 153106),
(42, 'Skikda', 'DZA', 128747),
(43, 'Biskra', 'DZA', 128281),
(44, 'Blida (el-Boulaida)', 'DZA', 127284),
(45, 'Béjaïa', 'DZA', 117162),
(46, 'Mostaganem', 'DZA', 115212),
(47, 'Tébessa', 'DZA', 112007),
(48, 'Tlemcen (Tilimsen)', 'DZA', 110242),
(49, 'Béchar', 'DZA', 107311),
(50, 'Tiaret', 'DZA', 100118),
(51, 'Ech-Chleff (el-Asnam)', 'DZA', 96794),
(52, 'Ghardaïa', 'DZA', 89415),
(53, 'Tafuna', 'ASM', 5200),
(54, 'Fagatogo', 'ASM', 2323),
(55, 'Andorra la Vella', 'AND', 21189),
(56, 'Luanda', 'AGO', 2022000),
(57, 'Huambo', 'AGO', 163100),
(58, 'Lobito', 'AGO', 130000),
(59, 'Benguela', 'AGO', 128300),
(60, 'Namibe', 'AGO', 118200),
(61, 'South Hill', 'AIA', 961),
(62, 'The Valley', 'AIA', 595),
(63, 'Saint John´s', 'ATG', 24000),
(64, 'Dubai', 'ARE', 669181),
(65, 'Abu Dhabi', 'ARE', 398695),
(66, 'Sharja', 'ARE', 320095),
(67, 'al-Ayn', 'ARE', 225970),
(68, 'Ajman', 'ARE', 114395),
(69, 'Buenos Aires', 'ARG', 2982146),
(70, 'La Matanza', 'ARG', 1266461),
(71, 'Córdoba', 'ARG', 1157507),
(72, 'Rosario', 'ARG', 907718),
(73, 'Lomas de Zamora', 'ARG', 622013),
(74, 'Quilmes', 'ARG', 559249),
(75, 'Almirante Brown', 'ARG', 538918),
(76, 'La Plata', 'ARG', 521936),
(77, 'Mar del Plata', 'ARG', 512880),
(78, 'San Miguel de Tucumán', 'ARG', 470809),
(79, 'Lanús', 'ARG', 469735),
(80, 'Merlo', 'ARG', 463846),
(81, 'General San Martín', 'ARG', 422542),
(82, 'Salta', 'ARG', 367550),
(83, 'Moreno', 'ARG', 356993),
(84, 'Santa Fé', 'ARG', 353063),
(85, 'Avellaneda', 'ARG', 353046),
(86, 'Tres de Febrero', 'ARG', 352311),
(87, 'Morón', 'ARG', 349246),
(88, 'Florencio Varela', 'ARG', 315432),
(89, 'San Isidro', 'ARG', 306341),
(90, 'Tigre', 'ARG', 296226),
(91, 'Malvinas Argentinas', 'ARG', 290335),
(92, 'Vicente López', 'ARG', 288341),
(93, 'Berazategui', 'ARG', 276916),
(94, 'Corrientes', 'ARG', 258103),
(95, 'San Miguel', 'ARG', 248700),
(96, 'Bahía Blanca', 'ARG', 239810),
(97, 'Esteban Echeverría', 'ARG', 235760),
(98, 'Resistencia', 'ARG', 229212),
(99, 'José C. Paz', 'ARG', 221754),
(100, 'Paraná', 'ARG', 207041),
(101, 'Godoy Cruz', 'ARG', 206998),
(102, 'Posadas', 'ARG', 201273),
(103, 'Guaymallén', 'ARG', 200595),
(104, 'Santiago del Estero', 'ARG', 189947),
(105, 'San Salvador de Jujuy', 'ARG', 178748),
(106, 'Hurlingham', 'ARG', 170028),
(107, 'Neuquén', 'ARG', 167296),
(108, 'Ituzaingó', 'ARG', 158197),
(109, 'San Fernando', 'ARG', 153036),
(110, 'Formosa', 'ARG', 147636),
(111, 'Las Heras', 'ARG', 145823),
(112, 'La Rioja', 'ARG', 138117),
(113, 'San Fernando del Valle de Cata', 'ARG', 134935),
(114, 'Río Cuarto', 'ARG', 134355),
(115, 'Comodoro Rivadavia', 'ARG', 124104),
(116, 'Mendoza', 'ARG', 123027),
(117, 'San Nicolás de los Arroyos', 'ARG', 119302),
(118, 'San Juan', 'ARG', 119152),
(119, 'Escobar', 'ARG', 116675),
(120, 'Concordia', 'ARG', 116485),
(121, 'Pilar', 'ARG', 113428),
(122, 'San Luis', 'ARG', 110136),
(123, 'Ezeiza', 'ARG', 99578),
(124, 'San Rafael', 'ARG', 94651),
(125, 'Tandil', 'ARG', 91101),
(126, 'Yerevan', 'ARM', 1248700),
(127, 'Gjumri', 'ARM', 211700),
(128, 'Vanadzor', 'ARM', 172700),
(129, 'Oranjestad', 'ABW', 29034),
(130, 'Sydney', 'AUS', 3276207),
(131, 'Melbourne', 'AUS', 2865329),
(132, 'Brisbane', 'AUS', 1291117),
(133, 'Perth', 'AUS', 1096829),
(134, 'Adelaide', 'AUS', 978100),
(135, 'Canberra', 'AUS', 322723),
(136, 'Gold Coast', 'AUS', 311932),
(137, 'Newcastle', 'AUS', 270324),
(138, 'Central Coast', 'AUS', 227657),
(139, 'Wollongong', 'AUS', 219761),
(140, 'Hobart', 'AUS', 126118),
(141, 'Geelong', 'AUS', 125382),
(142, 'Townsville', 'AUS', 109914),
(143, 'Cairns', 'AUS', 92273),
(144, 'Baku', 'AZE', 1787800),
(145, 'Gäncä', 'AZE', 299300),
(146, 'Sumqayit', 'AZE', 283000),
(147, 'Mingäçevir', 'AZE', 93900),
(148, 'Nassau', 'BHS', 172000),
(149, 'al-Manama', 'BHR', 148000),
(150, 'Dhaka', 'BGD', 3612850),
(151, 'Chittagong', 'BGD', 1392860),
(152, 'Khulna', 'BGD', 663340),
(153, 'Rajshahi', 'BGD', 294056),
(154, 'Narayanganj', 'BGD', 202134),
(155, 'Rangpur', 'BGD', 191398),
(156, 'Mymensingh', 'BGD', 188713),
(157, 'Barisal', 'BGD', 170232),
(158, 'Tungi', 'BGD', 168702),
(159, 'Jessore', 'BGD', 139710),
(160, 'Comilla', 'BGD', 135313),
(161, 'Nawabganj', 'BGD', 130577),
(162, 'Dinajpur', 'BGD', 127815),
(163, 'Bogra', 'BGD', 120170),
(164, 'Sylhet', 'BGD', 117396),
(165, 'Brahmanbaria', 'BGD', 109032),
(166, 'Tangail', 'BGD', 106004),
(167, 'Jamalpur', 'BGD', 103556),
(168, 'Pabna', 'BGD', 103277),
(169, 'Naogaon', 'BGD', 101266),
(170, 'Sirajganj', 'BGD', 99669),
(171, 'Narsinghdi', 'BGD', 98342),
(172, 'Saidpur', 'BGD', 96777),
(173, 'Gazipur', 'BGD', 96717),
(174, 'Bridgetown', 'BRB', 6070),
(175, 'Antwerpen', 'BEL', 446525),
(176, 'Gent', 'BEL', 224180),
(177, 'Charleroi', 'BEL', 200827),
(178, 'Liège', 'BEL', 185639),
(179, 'Bruxelles [Brussel]', 'BEL', 133859),
(180, 'Brugge', 'BEL', 116246),
(181, 'Schaerbeek', 'BEL', 105692),
(182, 'Namur', 'BEL', 105419),
(183, 'Mons', 'BEL', 90935),
(184, 'Belize City', 'BLZ', 55810),
(185, 'Belmopan', 'BLZ', 7105),
(186, 'Cotonou', 'BEN', 536827),
(187, 'Porto-Novo', 'BEN', 194000),
(188, 'Djougou', 'BEN', 134099),
(189, 'Parakou', 'BEN', 103577),
(190, 'Saint George', 'BMU', 1800),
(191, 'Hamilton', 'BMU', 1200),
(192, 'Thimphu', 'BTN', 22000),
(193, 'Santa Cruz de la Sierra', 'BOL', 935361),
(194, 'La Paz', 'BOL', 758141),
(195, 'El Alto', 'BOL', 534466),
(196, 'Cochabamba', 'BOL', 482800),
(197, 'Oruro', 'BOL', 223553),
(198, 'Sucre', 'BOL', 178426),
(199, 'Potosí', 'BOL', 140642),
(200, 'Tarija', 'BOL', 125255),
(201, 'Sarajevo', 'BIH', 360000),
(202, 'Banja Luka', 'BIH', 143079),
(203, 'Zenica', 'BIH', 96027),
(204, 'Gaborone', 'BWA', 213017),
(205, 'Francistown', 'BWA', 101805),
(206, 'São Paulo', 'BRA', 9968485),
(207, 'Rio de Janeiro', 'BRA', 5598953),
(208, 'Salvador', 'BRA', 2302832),
(209, 'Belo Horizonte', 'BRA', 2139125),
(210, 'Fortaleza', 'BRA', 2097757),
(211, 'Brasília', 'BRA', 1969868),
(212, 'Curitiba', 'BRA', 1584232),
(213, 'Recife', 'BRA', 1378087),
(214, 'Porto Alegre', 'BRA', 1314032),
(215, 'Manaus', 'BRA', 1255049),
(216, 'Belém', 'BRA', 1186926),
(217, 'Guarulhos', 'BRA', 1095874),
(218, 'Goiânia', 'BRA', 1056330),
(219, 'Campinas', 'BRA', 950043),
(220, 'São Gonçalo', 'BRA', 869254),
(221, 'Nova Iguaçu', 'BRA', 862225),
(222, 'São Luís', 'BRA', 837588),
(223, 'Maceió', 'BRA', 786288),
(224, 'Duque de Caxias', 'BRA', 746758),
(225, 'São Bernardo do Campo', 'BRA', 723132),
(226, 'Teresina', 'BRA', 691942),
(227, 'Natal', 'BRA', 688955),
(228, 'Osasco', 'BRA', 659604),
(229, 'Campo Grande', 'BRA', 649593),
(230, 'Santo André', 'BRA', 630073),
(231, 'João Pessoa', 'BRA', 584029),
(232, 'Jaboatão dos Guararapes', 'BRA', 558680),
(233, 'Contagem', 'BRA', 520801),
(234, 'São José dos Campos', 'BRA', 515553),
(235, 'Uberlândia', 'BRA', 487222),
(236, 'Feira de Santana', 'BRA', 479992),
(237, 'Ribeirão Preto', 'BRA', 473276),
(238, 'Sorocaba', 'BRA', 466823),
(239, 'Niterói', 'BRA', 459884),
(240, 'Cuiabá', 'BRA', 453813),
(241, 'Juiz de Fora', 'BRA', 450288),
(242, 'Aracaju', 'BRA', 445555),
(243, 'São João de Meriti', 'BRA', 440052),
(244, 'Londrina', 'BRA', 432257),
(245, 'Joinville', 'BRA', 428011),
(246, 'Belford Roxo', 'BRA', 425194),
(247, 'Santos', 'BRA', 408748),
(248, 'Ananindeua', 'BRA', 400940),
(249, 'Campos dos Goytacazes', 'BRA', 398418),
(250, 'Mauá', 'BRA', 375055),
(251, 'Carapicuíba', 'BRA', 357552),
(252, 'Olinda', 'BRA', 354732),
(253, 'Campina Grande', 'BRA', 352497),
(254, 'São José do Rio Preto', 'BRA', 351944),
(255, 'Caxias do Sul', 'BRA', 349581),
(256, 'Moji das Cruzes', 'BRA', 339194),
(257, 'Diadema', 'BRA', 335078),
(258, 'Aparecida de Goiânia', 'BRA', 324662),
(259, 'Piracicaba', 'BRA', 319104),
(260, 'Cariacica', 'BRA', 319033),
(261, 'Vila Velha', 'BRA', 318758),
(262, 'Pelotas', 'BRA', 315415),
(263, 'Bauru', 'BRA', 313670),
(264, 'Porto Velho', 'BRA', 309750),
(265, 'Serra', 'BRA', 302666),
(266, 'Betim', 'BRA', 302108),
(267, 'Jundíaí', 'BRA', 296127),
(268, 'Canoas', 'BRA', 294125),
(269, 'Franca', 'BRA', 290139),
(270, 'São Vicente', 'BRA', 286848),
(271, 'Maringá', 'BRA', 286461),
(272, 'Montes Claros', 'BRA', 286058),
(273, 'Anápolis', 'BRA', 282197),
(274, 'Florianópolis', 'BRA', 281928),
(275, 'Petrópolis', 'BRA', 279183),
(276, 'Itaquaquecetuba', 'BRA', 270874),
(277, 'Vitória', 'BRA', 270626),
(278, 'Ponta Grossa', 'BRA', 268013),
(279, 'Rio Branco', 'BRA', 259537),
(280, 'Foz do Iguaçu', 'BRA', 259425),
(281, 'Macapá', 'BRA', 256033),
(282, 'Ilhéus', 'BRA', 254970),
(283, 'Vitória da Conquista', 'BRA', 253587),
(284, 'Uberaba', 'BRA', 249225),
(285, 'Paulista', 'BRA', 248473),
(286, 'Limeira', 'BRA', 245497),
(287, 'Blumenau', 'BRA', 244379),
(288, 'Caruaru', 'BRA', 244247),
(289, 'Santarém', 'BRA', 241771),
(290, 'Volta Redonda', 'BRA', 240315),
(291, 'Novo Hamburgo', 'BRA', 239940),
(292, 'Caucaia', 'BRA', 238738),
(293, 'Santa Maria', 'BRA', 238473),
(294, 'Cascavel', 'BRA', 237510),
(295, 'Guarujá', 'BRA', 237206),
(296, 'Ribeirão das Neves', 'BRA', 232685),
(297, 'Governador Valadares', 'BRA', 231724),
(298, 'Taubaté', 'BRA', 229130),
(299, 'Imperatriz', 'BRA', 224564),
(300, 'Gravataí', 'BRA', 223011),
(301, 'Embu', 'BRA', 222223),
(302, 'Mossoró', 'BRA', 214901),
(303, 'Várzea Grande', 'BRA', 214435),
(304, 'Petrolina', 'BRA', 210540),
(305, 'Barueri', 'BRA', 208426),
(306, 'Viamão', 'BRA', 207557),
(307, 'Ipatinga', 'BRA', 206338),
(308, 'Juazeiro', 'BRA', 201073),
(309, 'Juazeiro do Norte', 'BRA', 199636),
(310, 'Taboão da Serra', 'BRA', 197550),
(311, 'São José dos Pinhais', 'BRA', 196884),
(312, 'Magé', 'BRA', 196147),
(313, 'Suzano', 'BRA', 195434),
(314, 'São Leopoldo', 'BRA', 189258),
(315, 'Marília', 'BRA', 188691),
(316, 'São Carlos', 'BRA', 187122),
(317, 'Sumaré', 'BRA', 186205),
(318, 'Presidente Prudente', 'BRA', 185340),
(319, 'Divinópolis', 'BRA', 185047),
(320, 'Sete Lagoas', 'BRA', 182984),
(321, 'Rio Grande', 'BRA', 182222),
(322, 'Itabuna', 'BRA', 182148),
(323, 'Jequié', 'BRA', 179128),
(324, 'Arapiraca', 'BRA', 178988),
(325, 'Colombo', 'BRA', 177764),
(326, 'Americana', 'BRA', 177409),
(327, 'Alvorada', 'BRA', 175574),
(328, 'Araraquara', 'BRA', 174381),
(329, 'Itaboraí', 'BRA', 173977),
(330, 'Santa Bárbara d´Oeste', 'BRA', 171657),
(331, 'Nova Friburgo', 'BRA', 170697),
(332, 'Jacareí', 'BRA', 170356),
(333, 'Araçatuba', 'BRA', 169303),
(334, 'Barra Mansa', 'BRA', 168953),
(335, 'Praia Grande', 'BRA', 168434),
(336, 'Marabá', 'BRA', 167795),
(337, 'Criciúma', 'BRA', 167661),
(338, 'Boa Vista', 'BRA', 167185),
(339, 'Passo Fundo', 'BRA', 166343),
(340, 'Dourados', 'BRA', 164716),
(341, 'Santa Luzia', 'BRA', 164704),
(342, 'Rio Claro', 'BRA', 163551),
(343, 'Maracanaú', 'BRA', 162022),
(344, 'Guarapuava', 'BRA', 160510),
(345, 'Rondonópolis', 'BRA', 155115),
(346, 'São José', 'BRA', 155105),
(347, 'Cachoeiro de Itapemirim', 'BRA', 155024),
(348, 'Nilópolis', 'BRA', 153383),
(349, 'Itapevi', 'BRA', 150664),
(350, 'Cabo de Santo Agostinho', 'BRA', 149964),
(351, 'Camaçari', 'BRA', 149146),
(352, 'Sobral', 'BRA', 146005),
(353, 'Itajaí', 'BRA', 145197),
(354, 'Chapecó', 'BRA', 144158),
(355, 'Cotia', 'BRA', 140042),
(356, 'Lages', 'BRA', 139570),
(357, 'Ferraz de Vasconcelos', 'BRA', 139283),
(358, 'Indaiatuba', 'BRA', 135968),
(359, 'Hortolândia', 'BRA', 135755),
(360, 'Caxias', 'BRA', 133980),
(361, 'São Caetano do Sul', 'BRA', 133321),
(362, 'Itu', 'BRA', 132736),
(363, 'Nossa Senhora do Socorro', 'BRA', 131351),
(364, 'Parnaíba', 'BRA', 129756),
(365, 'Poços de Caldas', 'BRA', 129683),
(366, 'Teresópolis', 'BRA', 128079),
(367, 'Barreiras', 'BRA', 127801),
(368, 'Castanhal', 'BRA', 127634),
(369, 'Alagoinhas', 'BRA', 126820),
(370, 'Itapecerica da Serra', 'BRA', 126672),
(371, 'Uruguaiana', 'BRA', 126305),
(372, 'Paranaguá', 'BRA', 126076),
(373, 'Ibirité', 'BRA', 125982),
(374, 'Timon', 'BRA', 125812),
(375, 'Luziânia', 'BRA', 125597),
(376, 'Macaé', 'BRA', 125597),
(377, 'Teófilo Otoni', 'BRA', 124489),
(378, 'Moji-Guaçu', 'BRA', 123782),
(379, 'Palmas', 'BRA', 121919),
(380, 'Pindamonhangaba', 'BRA', 121904),
(381, 'Francisco Morato', 'BRA', 121197),
(382, 'Bagé', 'BRA', 120793),
(383, 'Sapucaia do Sul', 'BRA', 120217),
(384, 'Cabo Frio', 'BRA', 119503),
(385, 'Itapetininga', 'BRA', 119391),
(386, 'Patos de Minas', 'BRA', 119262),
(387, 'Camaragibe', 'BRA', 118968),
(388, 'Bragança Paulista', 'BRA', 116929),
(389, 'Queimados', 'BRA', 115020),
(390, 'Araguaína', 'BRA', 114948),
(391, 'Garanhuns', 'BRA', 114603),
(392, 'Vitória de Santo Antão', 'BRA', 113595),
(393, 'Santa Rita', 'BRA', 113135),
(394, 'Barbacena', 'BRA', 113079),
(395, 'Abaetetuba', 'BRA', 111258),
(396, 'Jaú', 'BRA', 109965),
(397, 'Lauro de Freitas', 'BRA', 109236),
(398, 'Franco da Rocha', 'BRA', 108964),
(399, 'Teixeira de Freitas', 'BRA', 108441),
(400, 'Varginha', 'BRA', 108314),
(401, 'Ribeirão Pires', 'BRA', 108121),
(402, 'Sabará', 'BRA', 107781),
(403, 'Catanduva', 'BRA', 107761),
(404, 'Rio Verde', 'BRA', 107755),
(405, 'Botucatu', 'BRA', 107663),
(406, 'Colatina', 'BRA', 107354),
(407, 'Santa Cruz do Sul', 'BRA', 106734),
(408, 'Linhares', 'BRA', 106278),
(409, 'Apucarana', 'BRA', 105114),
(410, 'Barretos', 'BRA', 104156),
(411, 'Guaratinguetá', 'BRA', 103433),
(412, 'Cachoeirinha', 'BRA', 103240),
(413, 'Codó', 'BRA', 103153),
(414, 'Jaraguá do Sul', 'BRA', 102580),
(415, 'Cubatão', 'BRA', 102372),
(416, 'Itabira', 'BRA', 102217),
(417, 'Itaituba', 'BRA', 101320),
(418, 'Araras', 'BRA', 101046),
(419, 'Resende', 'BRA', 100627),
(420, 'Atibaia', 'BRA', 100356),
(421, 'Pouso Alegre', 'BRA', 100028),
(422, 'Toledo', 'BRA', 99387),
(423, 'Crato', 'BRA', 98965),
(424, 'Passos', 'BRA', 98570),
(425, 'Araguari', 'BRA', 98399),
(426, 'São José de Ribamar', 'BRA', 98318),
(427, 'Pinhais', 'BRA', 98198),
(428, 'Sertãozinho', 'BRA', 98140),
(429, 'Conselheiro Lafaiete', 'BRA', 97507),
(430, 'Paulo Afonso', 'BRA', 97291),
(431, 'Angra dos Reis', 'BRA', 96864),
(432, 'Eunápolis', 'BRA', 96610),
(433, 'Salto', 'BRA', 96348),
(434, 'Ourinhos', 'BRA', 96291),
(435, 'Parnamirim', 'BRA', 96210),
(436, 'Jacobina', 'BRA', 96131),
(437, 'Coronel Fabriciano', 'BRA', 95933),
(438, 'Birigui', 'BRA', 94685),
(439, 'Tatuí', 'BRA', 93897),
(440, 'Ji-Paraná', 'BRA', 93346),
(441, 'Bacabal', 'BRA', 93121),
(442, 'Cametá', 'BRA', 92779),
(443, 'Guaíba', 'BRA', 92224),
(444, 'São Lourenço da Mata', 'BRA', 91999),
(445, 'Santana do Livramento', 'BRA', 91779),
(446, 'Votorantim', 'BRA', 91777),
(447, 'Campo Largo', 'BRA', 91203),
(448, 'Patos', 'BRA', 90519),
(449, 'Ituiutaba', 'BRA', 90507),
(450, 'Corumbá', 'BRA', 90111),
(451, 'Palhoça', 'BRA', 89465),
(452, 'Barra do Piraí', 'BRA', 89388),
(453, 'Bento Gonçalves', 'BRA', 89254),
(454, 'Poá', 'BRA', 89236),
(455, 'Águas Lindas de Goiás', 'BRA', 89200),
(456, 'London', 'GBR', 7285000),
(457, 'Birmingham', 'GBR', 1013000),
(458, 'Glasgow', 'GBR', 619680),
(459, 'Liverpool', 'GBR', 461000),
(460, 'Edinburgh', 'GBR', 450180),
(461, 'Sheffield', 'GBR', 431607),
(462, 'Manchester', 'GBR', 430000),
(463, 'Leeds', 'GBR', 424194),
(464, 'Bristol', 'GBR', 402000),
(465, 'Cardiff', 'GBR', 321000),
(466, 'Coventry', 'GBR', 304000),
(467, 'Leicester', 'GBR', 294000),
(468, 'Bradford', 'GBR', 289376),
(469, 'Belfast', 'GBR', 287500),
(470, 'Nottingham', 'GBR', 287000),
(471, 'Kingston upon Hull', 'GBR', 262000),
(472, 'Plymouth', 'GBR', 253000),
(473, 'Stoke-on-Trent', 'GBR', 252000),
(474, 'Wolverhampton', 'GBR', 242000),
(475, 'Derby', 'GBR', 236000),
(476, 'Swansea', 'GBR', 230000),
(477, 'Southampton', 'GBR', 216000),
(478, 'Aberdeen', 'GBR', 213070),
(479, 'Northampton', 'GBR', 196000),
(480, 'Dudley', 'GBR', 192171),
(481, 'Portsmouth', 'GBR', 190000),
(482, 'Newcastle upon Tyne', 'GBR', 189150),
(483, 'Sunderland', 'GBR', 183310),
(484, 'Luton', 'GBR', 183000),
(485, 'Swindon', 'GBR', 180000),
(486, 'Southend-on-Sea', 'GBR', 176000),
(487, 'Walsall', 'GBR', 174739),
(488, 'Bournemouth', 'GBR', 162000),
(489, 'Peterborough', 'GBR', 156000),
(490, 'Brighton', 'GBR', 156124),
(491, 'Blackpool', 'GBR', 151000),
(492, 'Dundee', 'GBR', 146690),
(493, 'West Bromwich', 'GBR', 146386),
(494, 'Reading', 'GBR', 148000),
(495, 'Oldbury/Smethwick (Warley)', 'GBR', 145542),
(496, 'Middlesbrough', 'GBR', 145000),
(497, 'Huddersfield', 'GBR', 143726),
(498, 'Oxford', 'GBR', 144000),
(499, 'Poole', 'GBR', 141000),
(500, 'Bolton', 'GBR', 139020),
(501, 'Blackburn', 'GBR', 140000),
(502, 'Newport', 'GBR', 139000),
(503, 'Preston', 'GBR', 135000),
(504, 'Stockport', 'GBR', 132813),
(505, 'Norwich', 'GBR', 124000),
(506, 'Rotherham', 'GBR', 121380),
(507, 'Cambridge', 'GBR', 121000),
(508, 'Watford', 'GBR', 113080),
(509, 'Ipswich', 'GBR', 114000),
(510, 'Slough', 'GBR', 112000),
(511, 'Exeter', 'GBR', 111000),
(512, 'Cheltenham', 'GBR', 106000),
(513, 'Gloucester', 'GBR', 107000),
(514, 'Saint Helens', 'GBR', 106293),
(515, 'Sutton Coldfield', 'GBR', 106001),
(516, 'York', 'GBR', 104425),
(517, 'Oldham', 'GBR', 103931),
(518, 'Basildon', 'GBR', 100924),
(519, 'Worthing', 'GBR', 100000),
(520, 'Chelmsford', 'GBR', 97451),
(521, 'Colchester', 'GBR', 96063),
(522, 'Crawley', 'GBR', 97000),
(523, 'Gillingham', 'GBR', 92000),
(524, 'Solihull', 'GBR', 94531),
(525, 'Rochdale', 'GBR', 94313),
(526, 'Birkenhead', 'GBR', 93087),
(527, 'Worcester', 'GBR', 95000),
(528, 'Hartlepool', 'GBR', 92000),
(529, 'Halifax', 'GBR', 91069),
(530, 'Woking/Byfleet', 'GBR', 92000),
(531, 'Southport', 'GBR', 90959),
(532, 'Maidstone', 'GBR', 90878),
(533, 'Eastbourne', 'GBR', 90000),
(534, 'Grimsby', 'GBR', 89000),
(535, 'Saint Helier', 'GBR', 27523),
(536, 'Douglas', 'GBR', 23487),
(537, 'Road Town', 'VGB', 8000),
(538, 'Bandar Seri Begawan', 'BRN', 21484),
(539, 'Sofija', 'BGR', 1122302),
(540, 'Plovdiv', 'BGR', 342584),
(541, 'Varna', 'BGR', 299801),
(542, 'Burgas', 'BGR', 195255),
(543, 'Ruse', 'BGR', 166467),
(544, 'Stara Zagora', 'BGR', 147939),
(545, 'Pleven', 'BGR', 121952),
(546, 'Sliven', 'BGR', 105530),
(547, 'Dobric', 'BGR', 100399),
(548, 'Šumen', 'BGR', 94686),
(549, 'Ouagadougou', 'BFA', 824000),
(550, 'Bobo-Dioulasso', 'BFA', 300000),
(551, 'Koudougou', 'BFA', 105000),
(552, 'Bujumbura', 'BDI', 300000),
(553, 'George Town', 'CYM', 19600),
(554, 'Santiago de Chile', 'CHL', 4703954),
(555, 'Puente Alto', 'CHL', 386236),
(556, 'Viña del Mar', 'CHL', 312493),
(557, 'Valparaíso', 'CHL', 293800),
(558, 'Talcahuano', 'CHL', 277752),
(559, 'Antofagasta', 'CHL', 251429),
(560, 'San Bernardo', 'CHL', 241910),
(561, 'Temuco', 'CHL', 233041),
(562, 'Concepción', 'CHL', 217664),
(563, 'Rancagua', 'CHL', 212977),
(564, 'Arica', 'CHL', 189036),
(565, 'Talca', 'CHL', 187557),
(566, 'Chillán', 'CHL', 178182),
(567, 'Iquique', 'CHL', 177892),
(568, 'Los Angeles', 'CHL', 158215),
(569, 'Puerto Montt', 'CHL', 152194),
(570, 'Coquimbo', 'CHL', 143353),
(571, 'Osorno', 'CHL', 141468),
(572, 'La Serena', 'CHL', 137409),
(573, 'Calama', 'CHL', 137265),
(574, 'Valdivia', 'CHL', 133106),
(575, 'Punta Arenas', 'CHL', 125631),
(576, 'Copiapó', 'CHL', 120128),
(577, 'Quilpué', 'CHL', 118857),
(578, 'Curicó', 'CHL', 115766),
(579, 'Ovalle', 'CHL', 94854),
(580, 'Coronel', 'CHL', 93061),
(581, 'San Pedro de la Paz', 'CHL', 91684),
(582, 'Melipilla', 'CHL', 91056),
(583, 'Avarua', 'COK', 11900),
(584, 'San José', 'CRI', 339131),
(585, 'Djibouti', 'DJI', 383000),
(586, 'Roseau', 'DMA', 16243),
(587, 'Santo Domingo de Guzmán', 'DOM', 1609966),
(588, 'Santiago de los Caballeros', 'DOM', 365463),
(589, 'La Romana', 'DOM', 140204),
(590, 'San Pedro de Macorís', 'DOM', 124735),
(591, 'San Francisco de Macorís', 'DOM', 108485),
(592, 'San Felipe de Puerto Plata', 'DOM', 89423),
(593, 'Guayaquil', 'ECU', 2070040),
(594, 'Quito', 'ECU', 1573458),
(595, 'Cuenca', 'ECU', 270353),
(596, 'Machala', 'ECU', 210368),
(597, 'Santo Domingo de los Colorados', 'ECU', 202111),
(598, 'Portoviejo', 'ECU', 176413),
(599, 'Ambato', 'ECU', 169612),
(600, 'Manta', 'ECU', 164739),
(601, 'Duran [Eloy Alfaro]', 'ECU', 152514),
(602, 'Ibarra', 'ECU', 130643),
(603, 'Quevedo', 'ECU', 129631),
(604, 'Milagro', 'ECU', 124177),
(605, 'Loja', 'ECU', 123875),
(606, 'Ríobamba', 'ECU', 123163),
(607, 'Esmeraldas', 'ECU', 123045),
(608, 'Cairo', 'EGY', 6789479),
(609, 'Alexandria', 'EGY', 3328196),
(610, 'Giza', 'EGY', 2221868),
(611, 'Shubra al-Khayma', 'EGY', 870716),
(612, 'Port Said', 'EGY', 469533),
(613, 'Suez', 'EGY', 417610),
(614, 'al-Mahallat al-Kubra', 'EGY', 395402),
(615, 'Tanta', 'EGY', 371010),
(616, 'al-Mansura', 'EGY', 369621),
(617, 'Luxor', 'EGY', 360503),
(618, 'Asyut', 'EGY', 343498),
(619, 'Bahtim', 'EGY', 275807),
(620, 'Zagazig', 'EGY', 267351),
(621, 'al-Faiyum', 'EGY', 260964),
(622, 'Ismailia', 'EGY', 254477),
(623, 'Kafr al-Dawwar', 'EGY', 231978),
(624, 'Assuan', 'EGY', 219017),
(625, 'Damanhur', 'EGY', 212203),
(626, 'al-Minya', 'EGY', 201360),
(627, 'Bani Suwayf', 'EGY', 172032),
(628, 'Qina', 'EGY', 171275),
(629, 'Sawhaj', 'EGY', 170125),
(630, 'Shibin al-Kawm', 'EGY', 159909),
(631, 'Bulaq al-Dakrur', 'EGY', 148787),
(632, 'Banha', 'EGY', 145792),
(633, 'Warraq al-Arab', 'EGY', 127108),
(634, 'Kafr al-Shaykh', 'EGY', 124819),
(635, 'Mallawi', 'EGY', 119283),
(636, 'Bilbays', 'EGY', 113608),
(637, 'Mit Ghamr', 'EGY', 101801),
(638, 'al-Arish', 'EGY', 100447),
(639, 'Talkha', 'EGY', 97700),
(640, 'Qalyub', 'EGY', 97200),
(641, 'Jirja', 'EGY', 95400),
(642, 'Idfu', 'EGY', 94200),
(643, 'al-Hawamidiya', 'EGY', 91700),
(644, 'Disuq', 'EGY', 91300),
(645, 'San Salvador', 'SLV', 415346),
(646, 'Santa Ana', 'SLV', 139389),
(647, 'Mejicanos', 'SLV', 138800),
(648, 'Soyapango', 'SLV', 129800),
(649, 'San Miguel', 'SLV', 127696),
(650, 'Nueva San Salvador', 'SLV', 98400),
(651, 'Apopa', 'SLV', 88800),
(652, 'Asmara', 'ERI', 431000),
(653, 'Madrid', 'ESP', 2879052),
(654, 'Barcelona', 'ESP', 1503451),
(655, 'Valencia', 'ESP', 739412),
(656, 'Sevilla', 'ESP', 701927),
(657, 'Zaragoza', 'ESP', 603367),
(658, 'Málaga', 'ESP', 530553),
(659, 'Bilbao', 'ESP', 357589),
(660, 'Las Palmas de Gran Canaria', 'ESP', 354757),
(661, 'Murcia', 'ESP', 353504),
(662, 'Palma de Mallorca', 'ESP', 326993),
(663, 'Valladolid', 'ESP', 319998),
(664, 'Córdoba', 'ESP', 311708),
(665, 'Vigo', 'ESP', 283670),
(666, 'Alicante [Alacant]', 'ESP', 272432),
(667, 'Gijón', 'ESP', 267980),
(668, 'L´Hospitalet de Llobregat', 'ESP', 247986),
(669, 'Granada', 'ESP', 244767),
(670, 'A Coruña (La Coruña)', 'ESP', 243402),
(671, 'Vitoria-Gasteiz', 'ESP', 217154),
(672, 'Santa Cruz de Tenerife', 'ESP', 213050),
(673, 'Badalona', 'ESP', 209635),
(674, 'Oviedo', 'ESP', 200453),
(675, 'Móstoles', 'ESP', 195351),
(676, 'Elche [Elx]', 'ESP', 193174),
(677, 'Sabadell', 'ESP', 184859),
(678, 'Santander', 'ESP', 184165),
(679, 'Jerez de la Frontera', 'ESP', 182660),
(680, 'Pamplona [Iruña]', 'ESP', 180483),
(681, 'Donostia-San Sebastián', 'ESP', 179208),
(682, 'Cartagena', 'ESP', 177709),
(683, 'Leganés', 'ESP', 173163),
(684, 'Fuenlabrada', 'ESP', 171173),
(685, 'Almería', 'ESP', 169027),
(686, 'Terrassa', 'ESP', 168695),
(687, 'Alcalá de Henares', 'ESP', 164463),
(688, 'Burgos', 'ESP', 162802),
(689, 'Salamanca', 'ESP', 158720),
(690, 'Albacete', 'ESP', 147527),
(691, 'Getafe', 'ESP', 145371),
(692, 'Cádiz', 'ESP', 142449),
(693, 'Alcorcón', 'ESP', 142048),
(694, 'Huelva', 'ESP', 140583),
(695, 'León', 'ESP', 139809),
(696, 'Castellón de la Plana [Castell', 'ESP', 139712),
(697, 'Badajoz', 'ESP', 136613),
(698, '[San Cristóbal de] la Laguna', 'ESP', 127945),
(699, 'Logroño', 'ESP', 127093),
(700, 'Santa Coloma de Gramenet', 'ESP', 120802),
(701, 'Tarragona', 'ESP', 113016),
(702, 'Lleida (Lérida)', 'ESP', 112207),
(703, 'Jaén', 'ESP', 109247),
(704, 'Ourense (Orense)', 'ESP', 109120),
(705, 'Mataró', 'ESP', 104095),
(706, 'Algeciras', 'ESP', 103106),
(707, 'Marbella', 'ESP', 101144),
(708, 'Barakaldo', 'ESP', 98212),
(709, 'Dos Hermanas', 'ESP', 94591),
(710, 'Santiago de Compostela', 'ESP', 93745),
(711, 'Torrejón de Ardoz', 'ESP', 92262),
(712, 'Cape Town', 'ZAF', 2352121),
(713, 'Soweto', 'ZAF', 904165),
(714, 'Johannesburg', 'ZAF', 756653),
(715, 'Port Elizabeth', 'ZAF', 752319),
(716, 'Pretoria', 'ZAF', 658630),
(717, 'Inanda', 'ZAF', 634065),
(718, 'Durban', 'ZAF', 566120),
(719, 'Vanderbijlpark', 'ZAF', 468931),
(720, 'Kempton Park', 'ZAF', 442633),
(721, 'Alberton', 'ZAF', 410102),
(722, 'Pinetown', 'ZAF', 378810),
(723, 'Pietermaritzburg', 'ZAF', 370190),
(724, 'Benoni', 'ZAF', 365467),
(725, 'Randburg', 'ZAF', 341288),
(726, 'Umlazi', 'ZAF', 339233),
(727, 'Bloemfontein', 'ZAF', 334341),
(728, 'Vereeniging', 'ZAF', 328535),
(729, 'Wonderboom', 'ZAF', 283289),
(730, 'Roodepoort', 'ZAF', 279340),
(731, 'Boksburg', 'ZAF', 262648),
(732, 'Klerksdorp', 'ZAF', 261911),
(733, 'Soshanguve', 'ZAF', 242727),
(734, 'Newcastle', 'ZAF', 222993),
(735, 'East London', 'ZAF', 221047),
(736, 'Welkom', 'ZAF', 203296),
(737, 'Kimberley', 'ZAF', 197254),
(738, 'Uitenhage', 'ZAF', 192120),
(739, 'Chatsworth', 'ZAF', 189885),
(740, 'Mdantsane', 'ZAF', 182639),
(741, 'Krugersdorp', 'ZAF', 181503),
(742, 'Botshabelo', 'ZAF', 177971),
(743, 'Brakpan', 'ZAF', 171363),
(744, 'Witbank', 'ZAF', 167183),
(745, 'Oberholzer', 'ZAF', 164367),
(746, 'Germiston', 'ZAF', 164252),
(747, 'Springs', 'ZAF', 162072),
(748, 'Westonaria', 'ZAF', 159632),
(749, 'Randfontein', 'ZAF', 120838),
(750, 'Paarl', 'ZAF', 105768),
(751, 'Potchefstroom', 'ZAF', 101817),
(752, 'Rustenburg', 'ZAF', 97008),
(753, 'Nigel', 'ZAF', 96734),
(754, 'George', 'ZAF', 93818),
(755, 'Ladysmith', 'ZAF', 89292),
(756, 'Addis Abeba', 'ETH', 2495000),
(757, 'Dire Dawa', 'ETH', 164851),
(758, 'Nazret', 'ETH', 127842),
(759, 'Gonder', 'ETH', 112249),
(760, 'Dese', 'ETH', 97314),
(761, 'Mekele', 'ETH', 96938),
(762, 'Bahir Dar', 'ETH', 96140),
(763, 'Stanley', 'FLK', 1636),
(764, 'Suva', 'FJI', 77366),
(765, 'Quezon', 'PHL', 2173831),
(766, 'Manila', 'PHL', 1581082),
(767, 'Kalookan', 'PHL', 1177604),
(768, 'Davao', 'PHL', 1147116),
(769, 'Cebu', 'PHL', 718821),
(770, 'Zamboanga', 'PHL', 601794),
(771, 'Pasig', 'PHL', 505058),
(772, 'Valenzuela', 'PHL', 485433),
(773, 'Las Piñas', 'PHL', 472780),
(774, 'Antipolo', 'PHL', 470866),
(775, 'Taguig', 'PHL', 467375),
(776, 'Cagayan de Oro', 'PHL', 461877),
(777, 'Parañaque', 'PHL', 449811),
(778, 'Makati', 'PHL', 444867),
(779, 'Bacolod', 'PHL', 429076),
(780, 'General Santos', 'PHL', 411822),
(781, 'Marikina', 'PHL', 391170),
(782, 'Dasmariñas', 'PHL', 379520),
(783, 'Muntinlupa', 'PHL', 379310),
(784, 'Iloilo', 'PHL', 365820),
(785, 'Pasay', 'PHL', 354908),
(786, 'Malabon', 'PHL', 338855),
(787, 'San José del Monte', 'PHL', 315807),
(788, 'Bacoor', 'PHL', 305699),
(789, 'Iligan', 'PHL', 285061),
(790, 'Calamba', 'PHL', 281146),
(791, 'Mandaluyong', 'PHL', 278474),
(792, 'Butuan', 'PHL', 267279),
(793, 'Angeles', 'PHL', 263971),
(794, 'Tarlac', 'PHL', 262481),
(795, 'Mandaue', 'PHL', 259728),
(796, 'Baguio', 'PHL', 252386),
(797, 'Batangas', 'PHL', 247588),
(798, 'Cainta', 'PHL', 242511),
(799, 'San Pedro', 'PHL', 231403),
(800, 'Navotas', 'PHL', 230403),
(801, 'Cabanatuan', 'PHL', 222859),
(802, 'San Fernando', 'PHL', 221857),
(803, 'Lipa', 'PHL', 218447),
(804, 'Lapu-Lapu', 'PHL', 217019),
(805, 'San Pablo', 'PHL', 207927),
(806, 'Biñan', 'PHL', 201186),
(807, 'Taytay', 'PHL', 198183),
(808, 'Lucena', 'PHL', 196075),
(809, 'Imus', 'PHL', 195482),
(810, 'Olongapo', 'PHL', 194260),
(811, 'Binangonan', 'PHL', 187691),
(812, 'Santa Rosa', 'PHL', 185633),
(813, 'Tagum', 'PHL', 179531),
(814, 'Tacloban', 'PHL', 178639),
(815, 'Malolos', 'PHL', 175291),
(816, 'Mabalacat', 'PHL', 171045),
(817, 'Cotabato', 'PHL', 163849),
(818, 'Meycauayan', 'PHL', 163037),
(819, 'Puerto Princesa', 'PHL', 161912),
(820, 'Legazpi', 'PHL', 157010),
(821, 'Silang', 'PHL', 156137),
(822, 'Ormoc', 'PHL', 154297),
(823, 'San Carlos', 'PHL', 154264),
(824, 'Kabankalan', 'PHL', 149769),
(825, 'Talisay', 'PHL', 148110),
(826, 'Valencia', 'PHL', 147924),
(827, 'Calbayog', 'PHL', 147187),
(828, 'Santa Maria', 'PHL', 144282),
(829, 'Pagadian', 'PHL', 142515),
(830, 'Cadiz', 'PHL', 141954),
(831, 'Bago', 'PHL', 141721),
(832, 'Toledo', 'PHL', 141174),
(833, 'Naga', 'PHL', 137810),
(834, 'San Mateo', 'PHL', 135603),
(835, 'Panabo', 'PHL', 133950),
(836, 'Koronadal', 'PHL', 133786),
(837, 'Marawi', 'PHL', 131090),
(838, 'Dagupan', 'PHL', 130328),
(839, 'Sagay', 'PHL', 129765),
(840, 'Roxas', 'PHL', 126352),
(841, 'Lubao', 'PHL', 125699),
(842, 'Digos', 'PHL', 125171),
(843, 'San Miguel', 'PHL', 123824),
(844, 'Malaybalay', 'PHL', 123672),
(845, 'Tuguegarao', 'PHL', 120645),
(846, 'Ilagan', 'PHL', 119990),
(847, 'Baliuag', 'PHL', 119675),
(848, 'Surigao', 'PHL', 118534),
(849, 'San Carlos', 'PHL', 118259),
(850, 'San Juan del Monte', 'PHL', 117680),
(851, 'Tanauan', 'PHL', 117539),
(852, 'Concepcion', 'PHL', 115171),
(853, 'Rodriguez (Montalban)', 'PHL', 115167),
(854, 'Sariaya', 'PHL', 114568),
(855, 'Malasiqui', 'PHL', 113190),
(856, 'General Mariano Alvarez', 'PHL', 112446),
(857, 'Urdaneta', 'PHL', 111582),
(858, 'Hagonoy', 'PHL', 111425),
(859, 'San Jose', 'PHL', 111009),
(860, 'Polomolok', 'PHL', 110709),
(861, 'Santiago', 'PHL', 110531),
(862, 'Tanza', 'PHL', 110517),
(863, 'Ozamis', 'PHL', 110420),
(864, 'Mexico', 'PHL', 109481),
(865, 'San Jose', 'PHL', 108254),
(866, 'Silay', 'PHL', 107722),
(867, 'General Trias', 'PHL', 107691),
(868, 'Tabaco', 'PHL', 107166),
(869, 'Cabuyao', 'PHL', 106630),
(870, 'Calapan', 'PHL', 105910),
(871, 'Mati', 'PHL', 105908),
(872, 'Midsayap', 'PHL', 105760),
(873, 'Cauayan', 'PHL', 103952),
(874, 'Gingoog', 'PHL', 102379),
(875, 'Dumaguete', 'PHL', 102265),
(876, 'San Fernando', 'PHL', 102082),
(877, 'Arayat', 'PHL', 101792),
(878, 'Bayawan (Tulong)', 'PHL', 101391),
(879, 'Kidapawan', 'PHL', 101205),
(880, 'Daraga (Locsin)', 'PHL', 101031),
(881, 'Marilao', 'PHL', 101017),
(882, 'Malita', 'PHL', 100000),
(883, 'Dipolog', 'PHL', 99862),
(884, 'Cavite', 'PHL', 99367),
(885, 'Danao', 'PHL', 98781),
(886, 'Bislig', 'PHL', 97860),
(887, 'Talavera', 'PHL', 97329),
(888, 'Guagua', 'PHL', 96858),
(889, 'Bayambang', 'PHL', 96609),
(890, 'Nasugbu', 'PHL', 96113),
(891, 'Baybay', 'PHL', 95630),
(892, 'Capas', 'PHL', 95219),
(893, 'Sultan Kudarat', 'PHL', 94861),
(894, 'Laoag', 'PHL', 94466),
(895, 'Bayugan', 'PHL', 93623),
(896, 'Malungon', 'PHL', 93232),
(897, 'Santa Cruz', 'PHL', 92694),
(898, 'Sorsogon', 'PHL', 92512),
(899, 'Candelaria', 'PHL', 92429),
(900, 'Ligao', 'PHL', 90603),
(901, 'Tórshavn', 'FRO', 14542),
(902, 'Libreville', 'GAB', 419000),
(903, 'Serekunda', 'GMB', 102600),
(904, 'Banjul', 'GMB', 42326),
(905, 'Tbilisi', 'GEO', 1235200),
(906, 'Kutaisi', 'GEO', 240900),
(907, 'Rustavi', 'GEO', 155400),
(908, 'Batumi', 'GEO', 137700),
(909, 'Sohumi', 'GEO', 111700),
(910, 'Accra', 'GHA', 1070000),
(911, 'Kumasi', 'GHA', 385192),
(912, 'Tamale', 'GHA', 151069),
(913, 'Tema', 'GHA', 109975),
(914, 'Sekondi-Takoradi', 'GHA', 103653),
(915, 'Gibraltar', 'GIB', 27025),
(916, 'Saint George´s', 'GRD', 4621),
(917, 'Nuuk', 'GRL', 13445),
(918, 'Les Abymes', 'GLP', 62947),
(919, 'Basse-Terre', 'GLP', 12433),
(920, 'Tamuning', 'GUM', 9500),
(921, 'Agaña', 'GUM', 1139),
(922, 'Ciudad de Guatemala', 'GTM', 823301),
(923, 'Mixco', 'GTM', 209791),
(924, 'Villa Nueva', 'GTM', 101295),
(925, 'Quetzaltenango', 'GTM', 90801),
(926, 'Conakry', 'GIN', 1090610),
(927, 'Bissau', 'GNB', 241000),
(928, 'Georgetown', 'GUY', 254000),
(929, 'Port-au-Prince', 'HTI', 884472),
(930, 'Carrefour', 'HTI', 290204),
(931, 'Delmas', 'HTI', 240429),
(932, 'Le-Cap-Haïtien', 'HTI', 102233),
(933, 'Tegucigalpa', 'HND', 813900),
(934, 'San Pedro Sula', 'HND', 383900),
(935, 'La Ceiba', 'HND', 89200),
(936, 'Kowloon and New Kowloon', 'HKG', 1987996),
(937, 'Victoria', 'HKG', 1312637),
(938, 'Longyearbyen', 'SJM', 1438),
(939, 'Jakarta', 'IDN', 9604900),
(940, 'Surabaya', 'IDN', 2663820),
(941, 'Bandung', 'IDN', 2429000),
(942, 'Medan', 'IDN', 1843919),
(943, 'Palembang', 'IDN', 1222764),
(944, 'Tangerang', 'IDN', 1198300),
(945, 'Semarang', 'IDN', 1104405),
(946, 'Ujung Pandang', 'IDN', 1060257),
(947, 'Malang', 'IDN', 716862),
(948, 'Bandar Lampung', 'IDN', 680332),
(949, 'Bekasi', 'IDN', 644300),
(950, 'Padang', 'IDN', 534474),
(951, 'Surakarta', 'IDN', 518600),
(952, 'Banjarmasin', 'IDN', 482931),
(953, 'Pekan Baru', 'IDN', 438638),
(954, 'Denpasar', 'IDN', 435000),
(955, 'Yogyakarta', 'IDN', 418944),
(956, 'Pontianak', 'IDN', 409632),
(957, 'Samarinda', 'IDN', 399175),
(958, 'Jambi', 'IDN', 385201),
(959, 'Depok', 'IDN', 365200),
(960, 'Cimahi', 'IDN', 344600),
(961, 'Balikpapan', 'IDN', 338752),
(962, 'Manado', 'IDN', 332288),
(963, 'Mataram', 'IDN', 306600),
(964, 'Pekalongan', 'IDN', 301504),
(965, 'Tegal', 'IDN', 289744),
(966, 'Bogor', 'IDN', 285114),
(967, 'Ciputat', 'IDN', 270800),
(968, 'Pondokgede', 'IDN', 263200),
(969, 'Cirebon', 'IDN', 254406),
(970, 'Kediri', 'IDN', 253760),
(971, 'Ambon', 'IDN', 249312),
(972, 'Jember', 'IDN', 218500),
(973, 'Cilacap', 'IDN', 206900),
(974, 'Cimanggis', 'IDN', 205100),
(975, 'Pematang Siantar', 'IDN', 203056),
(976, 'Purwokerto', 'IDN', 202500),
(977, 'Ciomas', 'IDN', 187400),
(978, 'Tasikmalaya', 'IDN', 179800),
(979, 'Madiun', 'IDN', 171532),
(980, 'Bengkulu', 'IDN', 146439),
(981, 'Karawang', 'IDN', 145000),
(982, 'Banda Aceh', 'IDN', 143409),
(983, 'Palu', 'IDN', 142800),
(984, 'Pasuruan', 'IDN', 134019),
(985, 'Kupang', 'IDN', 129300),
(986, 'Tebing Tinggi', 'IDN', 129300),
(987, 'Percut Sei Tuan', 'IDN', 129000),
(988, 'Binjai', 'IDN', 127222),
(989, 'Sukabumi', 'IDN', 125766),
(990, 'Waru', 'IDN', 124300),
(991, 'Pangkal Pinang', 'IDN', 124000),
(992, 'Magelang', 'IDN', 123800),
(993, 'Blitar', 'IDN', 122600),
(994, 'Serang', 'IDN', 122400),
(995, 'Probolinggo', 'IDN', 120770),
(996, 'Cilegon', 'IDN', 117000),
(997, 'Cianjur', 'IDN', 114300),
(998, 'Ciparay', 'IDN', 111500),
(999, 'Lhokseumawe', 'IDN', 109600),
(1000, 'Taman', 'IDN', 107000),
(1001, 'Depok', 'IDN', 106800),
(1002, 'Citeureup', 'IDN', 105100),
(1003, 'Pemalang', 'IDN', 103500),
(1004, 'Klaten', 'IDN', 103300),
(1005, 'Salatiga', 'IDN', 103000),
(1006, 'Cibinong', 'IDN', 101300),
(1007, 'Palangka Raya', 'IDN', 99693),
(1008, 'Mojokerto', 'IDN', 96626),
(1009, 'Purwakarta', 'IDN', 95900),
(1010, 'Garut', 'IDN', 95800),
(1011, 'Kudus', 'IDN', 95300),
(1012, 'Kendari', 'IDN', 94800),
(1013, 'Jaya Pura', 'IDN', 94700),
(1014, 'Gorontalo', 'IDN', 94058),
(1015, 'Majalaya', 'IDN', 93200),
(1016, 'Pondok Aren', 'IDN', 92700),
(1017, 'Jombang', 'IDN', 92600),
(1018, 'Sunggal', 'IDN', 92300),
(1019, 'Batam', 'IDN', 91871),
(1020, 'Padang Sidempuan', 'IDN', 91200),
(1021, 'Sawangan', 'IDN', 91100),
(1022, 'Banyuwangi', 'IDN', 89900),
(1023, 'Tanjung Pinang', 'IDN', 89900),
(1024, 'Mumbai (Bombay)', 'IND', 10500000),
(1025, 'Delhi', 'IND', 7206704),
(1026, 'Calcutta [Kolkata]', 'IND', 4399819),
(1027, 'Chennai (Madras)', 'IND', 3841396),
(1028, 'Hyderabad', 'IND', 2964638),
(1029, 'Ahmedabad', 'IND', 2876710),
(1030, 'Bangalore', 'IND', 2660088),
(1031, 'Kanpur', 'IND', 1874409),
(1032, 'Nagpur', 'IND', 1624752),
(1033, 'Lucknow', 'IND', 1619115),
(1034, 'Pune', 'IND', 1566651),
(1035, 'Surat', 'IND', 1498817),
(1036, 'Jaipur', 'IND', 1458483),
(1037, 'Indore', 'IND', 1091674),
(1038, 'Bhopal', 'IND', 1062771),
(1039, 'Ludhiana', 'IND', 1042740),
(1040, 'Vadodara (Baroda)', 'IND', 1031346),
(1041, 'Kalyan', 'IND', 1014557),
(1042, 'Madurai', 'IND', 977856),
(1043, 'Haora (Howrah)', 'IND', 950435),
(1044, 'Varanasi (Benares)', 'IND', 929270),
(1045, 'Patna', 'IND', 917243),
(1046, 'Srinagar', 'IND', 892506),
(1047, 'Agra', 'IND', 891790),
(1048, 'Coimbatore', 'IND', 816321),
(1049, 'Thane (Thana)', 'IND', 803389),
(1050, 'Allahabad', 'IND', 792858),
(1051, 'Meerut', 'IND', 753778),
(1052, 'Vishakhapatnam', 'IND', 752037),
(1053, 'Jabalpur', 'IND', 741927),
(1054, 'Amritsar', 'IND', 708835),
(1055, 'Faridabad', 'IND', 703592),
(1056, 'Vijayawada', 'IND', 701827),
(1057, 'Gwalior', 'IND', 690765),
(1058, 'Jodhpur', 'IND', 666279),
(1059, 'Nashik (Nasik)', 'IND', 656925),
(1060, 'Hubli-Dharwad', 'IND', 648298),
(1061, 'Solapur (Sholapur)', 'IND', 604215),
(1062, 'Ranchi', 'IND', 599306),
(1063, 'Bareilly', 'IND', 587211),
(1064, 'Guwahati (Gauhati)', 'IND', 584342),
(1065, 'Shambajinagar (Aurangabad)', 'IND', 573272),
(1066, 'Cochin (Kochi)', 'IND', 564589),
(1067, 'Rajkot', 'IND', 559407),
(1068, 'Kota', 'IND', 537371),
(1069, 'Thiruvananthapuram (Trivandrum', 'IND', 524006),
(1070, 'Pimpri-Chinchwad', 'IND', 517083),
(1071, 'Jalandhar (Jullundur)', 'IND', 509510),
(1072, 'Gorakhpur', 'IND', 505566),
(1073, 'Chandigarh', 'IND', 504094),
(1074, 'Mysore', 'IND', 480692),
(1075, 'Aligarh', 'IND', 480520),
(1076, 'Guntur', 'IND', 471051),
(1077, 'Jamshedpur', 'IND', 460577),
(1078, 'Ghaziabad', 'IND', 454156),
(1079, 'Warangal', 'IND', 447657),
(1080, 'Raipur', 'IND', 438639),
(1081, 'Moradabad', 'IND', 429214),
(1082, 'Durgapur', 'IND', 425836),
(1083, 'Amravati', 'IND', 421576),
(1084, 'Calicut (Kozhikode)', 'IND', 419831),
(1085, 'Bikaner', 'IND', 416289),
(1086, 'Bhubaneswar', 'IND', 411542),
(1087, 'Kolhapur', 'IND', 406370),
(1088, 'Kataka (Cuttack)', 'IND', 403418),
(1089, 'Ajmer', 'IND', 402700),
(1090, 'Bhavnagar', 'IND', 402338),
(1091, 'Tiruchirapalli', 'IND', 387223),
(1092, 'Bhilai', 'IND', 386159),
(1093, 'Bhiwandi', 'IND', 379070),
(1094, 'Saharanpur', 'IND', 374945),
(1095, 'Ulhasnagar', 'IND', 369077),
(1096, 'Salem', 'IND', 366712),
(1097, 'Ujjain', 'IND', 362266),
(1098, 'Malegaon', 'IND', 342595),
(1099, 'Jamnagar', 'IND', 341637),
(1100, 'Bokaro Steel City', 'IND', 333683),
(1101, 'Akola', 'IND', 328034),
(1102, 'Belgaum', 'IND', 326399),
(1103, 'Rajahmundry', 'IND', 324851),
(1104, 'Nellore', 'IND', 316606),
(1105, 'Udaipur', 'IND', 308571),
(1106, 'New Bombay', 'IND', 307297),
(1107, 'Bhatpara', 'IND', 304952),
(1108, 'Gulbarga', 'IND', 304099),
(1109, 'New Delhi', 'IND', 301297),
(1110, 'Jhansi', 'IND', 300850),
(1111, 'Gaya', 'IND', 291675),
(1112, 'Kakinada', 'IND', 279980),
(1113, 'Dhule (Dhulia)', 'IND', 278317),
(1114, 'Panihati', 'IND', 275990),
(1115, 'Nanded (Nander)', 'IND', 275083),
(1116, 'Mangalore', 'IND', 273304),
(1117, 'Dehra Dun', 'IND', 270159),
(1118, 'Kamarhati', 'IND', 266889),
(1119, 'Davangere', 'IND', 266082),
(1120, 'Asansol', 'IND', 262188),
(1121, 'Bhagalpur', 'IND', 253225),
(1122, 'Bellary', 'IND', 245391),
(1123, 'Barddhaman (Burdwan)', 'IND', 245079),
(1124, 'Rampur', 'IND', 243742),
(1125, 'Jalgaon', 'IND', 242193),
(1126, 'Muzaffarpur', 'IND', 241107),
(1127, 'Nizamabad', 'IND', 241034),
(1128, 'Muzaffarnagar', 'IND', 240609),
(1129, 'Patiala', 'IND', 238368),
(1130, 'Shahjahanpur', 'IND', 237713),
(1131, 'Kurnool', 'IND', 236800),
(1132, 'Tiruppur (Tirupper)', 'IND', 235661),
(1133, 'Rohtak', 'IND', 233400),
(1134, 'South Dum Dum', 'IND', 232811),
(1135, 'Mathura', 'IND', 226691),
(1136, 'Chandrapur', 'IND', 226105),
(1137, 'Barahanagar (Baranagar)', 'IND', 224821),
(1138, 'Darbhanga', 'IND', 218391),
(1139, 'Siliguri (Shiliguri)', 'IND', 216950),
(1140, 'Raurkela', 'IND', 215489),
(1141, 'Ambattur', 'IND', 215424),
(1142, 'Panipat', 'IND', 215218),
(1143, 'Firozabad', 'IND', 215128),
(1144, 'Ichalkaranji', 'IND', 214950),
(1145, 'Jammu', 'IND', 214737),
(1146, 'Ramagundam', 'IND', 214384),
(1147, 'Eluru', 'IND', 212866),
(1148, 'Brahmapur', 'IND', 210418),
(1149, 'Alwar', 'IND', 205086),
(1150, 'Pondicherry', 'IND', 203065),
(1151, 'Thanjavur', 'IND', 202013),
(1152, 'Bihar Sharif', 'IND', 201323),
(1153, 'Tuticorin', 'IND', 199854),
(1154, 'Imphal', 'IND', 198535),
(1155, 'Latur', 'IND', 197408),
(1156, 'Sagar', 'IND', 195346),
(1157, 'Farrukhabad-cum-Fatehgarh', 'IND', 194567),
(1158, 'Sangli', 'IND', 193197),
(1159, 'Parbhani', 'IND', 190255),
(1160, 'Nagar Coil', 'IND', 190084),
(1161, 'Bijapur', 'IND', 186939),
(1162, 'Kukatpalle', 'IND', 185378),
(1163, 'Bally', 'IND', 184474),
(1164, 'Bhilwara', 'IND', 183965),
(1165, 'Ratlam', 'IND', 183375),
(1166, 'Avadi', 'IND', 183215),
(1167, 'Dindigul', 'IND', 182477),
(1168, 'Ahmadnagar', 'IND', 181339),
(1169, 'Bilaspur', 'IND', 179833),
(1170, 'Shimoga', 'IND', 179258),
(1171, 'Kharagpur', 'IND', 177989),
(1172, 'Mira Bhayandar', 'IND', 175372),
(1173, 'Vellore', 'IND', 175061),
(1174, 'Jalna', 'IND', 174985),
(1175, 'Burnpur', 'IND', 174933),
(1176, 'Anantapur', 'IND', 174924),
(1177, 'Allappuzha (Alleppey)', 'IND', 174666),
(1178, 'Tirupati', 'IND', 174369),
(1179, 'Karnal', 'IND', 173751),
(1180, 'Burhanpur', 'IND', 172710),
(1181, 'Hisar (Hissar)', 'IND', 172677),
(1182, 'Tiruvottiyur', 'IND', 172562),
(1183, 'Mirzapur-cum-Vindhyachal', 'IND', 169336),
(1184, 'Secunderabad', 'IND', 167461),
(1185, 'Nadiad', 'IND', 167051),
(1186, 'Dewas', 'IND', 164364),
(1187, 'Murwara (Katni)', 'IND', 163431),
(1188, 'Ganganagar', 'IND', 161482),
(1189, 'Vizianagaram', 'IND', 160359),
(1190, 'Erode', 'IND', 159232),
(1191, 'Machilipatnam (Masulipatam)', 'IND', 159110),
(1192, 'Bhatinda (Bathinda)', 'IND', 159042),
(1193, 'Raichur', 'IND', 157551),
(1194, 'Agartala', 'IND', 157358),
(1195, 'Arrah (Ara)', 'IND', 157082),
(1196, 'Satna', 'IND', 156630),
(1197, 'Lalbahadur Nagar', 'IND', 155500),
(1198, 'Aizawl', 'IND', 155240),
(1199, 'Uluberia', 'IND', 155172),
(1200, 'Katihar', 'IND', 154367),
(1201, 'Cuddalore', 'IND', 153086),
(1202, 'Hugli-Chinsurah', 'IND', 151806),
(1203, 'Dhanbad', 'IND', 151789),
(1204, 'Raiganj', 'IND', 151045),
(1205, 'Sambhal', 'IND', 150869),
(1206, 'Durg', 'IND', 150645),
(1207, 'Munger (Monghyr)', 'IND', 150112),
(1208, 'Kanchipuram', 'IND', 150100),
(1209, 'North Dum Dum', 'IND', 149965),
(1210, 'Karimnagar', 'IND', 148583),
(1211, 'Bharatpur', 'IND', 148519),
(1212, 'Sikar', 'IND', 148272),
(1213, 'Hardwar (Haridwar)', 'IND', 147305),
(1214, 'Dabgram', 'IND', 147217),
(1215, 'Morena', 'IND', 147124),
(1216, 'Noida', 'IND', 146514),
(1217, 'Hapur', 'IND', 146262),
(1218, 'Bhusawal', 'IND', 145143),
(1219, 'Khandwa', 'IND', 145133),
(1220, 'Yamuna Nagar', 'IND', 144346),
(1221, 'Sonipat (Sonepat)', 'IND', 143922),
(1222, 'Tenali', 'IND', 143726),
(1223, 'Raurkela Civil Township', 'IND', 140408),
(1224, 'Kollam (Quilon)', 'IND', 139852),
(1225, 'Kumbakonam', 'IND', 139483),
(1226, 'Ingraj Bazar (English Bazar)', 'IND', 139204),
(1227, 'Timkur', 'IND', 138903),
(1228, 'Amroha', 'IND', 137061),
(1229, 'Serampore', 'IND', 137028),
(1230, 'Chapra', 'IND', 136877),
(1231, 'Pali', 'IND', 136842),
(1232, 'Maunath Bhanjan', 'IND', 136697),
(1233, 'Adoni', 'IND', 136182),
(1234, 'Jaunpur', 'IND', 136062),
(1235, 'Tirunelveli', 'IND', 135825),
(1236, 'Bahraich', 'IND', 135400),
(1237, 'Gadag Betigeri', 'IND', 134051),
(1238, 'Proddatur', 'IND', 133914),
(1239, 'Chittoor', 'IND', 133462),
(1240, 'Barrackpur', 'IND', 133265),
(1241, 'Bharuch (Broach)', 'IND', 133102),
(1242, 'Naihati', 'IND', 132701),
(1243, 'Shillong', 'IND', 131719),
(1244, 'Sambalpur', 'IND', 131138),
(1245, 'Junagadh', 'IND', 130484),
(1246, 'Rae Bareli', 'IND', 129904),
(1247, 'Rewa', 'IND', 128981),
(1248, 'Gurgaon', 'IND', 128608),
(1249, 'Khammam', 'IND', 127992),
(1250, 'Bulandshahr', 'IND', 127201),
(1251, 'Navsari', 'IND', 126089),
(1252, 'Malkajgiri', 'IND', 126066),
(1253, 'Midnapore (Medinipur)', 'IND', 125498),
(1254, 'Miraj', 'IND', 125407),
(1255, 'Raj Nandgaon', 'IND', 125371),
(1256, 'Alandur', 'IND', 125244),
(1257, 'Puri', 'IND', 125199),
(1258, 'Navadwip', 'IND', 125037),
(1259, 'Sirsa', 'IND', 125000),
(1260, 'Korba', 'IND', 124501),
(1261, 'Faizabad', 'IND', 124437),
(1262, 'Etawah', 'IND', 124072),
(1263, 'Pathankot', 'IND', 123930),
(1264, 'Gandhinagar', 'IND', 123359),
(1265, 'Palghat (Palakkad)', 'IND', 123289),
(1266, 'Veraval', 'IND', 123000),
(1267, 'Hoshiarpur', 'IND', 122705),
(1268, 'Ambala', 'IND', 122596),
(1269, 'Sitapur', 'IND', 121842),
(1270, 'Bhiwani', 'IND', 121629),
(1271, 'Cuddapah', 'IND', 121463),
(1272, 'Bhimavaram', 'IND', 121314),
(1273, 'Krishnanagar', 'IND', 121110),
(1274, 'Chandannagar', 'IND', 120378),
(1275, 'Mandya', 'IND', 120265),
(1276, 'Dibrugarh', 'IND', 120127),
(1277, 'Nandyal', 'IND', 119813),
(1278, 'Balurghat', 'IND', 119796),
(1279, 'Neyveli', 'IND', 118080),
(1280, 'Fatehpur', 'IND', 117675),
(1281, 'Mahbubnagar', 'IND', 116833),
(1282, 'Budaun', 'IND', 116695),
(1283, 'Porbandar', 'IND', 116671),
(1284, 'Silchar', 'IND', 115483),
(1285, 'Berhampore (Baharampur)', 'IND', 115144),
(1286, 'Purnea (Purnia)', 'IND', 114912),
(1287, 'Bankura', 'IND', 114876),
(1288, 'Rajapalaiyam', 'IND', 114202),
(1289, 'Titagarh', 'IND', 114085),
(1290, 'Halisahar', 'IND', 114028),
(1291, 'Hathras', 'IND', 113285),
(1292, 'Bhir (Bid)', 'IND', 112434),
(1293, 'Pallavaram', 'IND', 111866),
(1294, 'Anand', 'IND', 110266),
(1295, 'Mango', 'IND', 110024),
(1296, 'Santipur', 'IND', 109956),
(1297, 'Bhind', 'IND', 109755),
(1298, 'Gondiya', 'IND', 109470),
(1299, 'Tiruvannamalai', 'IND', 109196),
(1300, 'Yeotmal (Yavatmal)', 'IND', 108578),
(1301, 'Kulti-Barakar', 'IND', 108518),
(1302, 'Moga', 'IND', 108304),
(1303, 'Shivapuri', 'IND', 108277),
(1304, 'Bidar', 'IND', 108016),
(1305, 'Guntakal', 'IND', 107592),
(1306, 'Unnao', 'IND', 107425),
(1307, 'Barasat', 'IND', 107365),
(1308, 'Tambaram', 'IND', 107187),
(1309, 'Abohar', 'IND', 107163),
(1310, 'Pilibhit', 'IND', 106605),
(1311, 'Valparai', 'IND', 106523),
(1312, 'Gonda', 'IND', 106078),
(1313, 'Surendranagar', 'IND', 105973),
(1314, 'Qutubullapur', 'IND', 105380),
(1315, 'Beawar', 'IND', 105363),
(1316, 'Hindupur', 'IND', 104651),
(1317, 'Gandhidham', 'IND', 104585),
(1318, 'Haldwani-cum-Kathgodam', 'IND', 104195),
(1319, 'Tellicherry (Thalassery)', 'IND', 103579),
(1320, 'Wardha', 'IND', 102985),
(1321, 'Rishra', 'IND', 102649),
(1322, 'Bhuj', 'IND', 102176),
(1323, 'Modinagar', 'IND', 101660),
(1324, 'Gudivada', 'IND', 101656),
(1325, 'Basirhat', 'IND', 101409),
(1326, 'Uttarpara-Kotrung', 'IND', 100867),
(1327, 'Ongole', 'IND', 100836),
(1328, 'North Barrackpur', 'IND', 100513),
(1329, 'Guna', 'IND', 100490),
(1330, 'Haldia', 'IND', 100347),
(1331, 'Habra', 'IND', 100223),
(1332, 'Kanchrapara', 'IND', 100194),
(1333, 'Tonk', 'IND', 100079),
(1334, 'Champdani', 'IND', 98818),
(1335, 'Orai', 'IND', 98640),
(1336, 'Pudukkottai', 'IND', 98619),
(1337, 'Sasaram', 'IND', 98220),
(1338, 'Hazaribag', 'IND', 97712),
(1339, 'Palayankottai', 'IND', 97662),
(1340, 'Banda', 'IND', 97227),
(1341, 'Godhra', 'IND', 96813),
(1342, 'Hospet', 'IND', 96322),
(1343, 'Ashoknagar-Kalyangarh', 'IND', 96315),
(1344, 'Achalpur', 'IND', 96216),
(1345, 'Patan', 'IND', 96109),
(1346, 'Mandasor', 'IND', 95758),
(1347, 'Damoh', 'IND', 95661),
(1348, 'Satara', 'IND', 95133),
(1349, 'Meerut Cantonment', 'IND', 94876),
(1350, 'Dehri', 'IND', 94526),
(1351, 'Delhi Cantonment', 'IND', 94326),
(1352, 'Chhindwara', 'IND', 93731),
(1353, 'Bansberia', 'IND', 93447),
(1354, 'Nagaon', 'IND', 93350),
(1355, 'Kanpur Cantonment', 'IND', 93109),
(1356, 'Vidisha', 'IND', 92917),
(1357, 'Bettiah', 'IND', 92583),
(1358, 'Purulia', 'IND', 92574),
(1359, 'Hassan', 'IND', 90803),
(1360, 'Ambala Sadar', 'IND', 90712),
(1361, 'Baidyabati', 'IND', 90601),
(1362, 'Morvi', 'IND', 90357),
(1363, 'Raigarh', 'IND', 89166),
(1364, 'Vejalpur', 'IND', 89053),
(1365, 'Baghdad', 'IRQ', 4336000),
(1366, 'Mosul', 'IRQ', 879000),
(1367, 'Irbil', 'IRQ', 485968),
(1368, 'Kirkuk', 'IRQ', 418624),
(1369, 'Basra', 'IRQ', 406296),
(1370, 'al-Sulaymaniya', 'IRQ', 364096),
(1371, 'al-Najaf', 'IRQ', 309010),
(1372, 'Karbala', 'IRQ', 296705),
(1373, 'al-Hilla', 'IRQ', 268834),
(1374, 'al-Nasiriya', 'IRQ', 265937),
(1375, 'al-Amara', 'IRQ', 208797),
(1376, 'al-Diwaniya', 'IRQ', 196519),
(1377, 'al-Ramadi', 'IRQ', 192556),
(1378, 'al-Kut', 'IRQ', 183183),
(1379, 'Baquba', 'IRQ', 114516),
(1380, 'Teheran', 'IRN', 6758845),
(1381, 'Mashhad', 'IRN', 1887405),
(1382, 'Esfahan', 'IRN', 1266072),
(1383, 'Tabriz', 'IRN', 1191043),
(1384, 'Shiraz', 'IRN', 1053025),
(1385, 'Karaj', 'IRN', 940968),
(1386, 'Ahvaz', 'IRN', 804980),
(1387, 'Qom', 'IRN', 777677),
(1388, 'Kermanshah', 'IRN', 692986),
(1389, 'Urmia', 'IRN', 435200),
(1390, 'Zahedan', 'IRN', 419518),
(1391, 'Rasht', 'IRN', 417748),
(1392, 'Hamadan', 'IRN', 401281),
(1393, 'Kerman', 'IRN', 384991),
(1394, 'Arak', 'IRN', 380755),
(1395, 'Ardebil', 'IRN', 340386),
(1396, 'Yazd', 'IRN', 326776),
(1397, 'Qazvin', 'IRN', 291117),
(1398, 'Zanjan', 'IRN', 286295),
(1399, 'Sanandaj', 'IRN', 277808),
(1400, 'Bandar-e-Abbas', 'IRN', 273578),
(1401, 'Khorramabad', 'IRN', 272815),
(1402, 'Eslamshahr', 'IRN', 265450),
(1403, 'Borujerd', 'IRN', 217804),
(1404, 'Abadan', 'IRN', 206073),
(1405, 'Dezful', 'IRN', 202639),
(1406, 'Kashan', 'IRN', 201372),
(1407, 'Sari', 'IRN', 195882),
(1408, 'Gorgan', 'IRN', 188710),
(1409, 'Najafabad', 'IRN', 178498),
(1410, 'Sabzevar', 'IRN', 170738),
(1411, 'Khomeynishahr', 'IRN', 165888),
(1412, 'Amol', 'IRN', 159092),
(1413, 'Neyshabur', 'IRN', 158847),
(1414, 'Babol', 'IRN', 158346),
(1415, 'Khoy', 'IRN', 148944),
(1416, 'Malayer', 'IRN', 144373),
(1417, 'Bushehr', 'IRN', 143641),
(1418, 'Qaemshahr', 'IRN', 143286),
(1419, 'Qarchak', 'IRN', 142690),
(1420, 'Qods', 'IRN', 138278),
(1421, 'Sirjan', 'IRN', 135024),
(1422, 'Bojnurd', 'IRN', 134835),
(1423, 'Maragheh', 'IRN', 132318),
(1424, 'Birjand', 'IRN', 127608),
(1425, 'Ilam', 'IRN', 126346),
(1426, 'Bukan', 'IRN', 120020),
(1427, 'Masjed-e-Soleyman', 'IRN', 116883),
(1428, 'Saqqez', 'IRN', 115394),
(1429, 'Gonbad-e Qabus', 'IRN', 111253),
(1430, 'Saveh', 'IRN', 111245),
(1431, 'Mahabad', 'IRN', 107799),
(1432, 'Varamin', 'IRN', 107233),
(1433, 'Andimeshk', 'IRN', 106923),
(1434, 'Khorramshahr', 'IRN', 105636),
(1435, 'Shahrud', 'IRN', 104765),
(1436, 'Marv Dasht', 'IRN', 103579),
(1437, 'Zabol', 'IRN', 100887),
(1438, 'Shahr-e Kord', 'IRN', 100477),
(1439, 'Bandar-e Anzali', 'IRN', 98500),
(1440, 'Rafsanjan', 'IRN', 98300),
(1441, 'Marand', 'IRN', 96400),
(1442, 'Torbat-e Heydariyeh', 'IRN', 94600),
(1443, 'Jahrom', 'IRN', 94200),
(1444, 'Semnan', 'IRN', 91045),
(1445, 'Miandoab', 'IRN', 90100),
(1446, 'Qomsheh', 'IRN', 89800),
(1447, 'Dublin', 'IRL', 481854),
(1448, 'Cork', 'IRL', 127187),
(1449, 'Reykjavík', 'ISL', 109184),
(1450, 'Jerusalem', 'ISR', 633700),
(1451, 'Tel Aviv-Jaffa', 'ISR', 348100),
(1452, 'Haifa', 'ISR', 265700),
(1453, 'Rishon Le Ziyyon', 'ISR', 188200),
(1454, 'Beerseba', 'ISR', 163700),
(1455, 'Holon', 'ISR', 163100),
(1456, 'Petah Tiqwa', 'ISR', 159400),
(1457, 'Ashdod', 'ISR', 155800),
(1458, 'Netanya', 'ISR', 154900),
(1459, 'Bat Yam', 'ISR', 137000),
(1460, 'Bene Beraq', 'ISR', 133900),
(1461, 'Ramat Gan', 'ISR', 126900),
(1462, 'Ashqelon', 'ISR', 92300),
(1463, 'Rehovot', 'ISR', 90300),
(1464, 'Roma', 'ITA', 2643581),
(1465, 'Milano', 'ITA', 1300977),
(1466, 'Napoli', 'ITA', 1002619),
(1467, 'Torino', 'ITA', 903705),
(1468, 'Palermo', 'ITA', 683794),
(1469, 'Genova', 'ITA', 636104),
(1470, 'Bologna', 'ITA', 381161),
(1471, 'Firenze', 'ITA', 376662),
(1472, 'Catania', 'ITA', 337862),
(1473, 'Bari', 'ITA', 331848),
(1474, 'Venezia', 'ITA', 277305),
(1475, 'Messina', 'ITA', 259156),
(1476, 'Verona', 'ITA', 255268),
(1477, 'Trieste', 'ITA', 216459),
(1478, 'Padova', 'ITA', 211391),
(1479, 'Taranto', 'ITA', 208214),
(1480, 'Brescia', 'ITA', 191317),
(1481, 'Reggio di Calabria', 'ITA', 179617),
(1482, 'Modena', 'ITA', 176022),
(1483, 'Prato', 'ITA', 172473),
(1484, 'Parma', 'ITA', 168717),
(1485, 'Cagliari', 'ITA', 165926),
(1486, 'Livorno', 'ITA', 161673),
(1487, 'Perugia', 'ITA', 156673),
(1488, 'Foggia', 'ITA', 154891),
(1489, 'Reggio nell´ Emilia', 'ITA', 143664),
(1490, 'Salerno', 'ITA', 142055),
(1491, 'Ravenna', 'ITA', 138418),
(1492, 'Ferrara', 'ITA', 132127),
(1493, 'Rimini', 'ITA', 131062),
(1494, 'Syrakusa', 'ITA', 126282),
(1495, 'Sassari', 'ITA', 120803),
(1496, 'Monza', 'ITA', 119516),
(1497, 'Bergamo', 'ITA', 117837);
INSERT INTO `city` (`ID`, `Name`, `CountryCode`, `Population`) VALUES
(1498, 'Pescara', 'ITA', 115698),
(1499, 'Latina', 'ITA', 114099),
(1500, 'Vicenza', 'ITA', 109738),
(1501, 'Terni', 'ITA', 107770),
(1502, 'Forlì', 'ITA', 107475),
(1503, 'Trento', 'ITA', 104906),
(1504, 'Novara', 'ITA', 102037),
(1505, 'Piacenza', 'ITA', 98384),
(1506, 'Ancona', 'ITA', 98329),
(1507, 'Lecce', 'ITA', 98208),
(1508, 'Bolzano', 'ITA', 97232),
(1509, 'Catanzaro', 'ITA', 96700),
(1510, 'La Spezia', 'ITA', 95504),
(1511, 'Udine', 'ITA', 94932),
(1512, 'Torre del Greco', 'ITA', 94505),
(1513, 'Andria', 'ITA', 94443),
(1514, 'Brindisi', 'ITA', 93454),
(1515, 'Giugliano in Campania', 'ITA', 93286),
(1516, 'Pisa', 'ITA', 92379),
(1517, 'Barletta', 'ITA', 91904),
(1518, 'Arezzo', 'ITA', 91729),
(1519, 'Alessandria', 'ITA', 90289),
(1520, 'Cesena', 'ITA', 89852),
(1521, 'Pesaro', 'ITA', 88987),
(1522, 'Dili', 'TMP', 47900),
(1523, 'Wien', 'AUT', 1608144),
(1524, 'Graz', 'AUT', 240967),
(1525, 'Linz', 'AUT', 188022),
(1526, 'Salzburg', 'AUT', 144247),
(1527, 'Innsbruck', 'AUT', 111752),
(1528, 'Klagenfurt', 'AUT', 91141),
(1529, 'Spanish Town', 'JAM', 110379),
(1530, 'Kingston', 'JAM', 103962),
(1531, 'Portmore', 'JAM', 99799),
(1532, 'Tokyo', 'JPN', 7980230),
(1533, 'Jokohama [Yokohama]', 'JPN', 3339594),
(1534, 'Osaka', 'JPN', 2595674),
(1535, 'Nagoya', 'JPN', 2154376),
(1536, 'Sapporo', 'JPN', 1790886),
(1537, 'Kioto', 'JPN', 1461974),
(1538, 'Kobe', 'JPN', 1425139),
(1539, 'Fukuoka', 'JPN', 1308379),
(1540, 'Kawasaki', 'JPN', 1217359),
(1541, 'Hiroshima', 'JPN', 1119117),
(1542, 'Kitakyushu', 'JPN', 1016264),
(1543, 'Sendai', 'JPN', 989975),
(1544, 'Chiba', 'JPN', 863930),
(1545, 'Sakai', 'JPN', 797735),
(1546, 'Kumamoto', 'JPN', 656734),
(1547, 'Okayama', 'JPN', 624269),
(1548, 'Sagamihara', 'JPN', 586300),
(1549, 'Hamamatsu', 'JPN', 568796),
(1550, 'Kagoshima', 'JPN', 549977),
(1551, 'Funabashi', 'JPN', 545299),
(1552, 'Higashiosaka', 'JPN', 517785),
(1553, 'Hachioji', 'JPN', 513451),
(1554, 'Niigata', 'JPN', 497464),
(1555, 'Amagasaki', 'JPN', 481434),
(1556, 'Himeji', 'JPN', 475167),
(1557, 'Shizuoka', 'JPN', 473854),
(1558, 'Urawa', 'JPN', 469675),
(1559, 'Matsuyama', 'JPN', 466133),
(1560, 'Matsudo', 'JPN', 461126),
(1561, 'Kanazawa', 'JPN', 455386),
(1562, 'Kawaguchi', 'JPN', 452155),
(1563, 'Ichikawa', 'JPN', 441893),
(1564, 'Omiya', 'JPN', 441649),
(1565, 'Utsunomiya', 'JPN', 440353),
(1566, 'Oita', 'JPN', 433401),
(1567, 'Nagasaki', 'JPN', 432759),
(1568, 'Yokosuka', 'JPN', 430200),
(1569, 'Kurashiki', 'JPN', 425103),
(1570, 'Gifu', 'JPN', 408007),
(1571, 'Hirakata', 'JPN', 403151),
(1572, 'Nishinomiya', 'JPN', 397618),
(1573, 'Toyonaka', 'JPN', 396689),
(1574, 'Wakayama', 'JPN', 391233),
(1575, 'Fukuyama', 'JPN', 376921),
(1576, 'Fujisawa', 'JPN', 372840),
(1577, 'Asahikawa', 'JPN', 364813),
(1578, 'Machida', 'JPN', 364197),
(1579, 'Nara', 'JPN', 362812),
(1580, 'Takatsuki', 'JPN', 361747),
(1581, 'Iwaki', 'JPN', 361737),
(1582, 'Nagano', 'JPN', 361391),
(1583, 'Toyohashi', 'JPN', 360066),
(1584, 'Toyota', 'JPN', 346090),
(1585, 'Suita', 'JPN', 345750),
(1586, 'Takamatsu', 'JPN', 332471),
(1587, 'Koriyama', 'JPN', 330335),
(1588, 'Okazaki', 'JPN', 328711),
(1589, 'Kawagoe', 'JPN', 327211),
(1590, 'Tokorozawa', 'JPN', 325809),
(1591, 'Toyama', 'JPN', 325790),
(1592, 'Kochi', 'JPN', 324710),
(1593, 'Kashiwa', 'JPN', 320296),
(1594, 'Akita', 'JPN', 314440),
(1595, 'Miyazaki', 'JPN', 303784),
(1596, 'Koshigaya', 'JPN', 301446),
(1597, 'Naha', 'JPN', 299851),
(1598, 'Aomori', 'JPN', 295969),
(1599, 'Hakodate', 'JPN', 294788),
(1600, 'Akashi', 'JPN', 292253),
(1601, 'Yokkaichi', 'JPN', 288173),
(1602, 'Fukushima', 'JPN', 287525),
(1603, 'Morioka', 'JPN', 287353),
(1604, 'Maebashi', 'JPN', 284473),
(1605, 'Kasugai', 'JPN', 282348),
(1606, 'Otsu', 'JPN', 282070),
(1607, 'Ichihara', 'JPN', 279280),
(1608, 'Yao', 'JPN', 276421),
(1609, 'Ichinomiya', 'JPN', 270828),
(1610, 'Tokushima', 'JPN', 269649),
(1611, 'Kakogawa', 'JPN', 266281),
(1612, 'Ibaraki', 'JPN', 261020),
(1613, 'Neyagawa', 'JPN', 257315),
(1614, 'Shimonoseki', 'JPN', 257263),
(1615, 'Yamagata', 'JPN', 255617),
(1616, 'Fukui', 'JPN', 254818),
(1617, 'Hiratsuka', 'JPN', 254207),
(1618, 'Mito', 'JPN', 246559),
(1619, 'Sasebo', 'JPN', 244240),
(1620, 'Hachinohe', 'JPN', 242979),
(1621, 'Takasaki', 'JPN', 239124),
(1622, 'Shimizu', 'JPN', 239123),
(1623, 'Kurume', 'JPN', 235611),
(1624, 'Fuji', 'JPN', 231527),
(1625, 'Soka', 'JPN', 222768),
(1626, 'Fuchu', 'JPN', 220576),
(1627, 'Chigasaki', 'JPN', 216015),
(1628, 'Atsugi', 'JPN', 212407),
(1629, 'Numazu', 'JPN', 211382),
(1630, 'Ageo', 'JPN', 209442),
(1631, 'Yamato', 'JPN', 208234),
(1632, 'Matsumoto', 'JPN', 206801),
(1633, 'Kure', 'JPN', 206504),
(1634, 'Takarazuka', 'JPN', 205993),
(1635, 'Kasukabe', 'JPN', 201838),
(1636, 'Chofu', 'JPN', 201585),
(1637, 'Odawara', 'JPN', 200171),
(1638, 'Kofu', 'JPN', 199753),
(1639, 'Kushiro', 'JPN', 197608),
(1640, 'Kishiwada', 'JPN', 197276),
(1641, 'Hitachi', 'JPN', 196622),
(1642, 'Nagaoka', 'JPN', 192407),
(1643, 'Itami', 'JPN', 190886),
(1644, 'Uji', 'JPN', 188735),
(1645, 'Suzuka', 'JPN', 184061),
(1646, 'Hirosaki', 'JPN', 177522),
(1647, 'Ube', 'JPN', 175206),
(1648, 'Kodaira', 'JPN', 174984),
(1649, 'Takaoka', 'JPN', 174380),
(1650, 'Obihiro', 'JPN', 173685),
(1651, 'Tomakomai', 'JPN', 171958),
(1652, 'Saga', 'JPN', 170034),
(1653, 'Sakura', 'JPN', 168072),
(1654, 'Kamakura', 'JPN', 167661),
(1655, 'Mitaka', 'JPN', 167268),
(1656, 'Izumi', 'JPN', 166979),
(1657, 'Hino', 'JPN', 166770),
(1658, 'Hadano', 'JPN', 166512),
(1659, 'Ashikaga', 'JPN', 165243),
(1660, 'Tsu', 'JPN', 164543),
(1661, 'Sayama', 'JPN', 162472),
(1662, 'Yachiyo', 'JPN', 161222),
(1663, 'Tsukuba', 'JPN', 160768),
(1664, 'Tachikawa', 'JPN', 159430),
(1665, 'Kumagaya', 'JPN', 157171),
(1666, 'Moriguchi', 'JPN', 155941),
(1667, 'Otaru', 'JPN', 155784),
(1668, 'Anjo', 'JPN', 153823),
(1669, 'Narashino', 'JPN', 152849),
(1670, 'Oyama', 'JPN', 152820),
(1671, 'Ogaki', 'JPN', 151758),
(1672, 'Matsue', 'JPN', 149821),
(1673, 'Kawanishi', 'JPN', 149794),
(1674, 'Hitachinaka', 'JPN', 148006),
(1675, 'Niiza', 'JPN', 147744),
(1676, 'Nagareyama', 'JPN', 147738),
(1677, 'Tottori', 'JPN', 147523),
(1678, 'Tama', 'JPN', 146712),
(1679, 'Iruma', 'JPN', 145922),
(1680, 'Ota', 'JPN', 145317),
(1681, 'Omuta', 'JPN', 142889),
(1682, 'Komaki', 'JPN', 139827),
(1683, 'Ome', 'JPN', 139216),
(1684, 'Kadoma', 'JPN', 138953),
(1685, 'Yamaguchi', 'JPN', 138210),
(1686, 'Higashimurayama', 'JPN', 136970),
(1687, 'Yonago', 'JPN', 136461),
(1688, 'Matsubara', 'JPN', 135010),
(1689, 'Musashino', 'JPN', 134426),
(1690, 'Tsuchiura', 'JPN', 134072),
(1691, 'Joetsu', 'JPN', 133505),
(1692, 'Miyakonojo', 'JPN', 133183),
(1693, 'Misato', 'JPN', 132957),
(1694, 'Kakamigahara', 'JPN', 131831),
(1695, 'Daito', 'JPN', 130594),
(1696, 'Seto', 'JPN', 130470),
(1697, 'Kariya', 'JPN', 127969),
(1698, 'Urayasu', 'JPN', 127550),
(1699, 'Beppu', 'JPN', 127486),
(1700, 'Niihama', 'JPN', 127207),
(1701, 'Minoo', 'JPN', 127026),
(1702, 'Fujieda', 'JPN', 126897),
(1703, 'Abiko', 'JPN', 126670),
(1704, 'Nobeoka', 'JPN', 125547),
(1705, 'Tondabayashi', 'JPN', 125094),
(1706, 'Ueda', 'JPN', 124217),
(1707, 'Kashihara', 'JPN', 124013),
(1708, 'Matsusaka', 'JPN', 123582),
(1709, 'Isesaki', 'JPN', 123285),
(1710, 'Zama', 'JPN', 122046),
(1711, 'Kisarazu', 'JPN', 121967),
(1712, 'Noda', 'JPN', 121030),
(1713, 'Ishinomaki', 'JPN', 120963),
(1714, 'Fujinomiya', 'JPN', 119714),
(1715, 'Kawachinagano', 'JPN', 119666),
(1716, 'Imabari', 'JPN', 119357),
(1717, 'Aizuwakamatsu', 'JPN', 119287),
(1718, 'Higashihiroshima', 'JPN', 119166),
(1719, 'Habikino', 'JPN', 118968),
(1720, 'Ebetsu', 'JPN', 118805),
(1721, 'Hofu', 'JPN', 118751),
(1722, 'Kiryu', 'JPN', 118326),
(1723, 'Okinawa', 'JPN', 117748),
(1724, 'Yaizu', 'JPN', 117258),
(1725, 'Toyokawa', 'JPN', 115781),
(1726, 'Ebina', 'JPN', 115571),
(1727, 'Asaka', 'JPN', 114815),
(1728, 'Higashikurume', 'JPN', 111666),
(1729, 'Ikoma', 'JPN', 111645),
(1730, 'Kitami', 'JPN', 111295),
(1731, 'Koganei', 'JPN', 110969),
(1732, 'Iwatsuki', 'JPN', 110034),
(1733, 'Mishima', 'JPN', 109699),
(1734, 'Handa', 'JPN', 108600),
(1735, 'Muroran', 'JPN', 108275),
(1736, 'Komatsu', 'JPN', 107937),
(1737, 'Yatsushiro', 'JPN', 107661),
(1738, 'Iida', 'JPN', 107583),
(1739, 'Tokuyama', 'JPN', 107078),
(1740, 'Kokubunji', 'JPN', 106996),
(1741, 'Akishima', 'JPN', 106914),
(1742, 'Iwakuni', 'JPN', 106647),
(1743, 'Kusatsu', 'JPN', 106232),
(1744, 'Kuwana', 'JPN', 106121),
(1745, 'Sanda', 'JPN', 105643),
(1746, 'Hikone', 'JPN', 105508),
(1747, 'Toda', 'JPN', 103969),
(1748, 'Tajimi', 'JPN', 103171),
(1749, 'Ikeda', 'JPN', 102710),
(1750, 'Fukaya', 'JPN', 102156),
(1751, 'Ise', 'JPN', 101732),
(1752, 'Sakata', 'JPN', 101651),
(1753, 'Kasuga', 'JPN', 101344),
(1754, 'Kamagaya', 'JPN', 100821),
(1755, 'Tsuruoka', 'JPN', 100713),
(1756, 'Hoya', 'JPN', 100313),
(1757, 'Nishio', 'JPN', 100032),
(1758, 'Tokai', 'JPN', 99738),
(1759, 'Inazawa', 'JPN', 98746),
(1760, 'Sakado', 'JPN', 98221),
(1761, 'Isehara', 'JPN', 98123),
(1762, 'Takasago', 'JPN', 97632),
(1763, 'Fujimi', 'JPN', 96972),
(1764, 'Urasoe', 'JPN', 96002),
(1765, 'Yonezawa', 'JPN', 95592),
(1766, 'Konan', 'JPN', 95521),
(1767, 'Yamatokoriyama', 'JPN', 95165),
(1768, 'Maizuru', 'JPN', 94784),
(1769, 'Onomichi', 'JPN', 93756),
(1770, 'Higashimatsuyama', 'JPN', 93342),
(1771, 'Kimitsu', 'JPN', 93216),
(1772, 'Isahaya', 'JPN', 93058),
(1773, 'Kanuma', 'JPN', 93053),
(1774, 'Izumisano', 'JPN', 92583),
(1775, 'Kameoka', 'JPN', 92398),
(1776, 'Mobara', 'JPN', 91664),
(1777, 'Narita', 'JPN', 91470),
(1778, 'Kashiwazaki', 'JPN', 91229),
(1779, 'Tsuyama', 'JPN', 91170),
(1780, 'Sanaa', 'YEM', 503600),
(1781, 'Aden', 'YEM', 398300),
(1782, 'Taizz', 'YEM', 317600),
(1783, 'Hodeida', 'YEM', 298500),
(1784, 'al-Mukalla', 'YEM', 122400),
(1785, 'Ibb', 'YEM', 103300),
(1786, 'Amman', 'JOR', 1000000),
(1787, 'al-Zarqa', 'JOR', 389815),
(1788, 'Irbid', 'JOR', 231511),
(1789, 'al-Rusayfa', 'JOR', 137247),
(1790, 'Wadi al-Sir', 'JOR', 89104),
(1791, 'Flying Fish Cove', 'CXR', 700),
(1792, 'Beograd', 'YUG', 1204000),
(1793, 'Novi Sad', 'YUG', 179626),
(1794, 'Niš', 'YUG', 175391),
(1795, 'Priština', 'YUG', 155496),
(1796, 'Kragujevac', 'YUG', 147305),
(1797, 'Podgorica', 'YUG', 135000),
(1798, 'Subotica', 'YUG', 100386),
(1799, 'Prizren', 'YUG', 92303),
(1800, 'Phnom Penh', 'KHM', 570155),
(1801, 'Battambang', 'KHM', 129800),
(1802, 'Siem Reap', 'KHM', 105100),
(1803, 'Douala', 'CMR', 1448300),
(1804, 'Yaoundé', 'CMR', 1372800),
(1805, 'Garoua', 'CMR', 177000),
(1806, 'Maroua', 'CMR', 143000),
(1807, 'Bamenda', 'CMR', 138000),
(1808, 'Bafoussam', 'CMR', 131000),
(1809, 'Nkongsamba', 'CMR', 112454),
(1810, 'Montréal', 'CAN', 1016376),
(1811, 'Calgary', 'CAN', 768082),
(1812, 'Toronto', 'CAN', 688275),
(1813, 'North York', 'CAN', 622632),
(1814, 'Winnipeg', 'CAN', 618477),
(1815, 'Edmonton', 'CAN', 616306),
(1816, 'Mississauga', 'CAN', 608072),
(1817, 'Scarborough', 'CAN', 594501),
(1818, 'Vancouver', 'CAN', 514008),
(1819, 'Etobicoke', 'CAN', 348845),
(1820, 'London', 'CAN', 339917),
(1821, 'Hamilton', 'CAN', 335614),
(1822, 'Ottawa', 'CAN', 335277),
(1823, 'Laval', 'CAN', 330393),
(1824, 'Surrey', 'CAN', 304477),
(1825, 'Brampton', 'CAN', 296711),
(1826, 'Windsor', 'CAN', 207588),
(1827, 'Saskatoon', 'CAN', 193647),
(1828, 'Kitchener', 'CAN', 189959),
(1829, 'Markham', 'CAN', 189098),
(1830, 'Regina', 'CAN', 180400),
(1831, 'Burnaby', 'CAN', 179209),
(1832, 'Québec', 'CAN', 167264),
(1833, 'York', 'CAN', 154980),
(1834, 'Richmond', 'CAN', 148867),
(1835, 'Vaughan', 'CAN', 147889),
(1836, 'Burlington', 'CAN', 145150),
(1837, 'Oshawa', 'CAN', 140173),
(1838, 'Oakville', 'CAN', 139192),
(1839, 'Saint Catharines', 'CAN', 136216),
(1840, 'Longueuil', 'CAN', 127977),
(1841, 'Richmond Hill', 'CAN', 116428),
(1842, 'Thunder Bay', 'CAN', 115913),
(1843, 'Nepean', 'CAN', 115100),
(1844, 'Cape Breton', 'CAN', 114733),
(1845, 'East York', 'CAN', 114034),
(1846, 'Halifax', 'CAN', 113910),
(1847, 'Cambridge', 'CAN', 109186),
(1848, 'Gloucester', 'CAN', 107314),
(1849, 'Abbotsford', 'CAN', 105403),
(1850, 'Guelph', 'CAN', 103593),
(1851, 'Saint John´s', 'CAN', 101936),
(1852, 'Coquitlam', 'CAN', 101820),
(1853, 'Saanich', 'CAN', 101388),
(1854, 'Gatineau', 'CAN', 100702),
(1855, 'Delta', 'CAN', 95411),
(1856, 'Sudbury', 'CAN', 92686),
(1857, 'Kelowna', 'CAN', 89442),
(1858, 'Barrie', 'CAN', 89269),
(1859, 'Praia', 'CPV', 94800),
(1860, 'Almaty', 'KAZ', 1129400),
(1861, 'Qaraghandy', 'KAZ', 436900),
(1862, 'Shymkent', 'KAZ', 360100),
(1863, 'Taraz', 'KAZ', 330100),
(1864, 'Astana', 'KAZ', 311200),
(1865, 'Öskemen', 'KAZ', 311000),
(1866, 'Pavlodar', 'KAZ', 300500),
(1867, 'Semey', 'KAZ', 269600),
(1868, 'Aqtöbe', 'KAZ', 253100),
(1869, 'Qostanay', 'KAZ', 221400),
(1870, 'Petropavl', 'KAZ', 203500),
(1871, 'Oral', 'KAZ', 195500),
(1872, 'Temirtau', 'KAZ', 170500),
(1873, 'Qyzylorda', 'KAZ', 157400),
(1874, 'Aqtau', 'KAZ', 143400),
(1875, 'Atyrau', 'KAZ', 142500),
(1876, 'Ekibastuz', 'KAZ', 127200),
(1877, 'Kökshetau', 'KAZ', 123400),
(1878, 'Rudnyy', 'KAZ', 109500),
(1879, 'Taldyqorghan', 'KAZ', 98000),
(1880, 'Zhezqazghan', 'KAZ', 90000),
(1881, 'Nairobi', 'KEN', 2290000),
(1882, 'Mombasa', 'KEN', 461753),
(1883, 'Kisumu', 'KEN', 192733),
(1884, 'Nakuru', 'KEN', 163927),
(1885, 'Machakos', 'KEN', 116293),
(1886, 'Eldoret', 'KEN', 111882),
(1887, 'Meru', 'KEN', 94947),
(1888, 'Nyeri', 'KEN', 91258),
(1889, 'Bangui', 'CAF', 524000),
(1890, 'Shanghai', 'CHN', 9696300),
(1891, 'Peking', 'CHN', 7472000),
(1892, 'Chongqing', 'CHN', 6351600),
(1893, 'Tianjin', 'CHN', 5286800),
(1894, 'Wuhan', 'CHN', 4344600),
(1895, 'Harbin', 'CHN', 4289800),
(1896, 'Shenyang', 'CHN', 4265200),
(1897, 'Kanton [Guangzhou]', 'CHN', 4256300),
(1898, 'Chengdu', 'CHN', 3361500),
(1899, 'Nanking [Nanjing]', 'CHN', 2870300),
(1900, 'Changchun', 'CHN', 2812000),
(1901, 'Xi´an', 'CHN', 2761400),
(1902, 'Dalian', 'CHN', 2697000),
(1903, 'Qingdao', 'CHN', 2596000),
(1904, 'Jinan', 'CHN', 2278100),
(1905, 'Hangzhou', 'CHN', 2190500),
(1906, 'Zhengzhou', 'CHN', 2107200),
(1907, 'Shijiazhuang', 'CHN', 2041500),
(1908, 'Taiyuan', 'CHN', 1968400),
(1909, 'Kunming', 'CHN', 1829500),
(1910, 'Changsha', 'CHN', 1809800),
(1911, 'Nanchang', 'CHN', 1691600),
(1912, 'Fuzhou', 'CHN', 1593800),
(1913, 'Lanzhou', 'CHN', 1565800),
(1914, 'Guiyang', 'CHN', 1465200),
(1915, 'Ningbo', 'CHN', 1371200),
(1916, 'Hefei', 'CHN', 1369100),
(1917, 'Urumtši [Ürümqi]', 'CHN', 1310100),
(1918, 'Anshan', 'CHN', 1200000),
(1919, 'Fushun', 'CHN', 1200000),
(1920, 'Nanning', 'CHN', 1161800),
(1921, 'Zibo', 'CHN', 1140000),
(1922, 'Qiqihar', 'CHN', 1070000),
(1923, 'Jilin', 'CHN', 1040000),
(1924, 'Tangshan', 'CHN', 1040000),
(1925, 'Baotou', 'CHN', 980000),
(1926, 'Shenzhen', 'CHN', 950500),
(1927, 'Hohhot', 'CHN', 916700),
(1928, 'Handan', 'CHN', 840000),
(1929, 'Wuxi', 'CHN', 830000),
(1930, 'Xuzhou', 'CHN', 810000),
(1931, 'Datong', 'CHN', 800000),
(1932, 'Yichun', 'CHN', 800000),
(1933, 'Benxi', 'CHN', 770000),
(1934, 'Luoyang', 'CHN', 760000),
(1935, 'Suzhou', 'CHN', 710000),
(1936, 'Xining', 'CHN', 700200),
(1937, 'Huainan', 'CHN', 700000),
(1938, 'Jixi', 'CHN', 683885),
(1939, 'Daqing', 'CHN', 660000),
(1940, 'Fuxin', 'CHN', 640000),
(1941, 'Amoy [Xiamen]', 'CHN', 627500),
(1942, 'Liuzhou', 'CHN', 610000),
(1943, 'Shantou', 'CHN', 580000),
(1944, 'Jinzhou', 'CHN', 570000),
(1945, 'Mudanjiang', 'CHN', 570000),
(1946, 'Yinchuan', 'CHN', 544500),
(1947, 'Changzhou', 'CHN', 530000),
(1948, 'Zhangjiakou', 'CHN', 530000),
(1949, 'Dandong', 'CHN', 520000),
(1950, 'Hegang', 'CHN', 520000),
(1951, 'Kaifeng', 'CHN', 510000),
(1952, 'Jiamusi', 'CHN', 493409),
(1953, 'Liaoyang', 'CHN', 492559),
(1954, 'Hengyang', 'CHN', 487148),
(1955, 'Baoding', 'CHN', 483155),
(1956, 'Hunjiang', 'CHN', 482043),
(1957, 'Xinxiang', 'CHN', 473762),
(1958, 'Huangshi', 'CHN', 457601),
(1959, 'Haikou', 'CHN', 454300),
(1960, 'Yantai', 'CHN', 452127),
(1961, 'Bengbu', 'CHN', 449245),
(1962, 'Xiangtan', 'CHN', 441968),
(1963, 'Weifang', 'CHN', 428522),
(1964, 'Wuhu', 'CHN', 425740),
(1965, 'Pingxiang', 'CHN', 425579),
(1966, 'Yingkou', 'CHN', 421589),
(1967, 'Anyang', 'CHN', 420332),
(1968, 'Panzhihua', 'CHN', 415466),
(1969, 'Pingdingshan', 'CHN', 410775),
(1970, 'Xiangfan', 'CHN', 410407),
(1971, 'Zhuzhou', 'CHN', 409924),
(1972, 'Jiaozuo', 'CHN', 409100),
(1973, 'Wenzhou', 'CHN', 401871),
(1974, 'Zhangjiang', 'CHN', 400997),
(1975, 'Zigong', 'CHN', 393184),
(1976, 'Shuangyashan', 'CHN', 386081),
(1977, 'Zaozhuang', 'CHN', 380846),
(1978, 'Yakeshi', 'CHN', 377869),
(1979, 'Yichang', 'CHN', 371601),
(1980, 'Zhenjiang', 'CHN', 368316),
(1981, 'Huaibei', 'CHN', 366549),
(1982, 'Qinhuangdao', 'CHN', 364972),
(1983, 'Guilin', 'CHN', 364130),
(1984, 'Liupanshui', 'CHN', 363954),
(1985, 'Panjin', 'CHN', 362773),
(1986, 'Yangquan', 'CHN', 362268),
(1987, 'Jinxi', 'CHN', 357052),
(1988, 'Liaoyuan', 'CHN', 354141),
(1989, 'Lianyungang', 'CHN', 354139),
(1990, 'Xianyang', 'CHN', 352125),
(1991, 'Tai´an', 'CHN', 350696),
(1992, 'Chifeng', 'CHN', 350077),
(1993, 'Shaoguan', 'CHN', 350043),
(1994, 'Nantong', 'CHN', 343341),
(1995, 'Leshan', 'CHN', 341128),
(1996, 'Baoji', 'CHN', 337765),
(1997, 'Linyi', 'CHN', 324720),
(1998, 'Tonghua', 'CHN', 324600),
(1999, 'Siping', 'CHN', 317223),
(2000, 'Changzhi', 'CHN', 317144),
(2001, 'Tengzhou', 'CHN', 315083),
(2002, 'Chaozhou', 'CHN', 313469),
(2003, 'Yangzhou', 'CHN', 312892),
(2004, 'Dongwan', 'CHN', 308669),
(2005, 'Ma´anshan', 'CHN', 305421),
(2006, 'Foshan', 'CHN', 303160),
(2007, 'Yueyang', 'CHN', 302800),
(2008, 'Xingtai', 'CHN', 302789),
(2009, 'Changde', 'CHN', 301276),
(2010, 'Shihezi', 'CHN', 299676),
(2011, 'Yancheng', 'CHN', 296831),
(2012, 'Jiujiang', 'CHN', 291187),
(2013, 'Dongying', 'CHN', 281728),
(2014, 'Shashi', 'CHN', 281352),
(2015, 'Xintai', 'CHN', 281248),
(2016, 'Jingdezhen', 'CHN', 281183),
(2017, 'Tongchuan', 'CHN', 280657),
(2018, 'Zhongshan', 'CHN', 278829),
(2019, 'Shiyan', 'CHN', 273786),
(2020, 'Tieli', 'CHN', 265683),
(2021, 'Jining', 'CHN', 265248),
(2022, 'Wuhai', 'CHN', 264081),
(2023, 'Mianyang', 'CHN', 262947),
(2024, 'Luzhou', 'CHN', 262892),
(2025, 'Zunyi', 'CHN', 261862),
(2026, 'Shizuishan', 'CHN', 257862),
(2027, 'Neijiang', 'CHN', 256012),
(2028, 'Tongliao', 'CHN', 255129),
(2029, 'Tieling', 'CHN', 254842),
(2030, 'Wafangdian', 'CHN', 251733),
(2031, 'Anqing', 'CHN', 250718),
(2032, 'Shaoyang', 'CHN', 247227),
(2033, 'Laiwu', 'CHN', 246833),
(2034, 'Chengde', 'CHN', 246799),
(2035, 'Tianshui', 'CHN', 244974),
(2036, 'Nanyang', 'CHN', 243303),
(2037, 'Cangzhou', 'CHN', 242708),
(2038, 'Yibin', 'CHN', 241019),
(2039, 'Huaiyin', 'CHN', 239675),
(2040, 'Dunhua', 'CHN', 235100),
(2041, 'Yanji', 'CHN', 230892),
(2042, 'Jiangmen', 'CHN', 230587),
(2043, 'Tongling', 'CHN', 228017),
(2044, 'Suihua', 'CHN', 227881),
(2045, 'Gongziling', 'CHN', 226569),
(2046, 'Xiantao', 'CHN', 222884),
(2047, 'Chaoyang', 'CHN', 222394),
(2048, 'Ganzhou', 'CHN', 220129),
(2049, 'Huzhou', 'CHN', 218071),
(2050, 'Baicheng', 'CHN', 217987),
(2051, 'Shangzi', 'CHN', 215373),
(2052, 'Yangjiang', 'CHN', 215196),
(2053, 'Qitaihe', 'CHN', 214957),
(2054, 'Gejiu', 'CHN', 214294),
(2055, 'Jiangyin', 'CHN', 213659),
(2056, 'Hebi', 'CHN', 212976),
(2057, 'Jiaxing', 'CHN', 211526),
(2058, 'Wuzhou', 'CHN', 210452),
(2059, 'Meihekou', 'CHN', 209038),
(2060, 'Xuchang', 'CHN', 208815),
(2061, 'Liaocheng', 'CHN', 207844),
(2062, 'Haicheng', 'CHN', 205560),
(2063, 'Qianjiang', 'CHN', 205504),
(2064, 'Baiyin', 'CHN', 204970),
(2065, 'Bei´an', 'CHN', 204899),
(2066, 'Yixing', 'CHN', 200824),
(2067, 'Laizhou', 'CHN', 198664),
(2068, 'Qaramay', 'CHN', 197602),
(2069, 'Acheng', 'CHN', 197595),
(2070, 'Dezhou', 'CHN', 195485),
(2071, 'Nanping', 'CHN', 195064),
(2072, 'Zhaoqing', 'CHN', 194784),
(2073, 'Beipiao', 'CHN', 194301),
(2074, 'Fengcheng', 'CHN', 193784),
(2075, 'Fuyu', 'CHN', 192981),
(2076, 'Xinyang', 'CHN', 192509),
(2077, 'Dongtai', 'CHN', 192247),
(2078, 'Yuci', 'CHN', 191356),
(2079, 'Honghu', 'CHN', 190772),
(2080, 'Ezhou', 'CHN', 190123),
(2081, 'Heze', 'CHN', 189293),
(2082, 'Daxian', 'CHN', 188101),
(2083, 'Linfen', 'CHN', 187309),
(2084, 'Tianmen', 'CHN', 186332),
(2085, 'Yiyang', 'CHN', 185818),
(2086, 'Quanzhou', 'CHN', 185154),
(2087, 'Rizhao', 'CHN', 185048),
(2088, 'Deyang', 'CHN', 182488),
(2089, 'Guangyuan', 'CHN', 182241),
(2090, 'Changshu', 'CHN', 181805),
(2091, 'Zhangzhou', 'CHN', 181424),
(2092, 'Hailar', 'CHN', 180650),
(2093, 'Nanchong', 'CHN', 180273),
(2094, 'Jiutai', 'CHN', 180130),
(2095, 'Zhaodong', 'CHN', 179976),
(2096, 'Shaoxing', 'CHN', 179818),
(2097, 'Fuyang', 'CHN', 179572),
(2098, 'Maoming', 'CHN', 178683),
(2099, 'Qujing', 'CHN', 178669),
(2100, 'Ghulja', 'CHN', 177193),
(2101, 'Jiaohe', 'CHN', 176367),
(2102, 'Puyang', 'CHN', 175988),
(2103, 'Huadian', 'CHN', 175873),
(2104, 'Jiangyou', 'CHN', 175753),
(2105, 'Qashqar', 'CHN', 174570),
(2106, 'Anshun', 'CHN', 174142),
(2107, 'Fuling', 'CHN', 173878),
(2108, 'Xinyu', 'CHN', 173524),
(2109, 'Hanzhong', 'CHN', 169930),
(2110, 'Danyang', 'CHN', 169603),
(2111, 'Chenzhou', 'CHN', 169400),
(2112, 'Xiaogan', 'CHN', 166280),
(2113, 'Shangqiu', 'CHN', 164880),
(2114, 'Zhuhai', 'CHN', 164747),
(2115, 'Qingyuan', 'CHN', 164641),
(2116, 'Aqsu', 'CHN', 164092),
(2117, 'Jining', 'CHN', 163552),
(2118, 'Xiaoshan', 'CHN', 162930),
(2119, 'Zaoyang', 'CHN', 162198),
(2120, 'Xinghua', 'CHN', 161910),
(2121, 'Hami', 'CHN', 161315),
(2122, 'Huizhou', 'CHN', 161023),
(2123, 'Jinmen', 'CHN', 160794),
(2124, 'Sanming', 'CHN', 160691),
(2125, 'Ulanhot', 'CHN', 159538),
(2126, 'Korla', 'CHN', 159344),
(2127, 'Wanxian', 'CHN', 156823),
(2128, 'Rui´an', 'CHN', 156468),
(2129, 'Zhoushan', 'CHN', 156317),
(2130, 'Liangcheng', 'CHN', 156307),
(2131, 'Jiaozhou', 'CHN', 153364),
(2132, 'Taizhou', 'CHN', 152442),
(2133, 'Suzhou', 'CHN', 151862),
(2134, 'Yichun', 'CHN', 151585),
(2135, 'Taonan', 'CHN', 150168),
(2136, 'Pingdu', 'CHN', 150123),
(2137, 'Ji´an', 'CHN', 148583),
(2138, 'Longkou', 'CHN', 148362),
(2139, 'Langfang', 'CHN', 148105),
(2140, 'Zhoukou', 'CHN', 146288),
(2141, 'Suining', 'CHN', 146086),
(2142, 'Yulin', 'CHN', 144467),
(2143, 'Jinhua', 'CHN', 144280),
(2144, 'Liu´an', 'CHN', 144248),
(2145, 'Shuangcheng', 'CHN', 142659),
(2146, 'Suizhou', 'CHN', 142302),
(2147, 'Ankang', 'CHN', 142170),
(2148, 'Weinan', 'CHN', 140169),
(2149, 'Longjing', 'CHN', 139417),
(2150, 'Da´an', 'CHN', 138963),
(2151, 'Lengshuijiang', 'CHN', 137994),
(2152, 'Laiyang', 'CHN', 137080),
(2153, 'Xianning', 'CHN', 136811),
(2154, 'Dali', 'CHN', 136554),
(2155, 'Anda', 'CHN', 136446),
(2156, 'Jincheng', 'CHN', 136396),
(2157, 'Longyan', 'CHN', 134481),
(2158, 'Xichang', 'CHN', 134419),
(2159, 'Wendeng', 'CHN', 133910),
(2160, 'Hailun', 'CHN', 133565),
(2161, 'Binzhou', 'CHN', 133555),
(2162, 'Linhe', 'CHN', 133183),
(2163, 'Wuwei', 'CHN', 133101),
(2164, 'Duyun', 'CHN', 132971),
(2165, 'Mishan', 'CHN', 132744),
(2166, 'Shangrao', 'CHN', 132455),
(2167, 'Changji', 'CHN', 132260),
(2168, 'Meixian', 'CHN', 132156),
(2169, 'Yushu', 'CHN', 131861),
(2170, 'Tiefa', 'CHN', 131807),
(2171, 'Huai´an', 'CHN', 131149),
(2172, 'Leiyang', 'CHN', 130115),
(2173, 'Zalantun', 'CHN', 130031),
(2174, 'Weihai', 'CHN', 128888),
(2175, 'Loudi', 'CHN', 128418),
(2176, 'Qingzhou', 'CHN', 128258),
(2177, 'Qidong', 'CHN', 126872),
(2178, 'Huaihua', 'CHN', 126785),
(2179, 'Luohe', 'CHN', 126438),
(2180, 'Chuzhou', 'CHN', 125341),
(2181, 'Kaiyuan', 'CHN', 124219),
(2182, 'Linqing', 'CHN', 123958),
(2183, 'Chaohu', 'CHN', 123676),
(2184, 'Laohekou', 'CHN', 123366),
(2185, 'Dujiangyan', 'CHN', 123357),
(2186, 'Zhumadian', 'CHN', 123232),
(2187, 'Linchuan', 'CHN', 121949),
(2188, 'Jiaonan', 'CHN', 121397),
(2189, 'Sanmenxia', 'CHN', 120523),
(2190, 'Heyuan', 'CHN', 120101),
(2191, 'Manzhouli', 'CHN', 120023),
(2192, 'Lhasa', 'CHN', 120000),
(2193, 'Lianyuan', 'CHN', 118858),
(2194, 'Kuytun', 'CHN', 118553),
(2195, 'Puqi', 'CHN', 117264),
(2196, 'Hongjiang', 'CHN', 116188),
(2197, 'Qinzhou', 'CHN', 114586),
(2198, 'Renqiu', 'CHN', 114256),
(2199, 'Yuyao', 'CHN', 114065),
(2200, 'Guigang', 'CHN', 114025),
(2201, 'Kaili', 'CHN', 113958),
(2202, 'Yan´an', 'CHN', 113277),
(2203, 'Beihai', 'CHN', 112673),
(2204, 'Xuangzhou', 'CHN', 112673),
(2205, 'Quzhou', 'CHN', 112373),
(2206, 'Yong´an', 'CHN', 111762),
(2207, 'Zixing', 'CHN', 110048),
(2208, 'Liyang', 'CHN', 109520),
(2209, 'Yizheng', 'CHN', 109268),
(2210, 'Yumen', 'CHN', 109234),
(2211, 'Liling', 'CHN', 108504),
(2212, 'Yuncheng', 'CHN', 108359),
(2213, 'Shanwei', 'CHN', 107847),
(2214, 'Cixi', 'CHN', 107329),
(2215, 'Yuanjiang', 'CHN', 107004),
(2216, 'Bozhou', 'CHN', 106346),
(2217, 'Jinchang', 'CHN', 105287),
(2218, 'Fu´an', 'CHN', 105265),
(2219, 'Suqian', 'CHN', 105021),
(2220, 'Shishou', 'CHN', 104571),
(2221, 'Hengshui', 'CHN', 104269),
(2222, 'Danjiangkou', 'CHN', 103211),
(2223, 'Fujin', 'CHN', 103104),
(2224, 'Sanya', 'CHN', 102820),
(2225, 'Guangshui', 'CHN', 102770),
(2226, 'Huangshan', 'CHN', 102628),
(2227, 'Xingcheng', 'CHN', 102384),
(2228, 'Zhucheng', 'CHN', 102134),
(2229, 'Kunshan', 'CHN', 102052),
(2230, 'Haining', 'CHN', 100478),
(2231, 'Pingliang', 'CHN', 99265),
(2232, 'Fuqing', 'CHN', 99193),
(2233, 'Xinzhou', 'CHN', 98667),
(2234, 'Jieyang', 'CHN', 98531),
(2235, 'Zhangjiagang', 'CHN', 97994),
(2236, 'Tong Xian', 'CHN', 97168),
(2237, 'Ya´an', 'CHN', 95900),
(2238, 'Jinzhou', 'CHN', 95761),
(2239, 'Emeishan', 'CHN', 94000),
(2240, 'Enshi', 'CHN', 93056),
(2241, 'Bose', 'CHN', 93009),
(2242, 'Yuzhou', 'CHN', 92889),
(2243, 'Kaiyuan', 'CHN', 91999),
(2244, 'Tumen', 'CHN', 91471),
(2245, 'Putian', 'CHN', 91030),
(2246, 'Linhai', 'CHN', 90870),
(2247, 'Xilin Hot', 'CHN', 90646),
(2248, 'Shaowu', 'CHN', 90286),
(2249, 'Junan', 'CHN', 90222),
(2250, 'Huaying', 'CHN', 89400),
(2251, 'Pingyi', 'CHN', 89373),
(2252, 'Huangyan', 'CHN', 89288),
(2253, 'Bishkek', 'KGZ', 589400),
(2254, 'Osh', 'KGZ', 222700),
(2255, 'Bikenibeu', 'KIR', 5055),
(2256, 'Bairiki', 'KIR', 2226),
(2257, 'Santafé de Bogotá', 'COL', 6260862),
(2258, 'Cali', 'COL', 2077386),
(2259, 'Medellín', 'COL', 1861265),
(2260, 'Barranquilla', 'COL', 1223260),
(2261, 'Cartagena', 'COL', 805757),
(2262, 'Cúcuta', 'COL', 606932),
(2263, 'Bucaramanga', 'COL', 515555),
(2264, 'Ibagué', 'COL', 393664),
(2265, 'Pereira', 'COL', 381725),
(2266, 'Santa Marta', 'COL', 359147),
(2267, 'Manizales', 'COL', 337580),
(2268, 'Bello', 'COL', 333470),
(2269, 'Pasto', 'COL', 332396),
(2270, 'Neiva', 'COL', 300052),
(2271, 'Soledad', 'COL', 295058),
(2272, 'Armenia', 'COL', 288977),
(2273, 'Villavicencio', 'COL', 273140),
(2274, 'Soacha', 'COL', 272058),
(2275, 'Valledupar', 'COL', 263247),
(2276, 'Montería', 'COL', 248245),
(2277, 'Itagüí', 'COL', 228985),
(2278, 'Palmira', 'COL', 226509),
(2279, 'Buenaventura', 'COL', 224336),
(2280, 'Floridablanca', 'COL', 221913),
(2281, 'Sincelejo', 'COL', 220704),
(2282, 'Popayán', 'COL', 200719),
(2283, 'Barrancabermeja', 'COL', 178020),
(2284, 'Dos Quebradas', 'COL', 159363),
(2285, 'Tuluá', 'COL', 152488),
(2286, 'Envigado', 'COL', 135848),
(2287, 'Cartago', 'COL', 125884),
(2288, 'Girardot', 'COL', 110963),
(2289, 'Buga', 'COL', 110699),
(2290, 'Tunja', 'COL', 109740),
(2291, 'Florencia', 'COL', 108574),
(2292, 'Maicao', 'COL', 108053),
(2293, 'Sogamoso', 'COL', 107728),
(2294, 'Giron', 'COL', 90688),
(2295, 'Moroni', 'COM', 36000),
(2296, 'Brazzaville', 'COG', 950000),
(2297, 'Pointe-Noire', 'COG', 500000),
(2298, 'Kinshasa', 'COD', 5064000),
(2299, 'Lubumbashi', 'COD', 851381),
(2300, 'Mbuji-Mayi', 'COD', 806475),
(2301, 'Kolwezi', 'COD', 417810),
(2302, 'Kisangani', 'COD', 417517),
(2303, 'Kananga', 'COD', 393030),
(2304, 'Likasi', 'COD', 299118),
(2305, 'Bukavu', 'COD', 201569),
(2306, 'Kikwit', 'COD', 182142),
(2307, 'Tshikapa', 'COD', 180860),
(2308, 'Matadi', 'COD', 172730),
(2309, 'Mbandaka', 'COD', 169841),
(2310, 'Mwene-Ditu', 'COD', 137459),
(2311, 'Boma', 'COD', 135284),
(2312, 'Uvira', 'COD', 115590),
(2313, 'Butembo', 'COD', 109406),
(2314, 'Goma', 'COD', 109094),
(2315, 'Kalemie', 'COD', 101309),
(2316, 'Bantam', 'CCK', 503),
(2317, 'West Island', 'CCK', 167),
(2318, 'Pyongyang', 'PRK', 2484000),
(2319, 'Hamhung', 'PRK', 709730),
(2320, 'Chongjin', 'PRK', 582480),
(2321, 'Nampo', 'PRK', 566200),
(2322, 'Sinuiju', 'PRK', 326011),
(2323, 'Wonsan', 'PRK', 300148),
(2324, 'Phyongsong', 'PRK', 272934),
(2325, 'Sariwon', 'PRK', 254146),
(2326, 'Haeju', 'PRK', 229172),
(2327, 'Kanggye', 'PRK', 223410),
(2328, 'Kimchaek', 'PRK', 179000),
(2329, 'Hyesan', 'PRK', 178020),
(2330, 'Kaesong', 'PRK', 171500),
(2331, 'Seoul', 'KOR', 9981619),
(2332, 'Pusan', 'KOR', 3804522),
(2333, 'Inchon', 'KOR', 2559424),
(2334, 'Taegu', 'KOR', 2548568),
(2335, 'Taejon', 'KOR', 1425835),
(2336, 'Kwangju', 'KOR', 1368341),
(2337, 'Ulsan', 'KOR', 1084891),
(2338, 'Songnam', 'KOR', 869094),
(2339, 'Puchon', 'KOR', 779412),
(2340, 'Suwon', 'KOR', 755550),
(2341, 'Anyang', 'KOR', 591106),
(2342, 'Chonju', 'KOR', 563153),
(2343, 'Chongju', 'KOR', 531376),
(2344, 'Koyang', 'KOR', 518282),
(2345, 'Ansan', 'KOR', 510314),
(2346, 'Pohang', 'KOR', 508899),
(2347, 'Chang-won', 'KOR', 481694),
(2348, 'Masan', 'KOR', 441242),
(2349, 'Kwangmyong', 'KOR', 350914),
(2350, 'Chonan', 'KOR', 330259),
(2351, 'Chinju', 'KOR', 329886),
(2352, 'Iksan', 'KOR', 322685),
(2353, 'Pyongtaek', 'KOR', 312927),
(2354, 'Kumi', 'KOR', 311431),
(2355, 'Uijongbu', 'KOR', 276111),
(2356, 'Kyongju', 'KOR', 272968),
(2357, 'Kunsan', 'KOR', 266569),
(2358, 'Cheju', 'KOR', 258511),
(2359, 'Kimhae', 'KOR', 256370),
(2360, 'Sunchon', 'KOR', 249263),
(2361, 'Mokpo', 'KOR', 247452),
(2362, 'Yong-in', 'KOR', 242643),
(2363, 'Wonju', 'KOR', 237460),
(2364, 'Kunpo', 'KOR', 235233),
(2365, 'Chunchon', 'KOR', 234528),
(2366, 'Namyangju', 'KOR', 229060),
(2367, 'Kangnung', 'KOR', 220403),
(2368, 'Chungju', 'KOR', 205206),
(2369, 'Andong', 'KOR', 188443),
(2370, 'Yosu', 'KOR', 183596),
(2371, 'Kyongsan', 'KOR', 173746),
(2372, 'Paju', 'KOR', 163379),
(2373, 'Yangsan', 'KOR', 163351),
(2374, 'Ichon', 'KOR', 155332),
(2375, 'Asan', 'KOR', 154663),
(2376, 'Koje', 'KOR', 147562),
(2377, 'Kimchon', 'KOR', 147027),
(2378, 'Nonsan', 'KOR', 146619),
(2379, 'Kuri', 'KOR', 142173),
(2380, 'Chong-up', 'KOR', 139111),
(2381, 'Chechon', 'KOR', 137070),
(2382, 'Sosan', 'KOR', 134746),
(2383, 'Shihung', 'KOR', 133443),
(2384, 'Tong-yong', 'KOR', 131717),
(2385, 'Kongju', 'KOR', 131229),
(2386, 'Yongju', 'KOR', 131097),
(2387, 'Chinhae', 'KOR', 125997),
(2388, 'Sangju', 'KOR', 124116),
(2389, 'Poryong', 'KOR', 122604),
(2390, 'Kwang-yang', 'KOR', 122052),
(2391, 'Miryang', 'KOR', 121501),
(2392, 'Hanam', 'KOR', 115812),
(2393, 'Kimje', 'KOR', 115427),
(2394, 'Yongchon', 'KOR', 113511),
(2395, 'Sachon', 'KOR', 113494),
(2396, 'Uiwang', 'KOR', 108788),
(2397, 'Naju', 'KOR', 107831),
(2398, 'Namwon', 'KOR', 103544),
(2399, 'Tonghae', 'KOR', 95472),
(2400, 'Mun-gyong', 'KOR', 92239),
(2401, 'Athenai', 'GRC', 772072),
(2402, 'Thessaloniki', 'GRC', 383967),
(2403, 'Pireus', 'GRC', 182671),
(2404, 'Patras', 'GRC', 153344),
(2405, 'Peristerion', 'GRC', 137288),
(2406, 'Herakleion', 'GRC', 116178),
(2407, 'Kallithea', 'GRC', 114233),
(2408, 'Larisa', 'GRC', 113090),
(2409, 'Zagreb', 'HRV', 706770),
(2410, 'Split', 'HRV', 189388),
(2411, 'Rijeka', 'HRV', 167964),
(2412, 'Osijek', 'HRV', 104761),
(2413, 'La Habana', 'CUB', 2256000),
(2414, 'Santiago de Cuba', 'CUB', 433180),
(2415, 'Camagüey', 'CUB', 298726),
(2416, 'Holguín', 'CUB', 249492),
(2417, 'Santa Clara', 'CUB', 207350),
(2418, 'Guantánamo', 'CUB', 205078),
(2419, 'Pinar del Río', 'CUB', 142100),
(2420, 'Bayamo', 'CUB', 141000),
(2421, 'Cienfuegos', 'CUB', 132770),
(2422, 'Victoria de las Tunas', 'CUB', 132350),
(2423, 'Matanzas', 'CUB', 123273),
(2424, 'Manzanillo', 'CUB', 109350),
(2425, 'Sancti-Spíritus', 'CUB', 100751),
(2426, 'Ciego de Ávila', 'CUB', 98505),
(2427, 'al-Salimiya', 'KWT', 130215),
(2428, 'Jalib al-Shuyukh', 'KWT', 102178),
(2429, 'Kuwait', 'KWT', 28859),
(2430, 'Nicosia', 'CYP', 195000),
(2431, 'Limassol', 'CYP', 154400),
(2432, 'Vientiane', 'LAO', 531800),
(2433, 'Savannakhet', 'LAO', 96652),
(2434, 'Riga', 'LVA', 764328),
(2435, 'Daugavpils', 'LVA', 114829),
(2436, 'Liepaja', 'LVA', 89439),
(2437, 'Maseru', 'LSO', 297000),
(2438, 'Beirut', 'LBN', 1100000),
(2439, 'Tripoli', 'LBN', 240000),
(2440, 'Monrovia', 'LBR', 850000),
(2441, 'Tripoli', 'LBY', 1682000),
(2442, 'Bengasi', 'LBY', 804000),
(2443, 'Misrata', 'LBY', 121669),
(2444, 'al-Zawiya', 'LBY', 89338),
(2445, 'Schaan', 'LIE', 5346),
(2446, 'Vaduz', 'LIE', 5043),
(2447, 'Vilnius', 'LTU', 577969),
(2448, 'Kaunas', 'LTU', 412639),
(2449, 'Klaipeda', 'LTU', 202451),
(2450, 'Šiauliai', 'LTU', 146563),
(2451, 'Panevezys', 'LTU', 133695),
(2452, 'Luxembourg [Luxemburg/Lëtzebuerg]', 'LUX', 80700),
(2453, 'El-Aaiún', 'ESH', 169000),
(2454, 'Macao', 'MAC', 437500),
(2455, 'Antananarivo', 'MDG', 675669),
(2456, 'Toamasina', 'MDG', 127441),
(2457, 'Antsirabé', 'MDG', 120239),
(2458, 'Mahajanga', 'MDG', 100807),
(2459, 'Fianarantsoa', 'MDG', 99005),
(2460, 'Skopje', 'MKD', 444299),
(2461, 'Blantyre', 'MWI', 478155),
(2462, 'Lilongwe', 'MWI', 435964),
(2463, 'Male', 'MDV', 71000),
(2464, 'Kuala Lumpur', 'MYS', 1297526),
(2465, 'Ipoh', 'MYS', 382853),
(2466, 'Johor Baharu', 'MYS', 328436),
(2467, 'Petaling Jaya', 'MYS', 254350),
(2468, 'Kelang', 'MYS', 243355),
(2469, 'Kuala Terengganu', 'MYS', 228119),
(2470, 'Pinang', 'MYS', 219603),
(2471, 'Kota Bharu', 'MYS', 219582),
(2472, 'Kuantan', 'MYS', 199484),
(2473, 'Taiping', 'MYS', 183261),
(2474, 'Seremban', 'MYS', 182869),
(2475, 'Kuching', 'MYS', 148059),
(2476, 'Sibu', 'MYS', 126381),
(2477, 'Sandakan', 'MYS', 125841),
(2478, 'Alor Setar', 'MYS', 124412),
(2479, 'Selayang Baru', 'MYS', 124228),
(2480, 'Sungai Petani', 'MYS', 114763),
(2481, 'Shah Alam', 'MYS', 102019),
(2482, 'Bamako', 'MLI', 809552),
(2483, 'Birkirkara', 'MLT', 21445),
(2484, 'Valletta', 'MLT', 7073),
(2485, 'Casablanca', 'MAR', 2940623),
(2486, 'Rabat', 'MAR', 623457),
(2487, 'Marrakech', 'MAR', 621914),
(2488, 'Fès', 'MAR', 541162),
(2489, 'Tanger', 'MAR', 521735),
(2490, 'Salé', 'MAR', 504420),
(2491, 'Meknès', 'MAR', 460000),
(2492, 'Oujda', 'MAR', 365382),
(2493, 'Kénitra', 'MAR', 292600),
(2494, 'Tétouan', 'MAR', 277516),
(2495, 'Safi', 'MAR', 262300),
(2496, 'Agadir', 'MAR', 155244),
(2497, 'Mohammedia', 'MAR', 154706),
(2498, 'Khouribga', 'MAR', 152090),
(2499, 'Beni-Mellal', 'MAR', 140212),
(2500, 'Témara', 'MAR', 126303),
(2501, 'El Jadida', 'MAR', 119083),
(2502, 'Nador', 'MAR', 112450),
(2503, 'Ksar el Kebir', 'MAR', 107065),
(2504, 'Settat', 'MAR', 96200),
(2505, 'Taza', 'MAR', 92700),
(2506, 'El Araich', 'MAR', 90400),
(2507, 'Dalap-Uliga-Darrit', 'MHL', 28000),
(2508, 'Fort-de-France', 'MTQ', 94050),
(2509, 'Nouakchott', 'MRT', 667300),
(2510, 'Nouâdhibou', 'MRT', 97600),
(2511, 'Port-Louis', 'MUS', 138200),
(2512, 'Beau Bassin-Rose Hill', 'MUS', 100616),
(2513, 'Vacoas-Phoenix', 'MUS', 98464),
(2514, 'Mamoutzou', 'MYT', 12000),
(2515, 'Ciudad de México', 'MEX', 8591309),
(2516, 'Guadalajara', 'MEX', 1647720),
(2517, 'Ecatepec de Morelos', 'MEX', 1620303),
(2518, 'Puebla', 'MEX', 1346176),
(2519, 'Nezahualcóyotl', 'MEX', 1224924),
(2520, 'Juárez', 'MEX', 1217818),
(2521, 'Tijuana', 'MEX', 1212232),
(2522, 'León', 'MEX', 1133576),
(2523, 'Monterrey', 'MEX', 1108499),
(2524, 'Zapopan', 'MEX', 1002239),
(2525, 'Naucalpan de Juárez', 'MEX', 857511),
(2526, 'Mexicali', 'MEX', 764902),
(2527, 'Culiacán', 'MEX', 744859),
(2528, 'Acapulco de Juárez', 'MEX', 721011),
(2529, 'Tlalnepantla de Baz', 'MEX', 720755),
(2530, 'Mérida', 'MEX', 703324),
(2531, 'Chihuahua', 'MEX', 670208),
(2532, 'San Luis Potosí', 'MEX', 669353),
(2533, 'Guadalupe', 'MEX', 668780),
(2534, 'Toluca', 'MEX', 665617),
(2535, 'Aguascalientes', 'MEX', 643360),
(2536, 'Querétaro', 'MEX', 639839),
(2537, 'Morelia', 'MEX', 619958),
(2538, 'Hermosillo', 'MEX', 608697),
(2539, 'Saltillo', 'MEX', 577352),
(2540, 'Torreón', 'MEX', 529093),
(2541, 'Centro (Villahermosa)', 'MEX', 519873),
(2542, 'San Nicolás de los Garza', 'MEX', 495540),
(2543, 'Durango', 'MEX', 490524),
(2544, 'Chimalhuacán', 'MEX', 490245),
(2545, 'Tlaquepaque', 'MEX', 475472),
(2546, 'Atizapán de Zaragoza', 'MEX', 467262),
(2547, 'Veracruz', 'MEX', 457119),
(2548, 'Cuautitlán Izcalli', 'MEX', 452976),
(2549, 'Irapuato', 'MEX', 440039),
(2550, 'Tuxtla Gutiérrez', 'MEX', 433544),
(2551, 'Tultitlán', 'MEX', 432411),
(2552, 'Reynosa', 'MEX', 419776),
(2553, 'Benito Juárez', 'MEX', 419276),
(2554, 'Matamoros', 'MEX', 416428),
(2555, 'Xalapa', 'MEX', 390058),
(2556, 'Celaya', 'MEX', 382140),
(2557, 'Mazatlán', 'MEX', 380265),
(2558, 'Ensenada', 'MEX', 369573),
(2559, 'Ahome', 'MEX', 358663),
(2560, 'Cajeme', 'MEX', 355679),
(2561, 'Cuernavaca', 'MEX', 337966),
(2562, 'Tonalá', 'MEX', 336109),
(2563, 'Valle de Chalco Solidaridad', 'MEX', 323113),
(2564, 'Nuevo Laredo', 'MEX', 310277),
(2565, 'Tepic', 'MEX', 305025),
(2566, 'Tampico', 'MEX', 294789),
(2567, 'Ixtapaluca', 'MEX', 293160),
(2568, 'Apodaca', 'MEX', 282941),
(2569, 'Guasave', 'MEX', 277201),
(2570, 'Gómez Palacio', 'MEX', 272806),
(2571, 'Tapachula', 'MEX', 271141),
(2572, 'Nicolás Romero', 'MEX', 269393),
(2573, 'Coatzacoalcos', 'MEX', 267037),
(2574, 'Uruapan', 'MEX', 265211),
(2575, 'Victoria', 'MEX', 262686),
(2576, 'Oaxaca de Juárez', 'MEX', 256848),
(2577, 'Coacalco de Berriozábal', 'MEX', 252270),
(2578, 'Pachuca de Soto', 'MEX', 244688),
(2579, 'General Escobedo', 'MEX', 232961),
(2580, 'Salamanca', 'MEX', 226864),
(2581, 'Santa Catarina', 'MEX', 226573),
(2582, 'Tehuacán', 'MEX', 225943),
(2583, 'Chalco', 'MEX', 222201),
(2584, 'Cárdenas', 'MEX', 216903),
(2585, 'Campeche', 'MEX', 216735),
(2586, 'La Paz', 'MEX', 213045),
(2587, 'Othón P. Blanco (Chetumal)', 'MEX', 208014),
(2588, 'Texcoco', 'MEX', 203681),
(2589, 'La Paz', 'MEX', 196708),
(2590, 'Metepec', 'MEX', 194265),
(2591, 'Monclova', 'MEX', 193657),
(2592, 'Huixquilucan', 'MEX', 193156),
(2593, 'Chilpancingo de los Bravo', 'MEX', 192509),
(2594, 'Puerto Vallarta', 'MEX', 183741),
(2595, 'Fresnillo', 'MEX', 182744),
(2596, 'Ciudad Madero', 'MEX', 182012),
(2597, 'Soledad de Graciano Sánchez', 'MEX', 179956),
(2598, 'San Juan del Río', 'MEX', 179300),
(2599, 'San Felipe del Progreso', 'MEX', 177330),
(2600, 'Córdoba', 'MEX', 176952),
(2601, 'Tecámac', 'MEX', 172410),
(2602, 'Ocosingo', 'MEX', 171495),
(2603, 'Carmen', 'MEX', 171367),
(2604, 'Lázaro Cárdenas', 'MEX', 170878),
(2605, 'Jiutepec', 'MEX', 170428),
(2606, 'Papantla', 'MEX', 170123),
(2607, 'Comalcalco', 'MEX', 164640),
(2608, 'Zamora', 'MEX', 161191),
(2609, 'Nogales', 'MEX', 159103),
(2610, 'Huimanguillo', 'MEX', 158335),
(2611, 'Cuautla', 'MEX', 153132),
(2612, 'Minatitlán', 'MEX', 152983),
(2613, 'Poza Rica de Hidalgo', 'MEX', 152678),
(2614, 'Ciudad Valles', 'MEX', 146411),
(2615, 'Navolato', 'MEX', 145396),
(2616, 'San Luis Río Colorado', 'MEX', 145276),
(2617, 'Pénjamo', 'MEX', 143927),
(2618, 'San Andrés Tuxtla', 'MEX', 142251),
(2619, 'Guanajuato', 'MEX', 141215),
(2620, 'Navojoa', 'MEX', 140495),
(2621, 'Zitácuaro', 'MEX', 137970),
(2622, 'Boca del Río', 'MEX', 135721),
(2623, 'Allende', 'MEX', 134645),
(2624, 'Silao', 'MEX', 134037),
(2625, 'Macuspana', 'MEX', 133795),
(2626, 'San Juan Bautista Tuxtepec', 'MEX', 133675),
(2627, 'San Cristóbal de las Casas', 'MEX', 132317),
(2628, 'Valle de Santiago', 'MEX', 130557),
(2629, 'Guaymas', 'MEX', 130108),
(2630, 'Colima', 'MEX', 129454),
(2631, 'Dolores Hidalgo', 'MEX', 128675),
(2632, 'Lagos de Moreno', 'MEX', 127949),
(2633, 'Piedras Negras', 'MEX', 127898),
(2634, 'Altamira', 'MEX', 127490),
(2635, 'Túxpam', 'MEX', 126475),
(2636, 'San Pedro Garza García', 'MEX', 126147),
(2637, 'Cuauhtémoc', 'MEX', 124279),
(2638, 'Manzanillo', 'MEX', 124014),
(2639, 'Iguala de la Independencia', 'MEX', 123883),
(2640, 'Zacatecas', 'MEX', 123700),
(2641, 'Tlajomulco de Zúñiga', 'MEX', 123220),
(2642, 'Tulancingo de Bravo', 'MEX', 121946),
(2643, 'Zinacantepec', 'MEX', 121715),
(2644, 'San Martín Texmelucan', 'MEX', 121093),
(2645, 'Tepatitlán de Morelos', 'MEX', 118948),
(2646, 'Martínez de la Torre', 'MEX', 118815),
(2647, 'Orizaba', 'MEX', 118488),
(2648, 'Apatzingán', 'MEX', 117849),
(2649, 'Atlixco', 'MEX', 117019),
(2650, 'Delicias', 'MEX', 116132),
(2651, 'Ixtlahuaca', 'MEX', 115548),
(2652, 'El Mante', 'MEX', 112453),
(2653, 'Lerdo', 'MEX', 112272),
(2654, 'Almoloya de Juárez', 'MEX', 110550),
(2655, 'Acámbaro', 'MEX', 110487),
(2656, 'Acuña', 'MEX', 110388),
(2657, 'Guadalupe', 'MEX', 108881),
(2658, 'Huejutla de Reyes', 'MEX', 108017),
(2659, 'Hidalgo', 'MEX', 106198),
(2660, 'Los Cabos', 'MEX', 105199),
(2661, 'Comitán de Domínguez', 'MEX', 104986),
(2662, 'Cunduacán', 'MEX', 104164),
(2663, 'Río Bravo', 'MEX', 103901),
(2664, 'Temapache', 'MEX', 102824),
(2665, 'Chilapa de Alvarez', 'MEX', 102716),
(2666, 'Hidalgo del Parral', 'MEX', 100881),
(2667, 'San Francisco del Rincón', 'MEX', 100149),
(2668, 'Taxco de Alarcón', 'MEX', 99907),
(2669, 'Zumpango', 'MEX', 99781),
(2670, 'San Pedro Cholula', 'MEX', 99734),
(2671, 'Lerma', 'MEX', 99714),
(2672, 'Tecomán', 'MEX', 99296),
(2673, 'Las Margaritas', 'MEX', 97389),
(2674, 'Cosoleacaque', 'MEX', 97199),
(2675, 'San Luis de la Paz', 'MEX', 96763),
(2676, 'José Azueta', 'MEX', 95448),
(2677, 'Santiago Ixcuintla', 'MEX', 95311),
(2678, 'San Felipe', 'MEX', 95305),
(2679, 'Tejupilco', 'MEX', 94934),
(2680, 'Tantoyuca', 'MEX', 94709),
(2681, 'Salvatierra', 'MEX', 94322),
(2682, 'Tultepec', 'MEX', 93364),
(2683, 'Temixco', 'MEX', 92686),
(2684, 'Matamoros', 'MEX', 91858),
(2685, 'Pánuco', 'MEX', 90551),
(2686, 'El Fuerte', 'MEX', 89556),
(2687, 'Tierra Blanca', 'MEX', 89143),
(2688, 'Weno', 'FSM', 22000),
(2689, 'Palikir', 'FSM', 8600),
(2690, 'Chisinau', 'MDA', 719900),
(2691, 'Tiraspol', 'MDA', 194300),
(2692, 'Balti', 'MDA', 153400),
(2693, 'Bender (Tîghina)', 'MDA', 125700),
(2694, 'Monte-Carlo', 'MCO', 13154),
(2695, 'Monaco-Ville', 'MCO', 1234),
(2696, 'Ulan Bator', 'MNG', 773700),
(2697, 'Plymouth', 'MSR', 2000),
(2698, 'Maputo', 'MOZ', 1018938),
(2699, 'Matola', 'MOZ', 424662),
(2700, 'Beira', 'MOZ', 397368),
(2701, 'Nampula', 'MOZ', 303346),
(2702, 'Chimoio', 'MOZ', 171056),
(2703, 'Naçala-Porto', 'MOZ', 158248),
(2704, 'Quelimane', 'MOZ', 150116),
(2705, 'Mocuba', 'MOZ', 124700),
(2706, 'Tete', 'MOZ', 101984),
(2707, 'Xai-Xai', 'MOZ', 99442),
(2708, 'Gurue', 'MOZ', 99300),
(2709, 'Maxixe', 'MOZ', 93985),
(2710, 'Rangoon (Yangon)', 'MMR', 3361700),
(2711, 'Mandalay', 'MMR', 885300),
(2712, 'Moulmein (Mawlamyine)', 'MMR', 307900),
(2713, 'Pegu (Bago)', 'MMR', 190900),
(2714, 'Bassein (Pathein)', 'MMR', 183900),
(2715, 'Monywa', 'MMR', 138600),
(2716, 'Sittwe (Akyab)', 'MMR', 137600),
(2717, 'Taunggyi (Taunggye)', 'MMR', 131500),
(2718, 'Meikhtila', 'MMR', 129700),
(2719, 'Mergui (Myeik)', 'MMR', 122700),
(2720, 'Lashio (Lasho)', 'MMR', 107600),
(2721, 'Prome (Pyay)', 'MMR', 105700),
(2722, 'Henzada (Hinthada)', 'MMR', 104700),
(2723, 'Myingyan', 'MMR', 103600),
(2724, 'Tavoy (Dawei)', 'MMR', 96800),
(2725, 'Pagakku (Pakokku)', 'MMR', 94800),
(2726, 'Windhoek', 'NAM', 169000),
(2727, 'Yangor', 'NRU', 4050),
(2728, 'Yaren', 'NRU', 559),
(2729, 'Kathmandu', 'NPL', 591835),
(2730, 'Biratnagar', 'NPL', 157764),
(2731, 'Pokhara', 'NPL', 146318),
(2732, 'Lalitapur', 'NPL', 145847),
(2733, 'Birgunj', 'NPL', 90639),
(2734, 'Managua', 'NIC', 959000),
(2735, 'León', 'NIC', 123865),
(2736, 'Chinandega', 'NIC', 97387),
(2737, 'Masaya', 'NIC', 88971),
(2738, 'Niamey', 'NER', 420000),
(2739, 'Zinder', 'NER', 120892),
(2740, 'Maradi', 'NER', 112965),
(2741, 'Lagos', 'NGA', 1518000),
(2742, 'Ibadan', 'NGA', 1432000),
(2743, 'Ogbomosho', 'NGA', 730000),
(2744, 'Kano', 'NGA', 674100),
(2745, 'Oshogbo', 'NGA', 476800),
(2746, 'Ilorin', 'NGA', 475800),
(2747, 'Abeokuta', 'NGA', 427400),
(2748, 'Port Harcourt', 'NGA', 410000),
(2749, 'Zaria', 'NGA', 379200),
(2750, 'Ilesha', 'NGA', 378400),
(2751, 'Onitsha', 'NGA', 371900),
(2752, 'Iwo', 'NGA', 362000),
(2753, 'Ado-Ekiti', 'NGA', 359400),
(2754, 'Abuja', 'NGA', 350100),
(2755, 'Kaduna', 'NGA', 342200),
(2756, 'Mushin', 'NGA', 333200),
(2757, 'Maiduguri', 'NGA', 320000),
(2758, 'Enugu', 'NGA', 316100),
(2759, 'Ede', 'NGA', 307100),
(2760, 'Aba', 'NGA', 298900),
(2761, 'Ife', 'NGA', 296800),
(2762, 'Ila', 'NGA', 264000),
(2763, 'Oyo', 'NGA', 256400),
(2764, 'Ikerre', 'NGA', 244600),
(2765, 'Benin City', 'NGA', 229400),
(2766, 'Iseyin', 'NGA', 217300),
(2767, 'Katsina', 'NGA', 206500),
(2768, 'Jos', 'NGA', 206300),
(2769, 'Sokoto', 'NGA', 204900),
(2770, 'Ilobu', 'NGA', 199000),
(2771, 'Offa', 'NGA', 197200),
(2772, 'Ikorodu', 'NGA', 184900),
(2773, 'Ilawe-Ekiti', 'NGA', 184500),
(2774, 'Owo', 'NGA', 183500),
(2775, 'Ikirun', 'NGA', 181400),
(2776, 'Shaki', 'NGA', 174500),
(2777, 'Calabar', 'NGA', 174400),
(2778, 'Ondo', 'NGA', 173600),
(2779, 'Akure', 'NGA', 162300),
(2780, 'Gusau', 'NGA', 158000),
(2781, 'Ijebu-Ode', 'NGA', 156400),
(2782, 'Effon-Alaiye', 'NGA', 153100),
(2783, 'Kumo', 'NGA', 148000),
(2784, 'Shomolu', 'NGA', 147700),
(2785, 'Oka-Akoko', 'NGA', 142900),
(2786, 'Ikare', 'NGA', 140800),
(2787, 'Sapele', 'NGA', 139200),
(2788, 'Deba Habe', 'NGA', 138600),
(2789, 'Minna', 'NGA', 136900),
(2790, 'Warri', 'NGA', 126100),
(2791, 'Bida', 'NGA', 125500),
(2792, 'Ikire', 'NGA', 123300),
(2793, 'Makurdi', 'NGA', 123100),
(2794, 'Lafia', 'NGA', 122500),
(2795, 'Inisa', 'NGA', 119800),
(2796, 'Shagamu', 'NGA', 117200),
(2797, 'Awka', 'NGA', 111200),
(2798, 'Gombe', 'NGA', 107800),
(2799, 'Igboho', 'NGA', 106800),
(2800, 'Ejigbo', 'NGA', 105900),
(2801, 'Agege', 'NGA', 105000),
(2802, 'Ise-Ekiti', 'NGA', 103400),
(2803, 'Ugep', 'NGA', 102600),
(2804, 'Epe', 'NGA', 101000),
(2805, 'Alofi', 'NIU', 682),
(2806, 'Kingston', 'NFK', 800),
(2807, 'Oslo', 'NOR', 508726),
(2808, 'Bergen', 'NOR', 230948),
(2809, 'Trondheim', 'NOR', 150166),
(2810, 'Stavanger', 'NOR', 108848),
(2811, 'Bærum', 'NOR', 101340),
(2812, 'Abidjan', 'CIV', 2500000),
(2813, 'Bouaké', 'CIV', 329850),
(2814, 'Yamoussoukro', 'CIV', 130000),
(2815, 'Daloa', 'CIV', 121842),
(2816, 'Korhogo', 'CIV', 109445),
(2817, 'al-Sib', 'OMN', 155000),
(2818, 'Salala', 'OMN', 131813),
(2819, 'Bawshar', 'OMN', 107500),
(2820, 'Suhar', 'OMN', 90814),
(2821, 'Masqat', 'OMN', 51969),
(2822, 'Karachi', 'PAK', 9269265),
(2823, 'Lahore', 'PAK', 5063499),
(2824, 'Faisalabad', 'PAK', 1977246),
(2825, 'Rawalpindi', 'PAK', 1406214),
(2826, 'Multan', 'PAK', 1182441),
(2827, 'Hyderabad', 'PAK', 1151274),
(2828, 'Gujranwala', 'PAK', 1124749),
(2829, 'Peshawar', 'PAK', 988005),
(2830, 'Quetta', 'PAK', 560307),
(2831, 'Islamabad', 'PAK', 524500),
(2832, 'Sargodha', 'PAK', 455360),
(2833, 'Sialkot', 'PAK', 417597),
(2834, 'Bahawalpur', 'PAK', 403408),
(2835, 'Sukkur', 'PAK', 329176),
(2836, 'Jhang', 'PAK', 292214),
(2837, 'Sheikhupura', 'PAK', 271875),
(2838, 'Larkana', 'PAK', 270366),
(2839, 'Gujrat', 'PAK', 250121),
(2840, 'Mardan', 'PAK', 244511),
(2841, 'Kasur', 'PAK', 241649),
(2842, 'Rahim Yar Khan', 'PAK', 228479),
(2843, 'Sahiwal', 'PAK', 207388),
(2844, 'Okara', 'PAK', 200901),
(2845, 'Wah', 'PAK', 198400),
(2846, 'Dera Ghazi Khan', 'PAK', 188100),
(2847, 'Mirpur Khas', 'PAK', 184500),
(2848, 'Nawabshah', 'PAK', 183100),
(2849, 'Mingora', 'PAK', 174500),
(2850, 'Chiniot', 'PAK', 169300),
(2851, 'Kamoke', 'PAK', 151000),
(2852, 'Mandi Burewala', 'PAK', 149900),
(2853, 'Jhelum', 'PAK', 145800),
(2854, 'Sadiqabad', 'PAK', 141500),
(2855, 'Jacobabad', 'PAK', 137700),
(2856, 'Shikarpur', 'PAK', 133300),
(2857, 'Khanewal', 'PAK', 133000),
(2858, 'Hafizabad', 'PAK', 130200),
(2859, 'Kohat', 'PAK', 125300),
(2860, 'Muzaffargarh', 'PAK', 121600),
(2861, 'Khanpur', 'PAK', 117800),
(2862, 'Gojra', 'PAK', 115000),
(2863, 'Bahawalnagar', 'PAK', 109600),
(2864, 'Muridke', 'PAK', 108600),
(2865, 'Pak Pattan', 'PAK', 107800),
(2866, 'Abottabad', 'PAK', 106000),
(2867, 'Tando Adam', 'PAK', 103400),
(2868, 'Jaranwala', 'PAK', 103300),
(2869, 'Khairpur', 'PAK', 102200),
(2870, 'Chishtian Mandi', 'PAK', 101700),
(2871, 'Daska', 'PAK', 101500),
(2872, 'Dadu', 'PAK', 98600),
(2873, 'Mandi Bahauddin', 'PAK', 97300),
(2874, 'Ahmadpur East', 'PAK', 96000),
(2875, 'Kamalia', 'PAK', 95300),
(2876, 'Khuzdar', 'PAK', 93100),
(2877, 'Vihari', 'PAK', 92300),
(2878, 'Dera Ismail Khan', 'PAK', 90400),
(2879, 'Wazirabad', 'PAK', 89700),
(2880, 'Nowshera', 'PAK', 89400),
(2881, 'Koror', 'PLW', 12000),
(2882, 'Ciudad de Panamá', 'PAN', 471373),
(2883, 'San Miguelito', 'PAN', 315382),
(2884, 'Port Moresby', 'PNG', 247000),
(2885, 'Asunción', 'PRY', 557776),
(2886, 'Ciudad del Este', 'PRY', 133881),
(2887, 'San Lorenzo', 'PRY', 133395),
(2888, 'Lambaré', 'PRY', 99681),
(2889, 'Fernando de la Mora', 'PRY', 95287),
(2890, 'Lima', 'PER', 6464693),
(2891, 'Arequipa', 'PER', 762000),
(2892, 'Trujillo', 'PER', 652000),
(2893, 'Chiclayo', 'PER', 517000),
(2894, 'Callao', 'PER', 424294),
(2895, 'Iquitos', 'PER', 367000),
(2896, 'Chimbote', 'PER', 336000),
(2897, 'Huancayo', 'PER', 327000),
(2898, 'Piura', 'PER', 325000),
(2899, 'Cusco', 'PER', 291000),
(2900, 'Pucallpa', 'PER', 220866),
(2901, 'Tacna', 'PER', 215683),
(2902, 'Ica', 'PER', 194820),
(2903, 'Sullana', 'PER', 147361),
(2904, 'Juliaca', 'PER', 142576),
(2905, 'Huánuco', 'PER', 129688),
(2906, 'Ayacucho', 'PER', 118960),
(2907, 'Chincha Alta', 'PER', 110016),
(2908, 'Cajamarca', 'PER', 108009),
(2909, 'Puno', 'PER', 101578),
(2910, 'Ventanilla', 'PER', 101056),
(2911, 'Castilla', 'PER', 90642),
(2912, 'Adamstown', 'PCN', 42),
(2913, 'Garapan', 'MNP', 9200),
(2914, 'Lisboa', 'PRT', 563210),
(2915, 'Porto', 'PRT', 273060),
(2916, 'Amadora', 'PRT', 122106),
(2917, 'Coímbra', 'PRT', 96100),
(2918, 'Braga', 'PRT', 90535),
(2919, 'San Juan', 'PRI', 434374),
(2920, 'Bayamón', 'PRI', 224044),
(2921, 'Ponce', 'PRI', 186475),
(2922, 'Carolina', 'PRI', 186076),
(2923, 'Caguas', 'PRI', 140502),
(2924, 'Arecibo', 'PRI', 100131),
(2925, 'Guaynabo', 'PRI', 100053),
(2926, 'Mayagüez', 'PRI', 98434),
(2927, 'Toa Baja', 'PRI', 94085),
(2928, 'Warszawa', 'POL', 1615369),
(2929, 'Lódz', 'POL', 800110),
(2930, 'Kraków', 'POL', 738150),
(2931, 'Wroclaw', 'POL', 636765),
(2932, 'Poznan', 'POL', 576899),
(2933, 'Gdansk', 'POL', 458988),
(2934, 'Szczecin', 'POL', 416988),
(2935, 'Bydgoszcz', 'POL', 386855),
(2936, 'Lublin', 'POL', 356251),
(2937, 'Katowice', 'POL', 345934),
(2938, 'Bialystok', 'POL', 283937),
(2939, 'Czestochowa', 'POL', 257812),
(2940, 'Gdynia', 'POL', 253521),
(2941, 'Sosnowiec', 'POL', 244102),
(2942, 'Radom', 'POL', 232262),
(2943, 'Kielce', 'POL', 212383),
(2944, 'Gliwice', 'POL', 212164),
(2945, 'Torun', 'POL', 206158),
(2946, 'Bytom', 'POL', 205560),
(2947, 'Zabrze', 'POL', 200177),
(2948, 'Bielsko-Biala', 'POL', 180307),
(2949, 'Olsztyn', 'POL', 170904),
(2950, 'Rzeszów', 'POL', 162049),
(2951, 'Ruda Slaska', 'POL', 159665),
(2952, 'Rybnik', 'POL', 144582),
(2953, 'Walbrzych', 'POL', 136923),
(2954, 'Tychy', 'POL', 133178),
(2955, 'Dabrowa Górnicza', 'POL', 131037),
(2956, 'Plock', 'POL', 131011),
(2957, 'Elblag', 'POL', 129782),
(2958, 'Opole', 'POL', 129553),
(2959, 'Gorzów Wielkopolski', 'POL', 126019),
(2960, 'Wloclawek', 'POL', 123373),
(2961, 'Chorzów', 'POL', 121708),
(2962, 'Tarnów', 'POL', 121494),
(2963, 'Zielona Góra', 'POL', 118182),
(2964, 'Koszalin', 'POL', 112375),
(2965, 'Legnica', 'POL', 109335),
(2966, 'Kalisz', 'POL', 106641),
(2967, 'Grudziadz', 'POL', 102434),
(2968, 'Slupsk', 'POL', 102370),
(2969, 'Jastrzebie-Zdrój', 'POL', 102294),
(2970, 'Jaworzno', 'POL', 97929),
(2971, 'Jelenia Góra', 'POL', 93901),
(2972, 'Malabo', 'GNQ', 40000),
(2973, 'Doha', 'QAT', 355000),
(2974, 'Paris', 'FRA', 2125246),
(2975, 'Marseille', 'FRA', 798430),
(2976, 'Lyon', 'FRA', 445452),
(2977, 'Toulouse', 'FRA', 390350),
(2978, 'Nice', 'FRA', 342738),
(2979, 'Nantes', 'FRA', 270251),
(2980, 'Strasbourg', 'FRA', 264115),
(2981, 'Montpellier', 'FRA', 225392),
(2982, 'Bordeaux', 'FRA', 215363),
(2983, 'Rennes', 'FRA', 206229),
(2984, 'Le Havre', 'FRA', 190905),
(2985, 'Reims', 'FRA', 187206),
(2986, 'Lille', 'FRA', 184657),
(2987, 'St-Étienne', 'FRA', 180210),
(2988, 'Toulon', 'FRA', 160639),
(2989, 'Grenoble', 'FRA', 153317),
(2990, 'Angers', 'FRA', 151279),
(2991, 'Dijon', 'FRA', 149867),
(2992, 'Brest', 'FRA', 149634),
(2993, 'Le Mans', 'FRA', 146105),
(2994, 'Clermont-Ferrand', 'FRA', 137140),
(2995, 'Amiens', 'FRA', 135501),
(2996, 'Aix-en-Provence', 'FRA', 134222),
(2997, 'Limoges', 'FRA', 133968),
(2998, 'Nîmes', 'FRA', 133424),
(2999, 'Tours', 'FRA', 132820),
(3000, 'Villeurbanne', 'FRA', 124215),
(3001, 'Metz', 'FRA', 123776),
(3002, 'Besançon', 'FRA', 117733),
(3003, 'Caen', 'FRA', 113987),
(3004, 'Orléans', 'FRA', 113126),
(3005, 'Mulhouse', 'FRA', 110359),
(3006, 'Rouen', 'FRA', 106592),
(3007, 'Boulogne-Billancourt', 'FRA', 106367),
(3008, 'Perpignan', 'FRA', 105115),
(3009, 'Nancy', 'FRA', 103605),
(3010, 'Roubaix', 'FRA', 96984),
(3011, 'Argenteuil', 'FRA', 93961),
(3012, 'Tourcoing', 'FRA', 93540),
(3013, 'Montreuil', 'FRA', 90674),
(3014, 'Cayenne', 'GUF', 50699),
(3015, 'Faaa', 'PYF', 25888),
(3016, 'Papeete', 'PYF', 25553);
INSERT INTO `city` (`ID`, `Name`, `CountryCode`, `Population`) VALUES
(3017, 'Saint-Denis', 'REU', 131480),
(3018, 'Bucuresti', 'ROM', 2016131),
(3019, 'Iasi', 'ROM', 348070),
(3020, 'Constanta', 'ROM', 342264),
(3021, 'Cluj-Napoca', 'ROM', 332498),
(3022, 'Galati', 'ROM', 330276),
(3023, 'Timisoara', 'ROM', 324304),
(3024, 'Brasov', 'ROM', 314225),
(3025, 'Craiova', 'ROM', 313530),
(3026, 'Ploiesti', 'ROM', 251348),
(3027, 'Braila', 'ROM', 233756),
(3028, 'Oradea', 'ROM', 222239),
(3029, 'Bacau', 'ROM', 209235),
(3030, 'Pitesti', 'ROM', 187170),
(3031, 'Arad', 'ROM', 184408),
(3032, 'Sibiu', 'ROM', 169611),
(3033, 'Târgu Mures', 'ROM', 165153),
(3034, 'Baia Mare', 'ROM', 149665),
(3035, 'Buzau', 'ROM', 148372),
(3036, 'Satu Mare', 'ROM', 130059),
(3037, 'Botosani', 'ROM', 128730),
(3038, 'Piatra Neamt', 'ROM', 125070),
(3039, 'Râmnicu Vâlcea', 'ROM', 119741),
(3040, 'Suceava', 'ROM', 118549),
(3041, 'Drobeta-Turnu Severin', 'ROM', 117865),
(3042, 'Târgoviste', 'ROM', 98980),
(3043, 'Focsani', 'ROM', 98979),
(3044, 'Târgu Jiu', 'ROM', 98524),
(3045, 'Tulcea', 'ROM', 96278),
(3046, 'Resita', 'ROM', 93976),
(3047, 'Kigali', 'RWA', 286000),
(3048, 'Stockholm', 'SWE', 750348),
(3049, 'Gothenburg [Göteborg]', 'SWE', 466990),
(3050, 'Malmö', 'SWE', 259579),
(3051, 'Uppsala', 'SWE', 189569),
(3052, 'Linköping', 'SWE', 133168),
(3053, 'Västerås', 'SWE', 126328),
(3054, 'Örebro', 'SWE', 124207),
(3055, 'Norrköping', 'SWE', 122199),
(3056, 'Helsingborg', 'SWE', 117737),
(3057, 'Jönköping', 'SWE', 117095),
(3058, 'Umeå', 'SWE', 104512),
(3059, 'Lund', 'SWE', 98948),
(3060, 'Borås', 'SWE', 96883),
(3061, 'Sundsvall', 'SWE', 93126),
(3062, 'Gävle', 'SWE', 90742),
(3063, 'Jamestown', 'SHN', 1500),
(3064, 'Basseterre', 'KNA', 11600),
(3065, 'Castries', 'LCA', 2301),
(3066, 'Kingstown', 'VCT', 17100),
(3067, 'Saint-Pierre', 'SPM', 5808),
(3068, 'Berlin', 'DEU', 3386667),
(3069, 'Hamburg', 'DEU', 1704735),
(3070, 'Munich [München]', 'DEU', 1194560),
(3071, 'Köln', 'DEU', 962507),
(3072, 'Frankfurt am Main', 'DEU', 643821),
(3073, 'Essen', 'DEU', 599515),
(3074, 'Dortmund', 'DEU', 590213),
(3075, 'Stuttgart', 'DEU', 582443),
(3076, 'Düsseldorf', 'DEU', 568855),
(3077, 'Bremen', 'DEU', 540330),
(3078, 'Duisburg', 'DEU', 519793),
(3079, 'Hannover', 'DEU', 514718),
(3080, 'Leipzig', 'DEU', 489532),
(3081, 'Nürnberg', 'DEU', 486628),
(3082, 'Dresden', 'DEU', 476668),
(3083, 'Bochum', 'DEU', 392830),
(3084, 'Wuppertal', 'DEU', 368993),
(3085, 'Bielefeld', 'DEU', 321125),
(3086, 'Mannheim', 'DEU', 307730),
(3087, 'Bonn', 'DEU', 301048),
(3088, 'Gelsenkirchen', 'DEU', 281979),
(3089, 'Karlsruhe', 'DEU', 277204),
(3090, 'Wiesbaden', 'DEU', 268716),
(3091, 'Münster', 'DEU', 264670),
(3092, 'Mönchengladbach', 'DEU', 263697),
(3093, 'Chemnitz', 'DEU', 263222),
(3094, 'Augsburg', 'DEU', 254867),
(3095, 'Halle/Saale', 'DEU', 254360),
(3096, 'Braunschweig', 'DEU', 246322),
(3097, 'Aachen', 'DEU', 243825),
(3098, 'Krefeld', 'DEU', 241769),
(3099, 'Magdeburg', 'DEU', 235073),
(3100, 'Kiel', 'DEU', 233795),
(3101, 'Oberhausen', 'DEU', 222349),
(3102, 'Lübeck', 'DEU', 213326),
(3103, 'Hagen', 'DEU', 205201),
(3104, 'Rostock', 'DEU', 203279),
(3105, 'Freiburg im Breisgau', 'DEU', 202455),
(3106, 'Erfurt', 'DEU', 201267),
(3107, 'Kassel', 'DEU', 196211),
(3108, 'Saarbrücken', 'DEU', 183836),
(3109, 'Mainz', 'DEU', 183134),
(3110, 'Hamm', 'DEU', 181804),
(3111, 'Herne', 'DEU', 175661),
(3112, 'Mülheim an der Ruhr', 'DEU', 173895),
(3113, 'Solingen', 'DEU', 165583),
(3114, 'Osnabrück', 'DEU', 164539),
(3115, 'Ludwigshafen am Rhein', 'DEU', 163771),
(3116, 'Leverkusen', 'DEU', 160841),
(3117, 'Oldenburg', 'DEU', 154125),
(3118, 'Neuss', 'DEU', 149702),
(3119, 'Heidelberg', 'DEU', 139672),
(3120, 'Darmstadt', 'DEU', 137776),
(3121, 'Paderborn', 'DEU', 137647),
(3122, 'Potsdam', 'DEU', 128983),
(3123, 'Würzburg', 'DEU', 127350),
(3124, 'Regensburg', 'DEU', 125236),
(3125, 'Recklinghausen', 'DEU', 125022),
(3126, 'Göttingen', 'DEU', 124775),
(3127, 'Bremerhaven', 'DEU', 122735),
(3128, 'Wolfsburg', 'DEU', 121954),
(3129, 'Bottrop', 'DEU', 121097),
(3130, 'Remscheid', 'DEU', 120125),
(3131, 'Heilbronn', 'DEU', 119526),
(3132, 'Pforzheim', 'DEU', 117227),
(3133, 'Offenbach am Main', 'DEU', 116627),
(3134, 'Ulm', 'DEU', 116103),
(3135, 'Ingolstadt', 'DEU', 114826),
(3136, 'Gera', 'DEU', 114718),
(3137, 'Salzgitter', 'DEU', 112934),
(3138, 'Cottbus', 'DEU', 110894),
(3139, 'Reutlingen', 'DEU', 110343),
(3140, 'Fürth', 'DEU', 109771),
(3141, 'Siegen', 'DEU', 109225),
(3142, 'Koblenz', 'DEU', 108003),
(3143, 'Moers', 'DEU', 106837),
(3144, 'Bergisch Gladbach', 'DEU', 106150),
(3145, 'Zwickau', 'DEU', 104146),
(3146, 'Hildesheim', 'DEU', 104013),
(3147, 'Witten', 'DEU', 103384),
(3148, 'Schwerin', 'DEU', 102878),
(3149, 'Erlangen', 'DEU', 100750),
(3150, 'Kaiserslautern', 'DEU', 100025),
(3151, 'Trier', 'DEU', 99891),
(3152, 'Jena', 'DEU', 99779),
(3153, 'Iserlohn', 'DEU', 99474),
(3154, 'Gütersloh', 'DEU', 95028),
(3155, 'Marl', 'DEU', 93735),
(3156, 'Lünen', 'DEU', 92044),
(3157, 'Düren', 'DEU', 91092),
(3158, 'Ratingen', 'DEU', 90951),
(3159, 'Velbert', 'DEU', 89881),
(3160, 'Esslingen am Neckar', 'DEU', 89667),
(3161, 'Honiara', 'SLB', 50100),
(3162, 'Lusaka', 'ZMB', 1317000),
(3163, 'Ndola', 'ZMB', 329200),
(3164, 'Kitwe', 'ZMB', 288600),
(3165, 'Kabwe', 'ZMB', 154300),
(3166, 'Chingola', 'ZMB', 142400),
(3167, 'Mufulira', 'ZMB', 123900),
(3168, 'Luanshya', 'ZMB', 118100),
(3169, 'Apia', 'WSM', 35900),
(3170, 'Serravalle', 'SMR', 4802),
(3171, 'San Marino', 'SMR', 2294),
(3172, 'São Tomé', 'STP', 49541),
(3173, 'Riyadh', 'SAU', 3324000),
(3174, 'Jedda', 'SAU', 2046300),
(3175, 'Mekka', 'SAU', 965700),
(3176, 'Medina', 'SAU', 608300),
(3177, 'al-Dammam', 'SAU', 482300),
(3178, 'al-Taif', 'SAU', 416100),
(3179, 'Tabuk', 'SAU', 292600),
(3180, 'Burayda', 'SAU', 248600),
(3181, 'al-Hufuf', 'SAU', 225800),
(3182, 'al-Mubarraz', 'SAU', 219100),
(3183, 'Khamis Mushayt', 'SAU', 217900),
(3184, 'Hail', 'SAU', 176800),
(3185, 'al-Kharj', 'SAU', 152100),
(3186, 'al-Khubar', 'SAU', 141700),
(3187, 'Jubayl', 'SAU', 140800),
(3188, 'Hafar al-Batin', 'SAU', 137800),
(3189, 'al-Tuqba', 'SAU', 125700),
(3190, 'Yanbu', 'SAU', 119800),
(3191, 'Abha', 'SAU', 112300),
(3192, 'Ara´ar', 'SAU', 108100),
(3193, 'al-Qatif', 'SAU', 98900),
(3194, 'al-Hawiya', 'SAU', 93900),
(3195, 'Unayza', 'SAU', 91100),
(3196, 'Najran', 'SAU', 91000),
(3197, 'Pikine', 'SEN', 855287),
(3198, 'Dakar', 'SEN', 785071),
(3199, 'Thiès', 'SEN', 248000),
(3200, 'Kaolack', 'SEN', 199000),
(3201, 'Ziguinchor', 'SEN', 192000),
(3202, 'Rufisque', 'SEN', 150000),
(3203, 'Saint-Louis', 'SEN', 132400),
(3204, 'Mbour', 'SEN', 109300),
(3205, 'Diourbel', 'SEN', 99400),
(3206, 'Victoria', 'SYC', 41000),
(3207, 'Freetown', 'SLE', 850000),
(3208, 'Singapore', 'SGP', 4017733),
(3209, 'Bratislava', 'SVK', 448292),
(3210, 'Košice', 'SVK', 241874),
(3211, 'Prešov', 'SVK', 93977),
(3212, 'Ljubljana', 'SVN', 270986),
(3213, 'Maribor', 'SVN', 115532),
(3214, 'Mogadishu', 'SOM', 997000),
(3215, 'Hargeysa', 'SOM', 90000),
(3216, 'Kismaayo', 'SOM', 90000),
(3217, 'Colombo', 'LKA', 645000),
(3218, 'Dehiwala', 'LKA', 203000),
(3219, 'Moratuwa', 'LKA', 190000),
(3220, 'Jaffna', 'LKA', 149000),
(3221, 'Kandy', 'LKA', 140000),
(3222, 'Sri Jayawardenepura Kotte', 'LKA', 118000),
(3223, 'Negombo', 'LKA', 100000),
(3224, 'Omdurman', 'SDN', 1271403),
(3225, 'Khartum', 'SDN', 947483),
(3226, 'Sharq al-Nil', 'SDN', 700887),
(3227, 'Port Sudan', 'SDN', 308195),
(3228, 'Kassala', 'SDN', 234622),
(3229, 'Obeid', 'SDN', 229425),
(3230, 'Nyala', 'SDN', 227183),
(3231, 'Wad Madani', 'SDN', 211362),
(3232, 'al-Qadarif', 'SDN', 191164),
(3233, 'Kusti', 'SDN', 173599),
(3234, 'al-Fashir', 'SDN', 141884),
(3235, 'Juba', 'SDN', 114980),
(3236, 'Helsinki [Helsingfors]', 'FIN', 555474),
(3237, 'Espoo', 'FIN', 213271),
(3238, 'Tampere', 'FIN', 195468),
(3239, 'Vantaa', 'FIN', 178471),
(3240, 'Turku [Åbo]', 'FIN', 172561),
(3241, 'Oulu', 'FIN', 120753),
(3242, 'Lahti', 'FIN', 96921),
(3243, 'Paramaribo', 'SUR', 112000),
(3244, 'Mbabane', 'SWZ', 61000),
(3245, 'Zürich', 'CHE', 336800),
(3246, 'Geneve', 'CHE', 173500),
(3247, 'Basel', 'CHE', 166700),
(3248, 'Bern', 'CHE', 122700),
(3249, 'Lausanne', 'CHE', 114500),
(3250, 'Damascus', 'SYR', 1347000),
(3251, 'Aleppo', 'SYR', 1261983),
(3252, 'Hims', 'SYR', 507404),
(3253, 'Hama', 'SYR', 343361),
(3254, 'Latakia', 'SYR', 264563),
(3255, 'al-Qamishliya', 'SYR', 144286),
(3256, 'Dayr al-Zawr', 'SYR', 140459),
(3257, 'Jaramana', 'SYR', 138469),
(3258, 'Duma', 'SYR', 131158),
(3259, 'al-Raqqa', 'SYR', 108020),
(3260, 'Idlib', 'SYR', 91081),
(3261, 'Dushanbe', 'TJK', 524000),
(3262, 'Khujand', 'TJK', 161500),
(3263, 'Taipei', 'TWN', 2641312),
(3264, 'Kaohsiung', 'TWN', 1475505),
(3265, 'Taichung', 'TWN', 940589),
(3266, 'Tainan', 'TWN', 728060),
(3267, 'Panchiao', 'TWN', 523850),
(3268, 'Chungho', 'TWN', 392176),
(3269, 'Keelung (Chilung)', 'TWN', 385201),
(3270, 'Sanchung', 'TWN', 380084),
(3271, 'Hsinchuang', 'TWN', 365048),
(3272, 'Hsinchu', 'TWN', 361958),
(3273, 'Chungli', 'TWN', 318649),
(3274, 'Fengshan', 'TWN', 318562),
(3275, 'Taoyuan', 'TWN', 316438),
(3276, 'Chiayi', 'TWN', 265109),
(3277, 'Hsintien', 'TWN', 263603),
(3278, 'Changhwa', 'TWN', 227715),
(3279, 'Yungho', 'TWN', 227700),
(3280, 'Tucheng', 'TWN', 224897),
(3281, 'Pingtung', 'TWN', 214727),
(3282, 'Yungkang', 'TWN', 193005),
(3283, 'Pingchen', 'TWN', 188344),
(3284, 'Tali', 'TWN', 171940),
(3285, 'Taiping', 'TWN', 165524),
(3286, 'Pate', 'TWN', 161700),
(3287, 'Fengyuan', 'TWN', 161032),
(3288, 'Luchou', 'TWN', 160516),
(3289, 'Hsichuh', 'TWN', 154976),
(3290, 'Shulin', 'TWN', 151260),
(3291, 'Yuanlin', 'TWN', 126402),
(3292, 'Yangmei', 'TWN', 126323),
(3293, 'Taliao', 'TWN', 115897),
(3294, 'Kueishan', 'TWN', 112195),
(3295, 'Tanshui', 'TWN', 111882),
(3296, 'Taitung', 'TWN', 111039),
(3297, 'Hualien', 'TWN', 108407),
(3298, 'Nantou', 'TWN', 104723),
(3299, 'Lungtan', 'TWN', 103088),
(3300, 'Touliu', 'TWN', 98900),
(3301, 'Tsaotun', 'TWN', 96800),
(3302, 'Kangshan', 'TWN', 92200),
(3303, 'Ilan', 'TWN', 92000),
(3304, 'Miaoli', 'TWN', 90000),
(3305, 'Dar es Salaam', 'TZA', 1747000),
(3306, 'Dodoma', 'TZA', 189000),
(3307, 'Mwanza', 'TZA', 172300),
(3308, 'Zanzibar', 'TZA', 157634),
(3309, 'Tanga', 'TZA', 137400),
(3310, 'Mbeya', 'TZA', 130800),
(3311, 'Morogoro', 'TZA', 117800),
(3312, 'Arusha', 'TZA', 102500),
(3313, 'Moshi', 'TZA', 96800),
(3314, 'Tabora', 'TZA', 92800),
(3315, 'København', 'DNK', 495699),
(3316, 'Århus', 'DNK', 284846),
(3317, 'Odense', 'DNK', 183912),
(3318, 'Aalborg', 'DNK', 161161),
(3319, 'Frederiksberg', 'DNK', 90327),
(3320, 'Bangkok', 'THA', 6320174),
(3321, 'Nonthaburi', 'THA', 292100),
(3322, 'Nakhon Ratchasima', 'THA', 181400),
(3323, 'Chiang Mai', 'THA', 171100),
(3324, 'Udon Thani', 'THA', 158100),
(3325, 'Hat Yai', 'THA', 148632),
(3326, 'Khon Kaen', 'THA', 126500),
(3327, 'Pak Kret', 'THA', 126055),
(3328, 'Nakhon Sawan', 'THA', 123800),
(3329, 'Ubon Ratchathani', 'THA', 116300),
(3330, 'Songkhla', 'THA', 94900),
(3331, 'Nakhon Pathom', 'THA', 94100),
(3332, 'Lomé', 'TGO', 375000),
(3333, 'Fakaofo', 'TKL', 300),
(3334, 'Nuku´alofa', 'TON', 22400),
(3335, 'Chaguanas', 'TTO', 56601),
(3336, 'Port-of-Spain', 'TTO', 43396),
(3337, 'N´Djaména', 'TCD', 530965),
(3338, 'Moundou', 'TCD', 99500),
(3339, 'Praha', 'CZE', 1181126),
(3340, 'Brno', 'CZE', 381862),
(3341, 'Ostrava', 'CZE', 320041),
(3342, 'Plzen', 'CZE', 166759),
(3343, 'Olomouc', 'CZE', 102702),
(3344, 'Liberec', 'CZE', 99155),
(3345, 'Ceské Budejovice', 'CZE', 98186),
(3346, 'Hradec Králové', 'CZE', 98080),
(3347, 'Ústí nad Labem', 'CZE', 95491),
(3348, 'Pardubice', 'CZE', 91309),
(3349, 'Tunis', 'TUN', 690600),
(3350, 'Sfax', 'TUN', 257800),
(3351, 'Ariana', 'TUN', 197000),
(3352, 'Ettadhamen', 'TUN', 178600),
(3353, 'Sousse', 'TUN', 145900),
(3354, 'Kairouan', 'TUN', 113100),
(3355, 'Biserta', 'TUN', 108900),
(3356, 'Gabès', 'TUN', 106600),
(3357, 'Istanbul', 'TUR', 8787958),
(3358, 'Ankara', 'TUR', 3038159),
(3359, 'Izmir', 'TUR', 2130359),
(3360, 'Adana', 'TUR', 1131198),
(3361, 'Bursa', 'TUR', 1095842),
(3362, 'Gaziantep', 'TUR', 789056),
(3363, 'Konya', 'TUR', 628364),
(3364, 'Mersin (Içel)', 'TUR', 587212),
(3365, 'Antalya', 'TUR', 564914),
(3366, 'Diyarbakir', 'TUR', 479884),
(3367, 'Kayseri', 'TUR', 475657),
(3368, 'Eskisehir', 'TUR', 470781),
(3369, 'Sanliurfa', 'TUR', 405905),
(3370, 'Samsun', 'TUR', 339871),
(3371, 'Malatya', 'TUR', 330312),
(3372, 'Gebze', 'TUR', 264170),
(3373, 'Denizli', 'TUR', 253848),
(3374, 'Sivas', 'TUR', 246642),
(3375, 'Erzurum', 'TUR', 246535),
(3376, 'Tarsus', 'TUR', 246206),
(3377, 'Kahramanmaras', 'TUR', 245772),
(3378, 'Elâzig', 'TUR', 228815),
(3379, 'Van', 'TUR', 219319),
(3380, 'Sultanbeyli', 'TUR', 211068),
(3381, 'Izmit (Kocaeli)', 'TUR', 210068),
(3382, 'Manisa', 'TUR', 207148),
(3383, 'Batman', 'TUR', 203793),
(3384, 'Balikesir', 'TUR', 196382),
(3385, 'Sakarya (Adapazari)', 'TUR', 190641),
(3386, 'Iskenderun', 'TUR', 153022),
(3387, 'Osmaniye', 'TUR', 146003),
(3388, 'Çorum', 'TUR', 145495),
(3389, 'Kütahya', 'TUR', 144761),
(3390, 'Hatay (Antakya)', 'TUR', 143982),
(3391, 'Kirikkale', 'TUR', 142044),
(3392, 'Adiyaman', 'TUR', 141529),
(3393, 'Trabzon', 'TUR', 138234),
(3394, 'Ordu', 'TUR', 133642),
(3395, 'Aydin', 'TUR', 128651),
(3396, 'Usak', 'TUR', 128162),
(3397, 'Edirne', 'TUR', 123383),
(3398, 'Çorlu', 'TUR', 123300),
(3399, 'Isparta', 'TUR', 121911),
(3400, 'Karabük', 'TUR', 118285),
(3401, 'Kilis', 'TUR', 118245),
(3402, 'Alanya', 'TUR', 117300),
(3403, 'Kiziltepe', 'TUR', 112000),
(3404, 'Zonguldak', 'TUR', 111542),
(3405, 'Siirt', 'TUR', 107100),
(3406, 'Viransehir', 'TUR', 106400),
(3407, 'Tekirdag', 'TUR', 106077),
(3408, 'Karaman', 'TUR', 104200),
(3409, 'Afyon', 'TUR', 103984),
(3410, 'Aksaray', 'TUR', 102681),
(3411, 'Ceyhan', 'TUR', 102412),
(3412, 'Erzincan', 'TUR', 102304),
(3413, 'Bismil', 'TUR', 101400),
(3414, 'Nazilli', 'TUR', 99900),
(3415, 'Tokat', 'TUR', 99500),
(3416, 'Kars', 'TUR', 93000),
(3417, 'Inegöl', 'TUR', 90500),
(3418, 'Bandirma', 'TUR', 90200),
(3419, 'Ashgabat', 'TKM', 540600),
(3420, 'Chärjew', 'TKM', 189200),
(3421, 'Dashhowuz', 'TKM', 141800),
(3422, 'Mary', 'TKM', 101000),
(3423, 'Cockburn Town', 'TCA', 4800),
(3424, 'Funafuti', 'TUV', 4600),
(3425, 'Kampala', 'UGA', 890800),
(3426, 'Kyiv', 'UKR', 2624000),
(3427, 'Harkova [Harkiv]', 'UKR', 1500000),
(3428, 'Dnipropetrovsk', 'UKR', 1103000),
(3429, 'Donetsk', 'UKR', 1050000),
(3430, 'Odesa', 'UKR', 1011000),
(3431, 'Zaporizzja', 'UKR', 848000),
(3432, 'Lviv', 'UKR', 788000),
(3433, 'Kryvyi Rig', 'UKR', 703000),
(3434, 'Mykolajiv', 'UKR', 508000),
(3435, 'Mariupol', 'UKR', 490000),
(3436, 'Lugansk', 'UKR', 469000),
(3437, 'Vinnytsja', 'UKR', 391000),
(3438, 'Makijivka', 'UKR', 384000),
(3439, 'Herson', 'UKR', 353000),
(3440, 'Sevastopol', 'UKR', 348000),
(3441, 'Simferopol', 'UKR', 339000),
(3442, 'Pultava [Poltava]', 'UKR', 313000),
(3443, 'Tšernigiv', 'UKR', 313000),
(3444, 'Tšerkasy', 'UKR', 309000),
(3445, 'Gorlivka', 'UKR', 299000),
(3446, 'Zytomyr', 'UKR', 297000),
(3447, 'Sumy', 'UKR', 294000),
(3448, 'Dniprodzerzynsk', 'UKR', 270000),
(3449, 'Kirovograd', 'UKR', 265000),
(3450, 'Hmelnytskyi', 'UKR', 262000),
(3451, 'Tšernivtsi', 'UKR', 259000),
(3452, 'Rivne', 'UKR', 245000),
(3453, 'Krementšuk', 'UKR', 239000),
(3454, 'Ivano-Frankivsk', 'UKR', 237000),
(3455, 'Ternopil', 'UKR', 236000),
(3456, 'Lutsk', 'UKR', 217000),
(3457, 'Bila Tserkva', 'UKR', 215000),
(3458, 'Kramatorsk', 'UKR', 186000),
(3459, 'Melitopol', 'UKR', 169000),
(3460, 'Kertš', 'UKR', 162000),
(3461, 'Nikopol', 'UKR', 149000),
(3462, 'Berdjansk', 'UKR', 130000),
(3463, 'Pavlograd', 'UKR', 127000),
(3464, 'Sjeverodonetsk', 'UKR', 127000),
(3465, 'Slovjansk', 'UKR', 127000),
(3466, 'Uzgorod', 'UKR', 127000),
(3467, 'Altševsk', 'UKR', 119000),
(3468, 'Lysytšansk', 'UKR', 116000),
(3469, 'Jevpatorija', 'UKR', 112000),
(3470, 'Kamjanets-Podilskyi', 'UKR', 109000),
(3471, 'Jenakijeve', 'UKR', 105000),
(3472, 'Krasnyi Lutš', 'UKR', 101000),
(3473, 'Stahanov', 'UKR', 101000),
(3474, 'Oleksandrija', 'UKR', 99000),
(3475, 'Konotop', 'UKR', 96000),
(3476, 'Kostjantynivka', 'UKR', 95000),
(3477, 'Berdytšiv', 'UKR', 90000),
(3478, 'Izmajil', 'UKR', 90000),
(3479, 'Šostka', 'UKR', 90000),
(3480, 'Uman', 'UKR', 90000),
(3481, 'Brovary', 'UKR', 89000),
(3482, 'Mukatševe', 'UKR', 89000),
(3483, 'Budapest', 'HUN', 1811552),
(3484, 'Debrecen', 'HUN', 203648),
(3485, 'Miskolc', 'HUN', 172357),
(3486, 'Szeged', 'HUN', 158158),
(3487, 'Pécs', 'HUN', 157332),
(3488, 'Györ', 'HUN', 127119),
(3489, 'Nyiregyháza', 'HUN', 112419),
(3490, 'Kecskemét', 'HUN', 105606),
(3491, 'Székesfehérvár', 'HUN', 105119),
(3492, 'Montevideo', 'URY', 1236000),
(3493, 'Nouméa', 'NCL', 76293),
(3494, 'Auckland', 'NZL', 381800),
(3495, 'Christchurch', 'NZL', 324200),
(3496, 'Manukau', 'NZL', 281800),
(3497, 'North Shore', 'NZL', 187700),
(3498, 'Waitakere', 'NZL', 170600),
(3499, 'Wellington', 'NZL', 166700),
(3500, 'Dunedin', 'NZL', 119600),
(3501, 'Hamilton', 'NZL', 117100),
(3502, 'Lower Hutt', 'NZL', 98100),
(3503, 'Toskent', 'UZB', 2117500),
(3504, 'Namangan', 'UZB', 370500),
(3505, 'Samarkand', 'UZB', 361800),
(3506, 'Andijon', 'UZB', 318600),
(3507, 'Buhoro', 'UZB', 237100),
(3508, 'Karsi', 'UZB', 194100),
(3509, 'Nukus', 'UZB', 194100),
(3510, 'Kükon', 'UZB', 190100),
(3511, 'Fargona', 'UZB', 180500),
(3512, 'Circik', 'UZB', 146400),
(3513, 'Margilon', 'UZB', 140800),
(3514, 'Ürgenc', 'UZB', 138900),
(3515, 'Angren', 'UZB', 128000),
(3516, 'Cizah', 'UZB', 124800),
(3517, 'Navoi', 'UZB', 116300),
(3518, 'Olmalik', 'UZB', 114900),
(3519, 'Termiz', 'UZB', 109500),
(3520, 'Minsk', 'BLR', 1674000),
(3521, 'Gomel', 'BLR', 475000),
(3522, 'Mogiljov', 'BLR', 356000),
(3523, 'Vitebsk', 'BLR', 340000),
(3524, 'Grodno', 'BLR', 302000),
(3525, 'Brest', 'BLR', 286000),
(3526, 'Bobruisk', 'BLR', 221000),
(3527, 'Baranovitši', 'BLR', 167000),
(3528, 'Borisov', 'BLR', 151000),
(3529, 'Pinsk', 'BLR', 130000),
(3530, 'Orša', 'BLR', 124000),
(3531, 'Mozyr', 'BLR', 110000),
(3532, 'Novopolotsk', 'BLR', 106000),
(3533, 'Lida', 'BLR', 101000),
(3534, 'Soligorsk', 'BLR', 101000),
(3535, 'Molodetšno', 'BLR', 97000),
(3536, 'Mata-Utu', 'WLF', 1137),
(3537, 'Port-Vila', 'VUT', 33700),
(3538, 'Città del Vaticano', 'VAT', 455),
(3539, 'Caracas', 'VEN', 1975294),
(3540, 'Maracaíbo', 'VEN', 1304776),
(3541, 'Barquisimeto', 'VEN', 877239),
(3542, 'Valencia', 'VEN', 794246),
(3543, 'Ciudad Guayana', 'VEN', 663713),
(3544, 'Petare', 'VEN', 488868),
(3545, 'Maracay', 'VEN', 444443),
(3546, 'Barcelona', 'VEN', 322267),
(3547, 'Maturín', 'VEN', 319726),
(3548, 'San Cristóbal', 'VEN', 319373),
(3549, 'Ciudad Bolívar', 'VEN', 301107),
(3550, 'Cumaná', 'VEN', 293105),
(3551, 'Mérida', 'VEN', 224887),
(3552, 'Cabimas', 'VEN', 221329),
(3553, 'Barinas', 'VEN', 217831),
(3554, 'Turmero', 'VEN', 217499),
(3555, 'Baruta', 'VEN', 207290),
(3556, 'Puerto Cabello', 'VEN', 187722),
(3557, 'Santa Ana de Coro', 'VEN', 185766),
(3558, 'Los Teques', 'VEN', 178784),
(3559, 'Punto Fijo', 'VEN', 167215),
(3560, 'Guarenas', 'VEN', 165889),
(3561, 'Acarigua', 'VEN', 158954),
(3562, 'Puerto La Cruz', 'VEN', 155700),
(3563, 'Ciudad Losada', 'VEN', 134501),
(3564, 'Guacara', 'VEN', 131334),
(3565, 'Valera', 'VEN', 130281),
(3566, 'Guanare', 'VEN', 125621),
(3567, 'Carúpano', 'VEN', 119639),
(3568, 'Catia La Mar', 'VEN', 117012),
(3569, 'El Tigre', 'VEN', 116256),
(3570, 'Guatire', 'VEN', 109121),
(3571, 'Calabozo', 'VEN', 107146),
(3572, 'Pozuelos', 'VEN', 105690),
(3573, 'Ciudad Ojeda', 'VEN', 99354),
(3574, 'Ocumare del Tuy', 'VEN', 97168),
(3575, 'Valle de la Pascua', 'VEN', 95927),
(3576, 'Araure', 'VEN', 94269),
(3577, 'San Fernando de Apure', 'VEN', 93809),
(3578, 'San Felipe', 'VEN', 90940),
(3579, 'El Limón', 'VEN', 90000),
(3580, 'Moscow', 'RUS', 8389200),
(3581, 'St Petersburg', 'RUS', 4694000),
(3582, 'Novosibirsk', 'RUS', 1398800),
(3583, 'Nizni Novgorod', 'RUS', 1357000),
(3584, 'Jekaterinburg', 'RUS', 1266300),
(3585, 'Samara', 'RUS', 1156100),
(3586, 'Omsk', 'RUS', 1148900),
(3587, 'Kazan', 'RUS', 1101000),
(3588, 'Ufa', 'RUS', 1091200),
(3589, 'Tšeljabinsk', 'RUS', 1083200),
(3590, 'Rostov-na-Donu', 'RUS', 1012700),
(3591, 'Perm', 'RUS', 1009700),
(3592, 'Volgograd', 'RUS', 993400),
(3593, 'Voronez', 'RUS', 907700),
(3594, 'Krasnojarsk', 'RUS', 875500),
(3595, 'Saratov', 'RUS', 874000),
(3596, 'Toljatti', 'RUS', 722900),
(3597, 'Uljanovsk', 'RUS', 667400),
(3598, 'Izevsk', 'RUS', 652800),
(3599, 'Krasnodar', 'RUS', 639000),
(3600, 'Jaroslavl', 'RUS', 616700),
(3601, 'Habarovsk', 'RUS', 609400),
(3602, 'Vladivostok', 'RUS', 606200),
(3603, 'Irkutsk', 'RUS', 593700),
(3604, 'Barnaul', 'RUS', 580100),
(3605, 'Novokuznetsk', 'RUS', 561600),
(3606, 'Penza', 'RUS', 532200),
(3607, 'Rjazan', 'RUS', 529900),
(3608, 'Orenburg', 'RUS', 523600),
(3609, 'Lipetsk', 'RUS', 521000),
(3610, 'Nabereznyje Tšelny', 'RUS', 514700),
(3611, 'Tula', 'RUS', 506100),
(3612, 'Tjumen', 'RUS', 503400),
(3613, 'Kemerovo', 'RUS', 492700),
(3614, 'Astrahan', 'RUS', 486100),
(3615, 'Tomsk', 'RUS', 482100),
(3616, 'Kirov', 'RUS', 466200),
(3617, 'Ivanovo', 'RUS', 459200),
(3618, 'Tšeboksary', 'RUS', 459200),
(3619, 'Brjansk', 'RUS', 457400),
(3620, 'Tver', 'RUS', 454900),
(3621, 'Kursk', 'RUS', 443500),
(3622, 'Magnitogorsk', 'RUS', 427900),
(3623, 'Kaliningrad', 'RUS', 424400),
(3624, 'Nizni Tagil', 'RUS', 390900),
(3625, 'Murmansk', 'RUS', 376300),
(3626, 'Ulan-Ude', 'RUS', 370400),
(3627, 'Kurgan', 'RUS', 364700),
(3628, 'Arkangeli', 'RUS', 361800),
(3629, 'Sotši', 'RUS', 358600),
(3630, 'Smolensk', 'RUS', 353400),
(3631, 'Orjol', 'RUS', 344500),
(3632, 'Stavropol', 'RUS', 343300),
(3633, 'Belgorod', 'RUS', 342000),
(3634, 'Kaluga', 'RUS', 339300),
(3635, 'Vladimir', 'RUS', 337100),
(3636, 'Mahatškala', 'RUS', 332800),
(3637, 'Tšerepovets', 'RUS', 324400),
(3638, 'Saransk', 'RUS', 314800),
(3639, 'Tambov', 'RUS', 312000),
(3640, 'Vladikavkaz', 'RUS', 310100),
(3641, 'Tšita', 'RUS', 309900),
(3642, 'Vologda', 'RUS', 302500),
(3643, 'Veliki Novgorod', 'RUS', 299500),
(3644, 'Komsomolsk-na-Amure', 'RUS', 291600),
(3645, 'Kostroma', 'RUS', 288100),
(3646, 'Volzski', 'RUS', 286900),
(3647, 'Taganrog', 'RUS', 284400),
(3648, 'Petroskoi', 'RUS', 282100),
(3649, 'Bratsk', 'RUS', 277600),
(3650, 'Dzerzinsk', 'RUS', 277100),
(3651, 'Surgut', 'RUS', 274900),
(3652, 'Orsk', 'RUS', 273900),
(3653, 'Sterlitamak', 'RUS', 265200),
(3654, 'Angarsk', 'RUS', 264700),
(3655, 'Joškar-Ola', 'RUS', 249200),
(3656, 'Rybinsk', 'RUS', 239600),
(3657, 'Prokopjevsk', 'RUS', 237300),
(3658, 'Niznevartovsk', 'RUS', 233900),
(3659, 'Naltšik', 'RUS', 233400),
(3660, 'Syktyvkar', 'RUS', 229700),
(3661, 'Severodvinsk', 'RUS', 229300),
(3662, 'Bijsk', 'RUS', 225000),
(3663, 'Niznekamsk', 'RUS', 223400),
(3664, 'Blagoveštšensk', 'RUS', 222000),
(3665, 'Šahty', 'RUS', 221800),
(3666, 'Staryi Oskol', 'RUS', 213800),
(3667, 'Zelenograd', 'RUS', 207100),
(3668, 'Balakovo', 'RUS', 206000),
(3669, 'Novorossijsk', 'RUS', 203300),
(3670, 'Pihkova', 'RUS', 201500),
(3671, 'Zlatoust', 'RUS', 196900),
(3672, 'Jakutsk', 'RUS', 195400),
(3673, 'Podolsk', 'RUS', 194300),
(3674, 'Petropavlovsk-Kamtšatski', 'RUS', 194100),
(3675, 'Kamensk-Uralski', 'RUS', 190600),
(3676, 'Engels', 'RUS', 189000),
(3677, 'Syzran', 'RUS', 186900),
(3678, 'Grozny', 'RUS', 186000),
(3679, 'Novotšerkassk', 'RUS', 184400),
(3680, 'Berezniki', 'RUS', 181900),
(3681, 'Juzno-Sahalinsk', 'RUS', 179200),
(3682, 'Volgodonsk', 'RUS', 178200),
(3683, 'Abakan', 'RUS', 169200),
(3684, 'Maikop', 'RUS', 167300),
(3685, 'Miass', 'RUS', 166200),
(3686, 'Armavir', 'RUS', 164900),
(3687, 'Ljubertsy', 'RUS', 163900),
(3688, 'Rubtsovsk', 'RUS', 162600),
(3689, 'Kovrov', 'RUS', 159900),
(3690, 'Nahodka', 'RUS', 157700),
(3691, 'Ussurijsk', 'RUS', 157300),
(3692, 'Salavat', 'RUS', 156800),
(3693, 'Mytištši', 'RUS', 155700),
(3694, 'Kolomna', 'RUS', 150700),
(3695, 'Elektrostal', 'RUS', 147000),
(3696, 'Murom', 'RUS', 142400),
(3697, 'Kolpino', 'RUS', 141200),
(3698, 'Norilsk', 'RUS', 140800),
(3699, 'Almetjevsk', 'RUS', 140700),
(3700, 'Novomoskovsk', 'RUS', 138100),
(3701, 'Dimitrovgrad', 'RUS', 137000),
(3702, 'Pervouralsk', 'RUS', 136100),
(3703, 'Himki', 'RUS', 133700),
(3704, 'Balašiha', 'RUS', 132900),
(3705, 'Nevinnomyssk', 'RUS', 132600),
(3706, 'Pjatigorsk', 'RUS', 132500),
(3707, 'Korolev', 'RUS', 132400),
(3708, 'Serpuhov', 'RUS', 132000),
(3709, 'Odintsovo', 'RUS', 127400),
(3710, 'Orehovo-Zujevo', 'RUS', 124900),
(3711, 'Kamyšin', 'RUS', 124600),
(3712, 'Novotšeboksarsk', 'RUS', 123400),
(3713, 'Tšerkessk', 'RUS', 121700),
(3714, 'Atšinsk', 'RUS', 121600),
(3715, 'Magadan', 'RUS', 121000),
(3716, 'Mitšurinsk', 'RUS', 120700),
(3717, 'Kislovodsk', 'RUS', 120400),
(3718, 'Jelets', 'RUS', 119400),
(3719, 'Seversk', 'RUS', 118600),
(3720, 'Noginsk', 'RUS', 117200),
(3721, 'Velikije Luki', 'RUS', 116300),
(3722, 'Novokuibyševsk', 'RUS', 116200),
(3723, 'Neftekamsk', 'RUS', 115700),
(3724, 'Leninsk-Kuznetski', 'RUS', 113800),
(3725, 'Oktjabrski', 'RUS', 111500),
(3726, 'Sergijev Posad', 'RUS', 111100),
(3727, 'Arzamas', 'RUS', 110700),
(3728, 'Kiseljovsk', 'RUS', 110000),
(3729, 'Novotroitsk', 'RUS', 109600),
(3730, 'Obninsk', 'RUS', 108300),
(3731, 'Kansk', 'RUS', 107400),
(3732, 'Glazov', 'RUS', 106300),
(3733, 'Solikamsk', 'RUS', 106000),
(3734, 'Sarapul', 'RUS', 105700),
(3735, 'Ust-Ilimsk', 'RUS', 105200),
(3736, 'Štšolkovo', 'RUS', 104900),
(3737, 'Mezduretšensk', 'RUS', 104400),
(3738, 'Usolje-Sibirskoje', 'RUS', 103500),
(3739, 'Elista', 'RUS', 103300),
(3740, 'Novošahtinsk', 'RUS', 101900),
(3741, 'Votkinsk', 'RUS', 101700),
(3742, 'Kyzyl', 'RUS', 101100),
(3743, 'Serov', 'RUS', 100400),
(3744, 'Zelenodolsk', 'RUS', 100200),
(3745, 'Zeleznodoroznyi', 'RUS', 100100),
(3746, 'Kinešma', 'RUS', 100000),
(3747, 'Kuznetsk', 'RUS', 98200),
(3748, 'Uhta', 'RUS', 98000),
(3749, 'Jessentuki', 'RUS', 97900),
(3750, 'Tobolsk', 'RUS', 97600),
(3751, 'Neftejugansk', 'RUS', 97400),
(3752, 'Bataisk', 'RUS', 97300),
(3753, 'Nojabrsk', 'RUS', 97300),
(3754, 'Balašov', 'RUS', 97100),
(3755, 'Zeleznogorsk', 'RUS', 96900),
(3756, 'Zukovski', 'RUS', 96500),
(3757, 'Anzero-Sudzensk', 'RUS', 96100),
(3758, 'Bugulma', 'RUS', 94100),
(3759, 'Zeleznogorsk', 'RUS', 94000),
(3760, 'Novouralsk', 'RUS', 93300),
(3761, 'Puškin', 'RUS', 92900),
(3762, 'Vorkuta', 'RUS', 92600),
(3763, 'Derbent', 'RUS', 92300),
(3764, 'Kirovo-Tšepetsk', 'RUS', 91600),
(3765, 'Krasnogorsk', 'RUS', 91000),
(3766, 'Klin', 'RUS', 90000),
(3767, 'Tšaikovski', 'RUS', 90000),
(3768, 'Novyi Urengoi', 'RUS', 89800),
(3769, 'Ho Chi Minh City', 'VNM', 3980000),
(3770, 'Hanoi', 'VNM', 1410000),
(3771, 'Haiphong', 'VNM', 783133),
(3772, 'Da Nang', 'VNM', 382674),
(3773, 'Biên Hoa', 'VNM', 282095),
(3774, 'Nha Trang', 'VNM', 221331),
(3775, 'Hue', 'VNM', 219149),
(3776, 'Can Tho', 'VNM', 215587),
(3777, 'Cam Pha', 'VNM', 209086),
(3778, 'Nam Dinh', 'VNM', 171699),
(3779, 'Quy Nhon', 'VNM', 163385),
(3780, 'Vung Tau', 'VNM', 145145),
(3781, 'Rach Gia', 'VNM', 141132),
(3782, 'Long Xuyen', 'VNM', 132681),
(3783, 'Thai Nguyen', 'VNM', 127643),
(3784, 'Hong Gai', 'VNM', 127484),
(3785, 'Phan Thiêt', 'VNM', 114236),
(3786, 'Cam Ranh', 'VNM', 114041),
(3787, 'Vinh', 'VNM', 112455),
(3788, 'My Tho', 'VNM', 108404),
(3789, 'Da Lat', 'VNM', 106409),
(3790, 'Buon Ma Thuot', 'VNM', 97044),
(3791, 'Tallinn', 'EST', 403981),
(3792, 'Tartu', 'EST', 101246),
(3793, 'New York', 'USA', 8008278),
(3794, 'Los Angeles', 'USA', 3694820),
(3795, 'Chicago', 'USA', 2896016),
(3796, 'Houston', 'USA', 1953631),
(3797, 'Philadelphia', 'USA', 1517550),
(3798, 'Phoenix', 'USA', 1321045),
(3799, 'San Diego', 'USA', 1223400),
(3800, 'Dallas', 'USA', 1188580),
(3801, 'San Antonio', 'USA', 1144646),
(3802, 'Detroit', 'USA', 951270),
(3803, 'San Jose', 'USA', 894943),
(3804, 'Indianapolis', 'USA', 791926),
(3805, 'San Francisco', 'USA', 776733),
(3806, 'Jacksonville', 'USA', 735167),
(3807, 'Columbus', 'USA', 711470),
(3808, 'Austin', 'USA', 656562),
(3809, 'Baltimore', 'USA', 651154),
(3810, 'Memphis', 'USA', 650100),
(3811, 'Milwaukee', 'USA', 596974),
(3812, 'Boston', 'USA', 589141),
(3813, 'Washington', 'USA', 572059),
(3814, 'Nashville-Davidson', 'USA', 569891),
(3815, 'El Paso', 'USA', 563662),
(3816, 'Seattle', 'USA', 563374),
(3817, 'Denver', 'USA', 554636),
(3818, 'Charlotte', 'USA', 540828),
(3819, 'Fort Worth', 'USA', 534694),
(3820, 'Portland', 'USA', 529121),
(3821, 'Oklahoma City', 'USA', 506132),
(3822, 'Tucson', 'USA', 486699),
(3823, 'New Orleans', 'USA', 484674),
(3824, 'Las Vegas', 'USA', 478434),
(3825, 'Cleveland', 'USA', 478403),
(3826, 'Long Beach', 'USA', 461522),
(3827, 'Albuquerque', 'USA', 448607),
(3828, 'Kansas City', 'USA', 441545),
(3829, 'Fresno', 'USA', 427652),
(3830, 'Virginia Beach', 'USA', 425257),
(3831, 'Atlanta', 'USA', 416474),
(3832, 'Sacramento', 'USA', 407018),
(3833, 'Oakland', 'USA', 399484),
(3834, 'Mesa', 'USA', 396375),
(3835, 'Tulsa', 'USA', 393049),
(3836, 'Omaha', 'USA', 390007),
(3837, 'Minneapolis', 'USA', 382618),
(3838, 'Honolulu', 'USA', 371657),
(3839, 'Miami', 'USA', 362470),
(3840, 'Colorado Springs', 'USA', 360890),
(3841, 'Saint Louis', 'USA', 348189),
(3842, 'Wichita', 'USA', 344284),
(3843, 'Santa Ana', 'USA', 337977),
(3844, 'Pittsburgh', 'USA', 334563),
(3845, 'Arlington', 'USA', 332969),
(3846, 'Cincinnati', 'USA', 331285),
(3847, 'Anaheim', 'USA', 328014),
(3848, 'Toledo', 'USA', 313619),
(3849, 'Tampa', 'USA', 303447),
(3850, 'Buffalo', 'USA', 292648),
(3851, 'Saint Paul', 'USA', 287151),
(3852, 'Corpus Christi', 'USA', 277454),
(3853, 'Aurora', 'USA', 276393),
(3854, 'Raleigh', 'USA', 276093),
(3855, 'Newark', 'USA', 273546),
(3856, 'Lexington-Fayette', 'USA', 260512),
(3857, 'Anchorage', 'USA', 260283),
(3858, 'Louisville', 'USA', 256231),
(3859, 'Riverside', 'USA', 255166),
(3860, 'Saint Petersburg', 'USA', 248232),
(3861, 'Bakersfield', 'USA', 247057),
(3862, 'Stockton', 'USA', 243771),
(3863, 'Birmingham', 'USA', 242820),
(3864, 'Jersey City', 'USA', 240055),
(3865, 'Norfolk', 'USA', 234403),
(3866, 'Baton Rouge', 'USA', 227818),
(3867, 'Hialeah', 'USA', 226419),
(3868, 'Lincoln', 'USA', 225581),
(3869, 'Greensboro', 'USA', 223891),
(3870, 'Plano', 'USA', 222030),
(3871, 'Rochester', 'USA', 219773),
(3872, 'Glendale', 'USA', 218812),
(3873, 'Akron', 'USA', 217074),
(3874, 'Garland', 'USA', 215768),
(3875, 'Madison', 'USA', 208054),
(3876, 'Fort Wayne', 'USA', 205727),
(3877, 'Fremont', 'USA', 203413),
(3878, 'Scottsdale', 'USA', 202705),
(3879, 'Montgomery', 'USA', 201568),
(3880, 'Shreveport', 'USA', 200145),
(3881, 'Augusta-Richmond County', 'USA', 199775),
(3882, 'Lubbock', 'USA', 199564),
(3883, 'Chesapeake', 'USA', 199184),
(3884, 'Mobile', 'USA', 198915),
(3885, 'Des Moines', 'USA', 198682),
(3886, 'Grand Rapids', 'USA', 197800),
(3887, 'Richmond', 'USA', 197790),
(3888, 'Yonkers', 'USA', 196086),
(3889, 'Spokane', 'USA', 195629),
(3890, 'Glendale', 'USA', 194973),
(3891, 'Tacoma', 'USA', 193556),
(3892, 'Irving', 'USA', 191615),
(3893, 'Huntington Beach', 'USA', 189594),
(3894, 'Modesto', 'USA', 188856),
(3895, 'Durham', 'USA', 187035),
(3896, 'Columbus', 'USA', 186291),
(3897, 'Orlando', 'USA', 185951),
(3898, 'Boise City', 'USA', 185787),
(3899, 'Winston-Salem', 'USA', 185776),
(3900, 'San Bernardino', 'USA', 185401),
(3901, 'Jackson', 'USA', 184256),
(3902, 'Little Rock', 'USA', 183133),
(3903, 'Salt Lake City', 'USA', 181743),
(3904, 'Reno', 'USA', 180480),
(3905, 'Newport News', 'USA', 180150),
(3906, 'Chandler', 'USA', 176581),
(3907, 'Laredo', 'USA', 176576),
(3908, 'Henderson', 'USA', 175381),
(3909, 'Arlington', 'USA', 174838),
(3910, 'Knoxville', 'USA', 173890),
(3911, 'Amarillo', 'USA', 173627),
(3912, 'Providence', 'USA', 173618),
(3913, 'Chula Vista', 'USA', 173556),
(3914, 'Worcester', 'USA', 172648),
(3915, 'Oxnard', 'USA', 170358),
(3916, 'Dayton', 'USA', 166179),
(3917, 'Garden Grove', 'USA', 165196),
(3918, 'Oceanside', 'USA', 161029),
(3919, 'Tempe', 'USA', 158625),
(3920, 'Huntsville', 'USA', 158216),
(3921, 'Ontario', 'USA', 158007),
(3922, 'Chattanooga', 'USA', 155554),
(3923, 'Fort Lauderdale', 'USA', 152397),
(3924, 'Springfield', 'USA', 152082),
(3925, 'Springfield', 'USA', 151580),
(3926, 'Santa Clarita', 'USA', 151088),
(3927, 'Salinas', 'USA', 151060),
(3928, 'Tallahassee', 'USA', 150624),
(3929, 'Rockford', 'USA', 150115),
(3930, 'Pomona', 'USA', 149473),
(3931, 'Metairie', 'USA', 149428),
(3932, 'Paterson', 'USA', 149222),
(3933, 'Overland Park', 'USA', 149080),
(3934, 'Santa Rosa', 'USA', 147595),
(3935, 'Syracuse', 'USA', 147306),
(3936, 'Kansas City', 'USA', 146866),
(3937, 'Hampton', 'USA', 146437),
(3938, 'Lakewood', 'USA', 144126),
(3939, 'Vancouver', 'USA', 143560),
(3940, 'Irvine', 'USA', 143072),
(3941, 'Aurora', 'USA', 142990),
(3942, 'Moreno Valley', 'USA', 142381),
(3943, 'Pasadena', 'USA', 141674),
(3944, 'Hayward', 'USA', 140030),
(3945, 'Brownsville', 'USA', 139722),
(3946, 'Bridgeport', 'USA', 139529),
(3947, 'Hollywood', 'USA', 139357),
(3948, 'Warren', 'USA', 138247),
(3949, 'Torrance', 'USA', 137946),
(3950, 'Eugene', 'USA', 137893),
(3951, 'Pembroke Pines', 'USA', 137427),
(3952, 'Salem', 'USA', 136924),
(3953, 'Pasadena', 'USA', 133936),
(3954, 'Escondido', 'USA', 133559),
(3955, 'Sunnyvale', 'USA', 131760),
(3956, 'Savannah', 'USA', 131510),
(3957, 'Fontana', 'USA', 128929),
(3958, 'Orange', 'USA', 128821),
(3959, 'Naperville', 'USA', 128358),
(3960, 'Alexandria', 'USA', 128283),
(3961, 'Rancho Cucamonga', 'USA', 127743),
(3962, 'Grand Prairie', 'USA', 127427),
(3963, 'East Los Angeles', 'USA', 126379),
(3964, 'Fullerton', 'USA', 126003),
(3965, 'Corona', 'USA', 124966),
(3966, 'Flint', 'USA', 124943),
(3967, 'Paradise', 'USA', 124682),
(3968, 'Mesquite', 'USA', 124523),
(3969, 'Sterling Heights', 'USA', 124471),
(3970, 'Sioux Falls', 'USA', 123975),
(3971, 'New Haven', 'USA', 123626),
(3972, 'Topeka', 'USA', 122377),
(3973, 'Concord', 'USA', 121780),
(3974, 'Evansville', 'USA', 121582),
(3975, 'Hartford', 'USA', 121578),
(3976, 'Fayetteville', 'USA', 121015),
(3977, 'Cedar Rapids', 'USA', 120758),
(3978, 'Elizabeth', 'USA', 120568),
(3979, 'Lansing', 'USA', 119128),
(3980, 'Lancaster', 'USA', 118718),
(3981, 'Fort Collins', 'USA', 118652),
(3982, 'Coral Springs', 'USA', 117549),
(3983, 'Stamford', 'USA', 117083),
(3984, 'Thousand Oaks', 'USA', 117005),
(3985, 'Vallejo', 'USA', 116760),
(3986, 'Palmdale', 'USA', 116670),
(3987, 'Columbia', 'USA', 116278),
(3988, 'El Monte', 'USA', 115965),
(3989, 'Abilene', 'USA', 115930),
(3990, 'North Las Vegas', 'USA', 115488),
(3991, 'Ann Arbor', 'USA', 114024),
(3992, 'Beaumont', 'USA', 113866),
(3993, 'Waco', 'USA', 113726),
(3994, 'Macon', 'USA', 113336),
(3995, 'Independence', 'USA', 113288),
(3996, 'Peoria', 'USA', 112936),
(3997, 'Inglewood', 'USA', 112580),
(3998, 'Springfield', 'USA', 111454),
(3999, 'Simi Valley', 'USA', 111351),
(4000, 'Lafayette', 'USA', 110257),
(4001, 'Gilbert', 'USA', 109697),
(4002, 'Carrollton', 'USA', 109576),
(4003, 'Bellevue', 'USA', 109569),
(4004, 'West Valley City', 'USA', 108896),
(4005, 'Clarksville', 'USA', 108787),
(4006, 'Costa Mesa', 'USA', 108724),
(4007, 'Peoria', 'USA', 108364),
(4008, 'South Bend', 'USA', 107789),
(4009, 'Downey', 'USA', 107323),
(4010, 'Waterbury', 'USA', 107271),
(4011, 'Manchester', 'USA', 107006),
(4012, 'Allentown', 'USA', 106632),
(4013, 'McAllen', 'USA', 106414),
(4014, 'Joliet', 'USA', 106221),
(4015, 'Lowell', 'USA', 105167),
(4016, 'Provo', 'USA', 105166),
(4017, 'West Covina', 'USA', 105080),
(4018, 'Wichita Falls', 'USA', 104197),
(4019, 'Erie', 'USA', 103717),
(4020, 'Daly City', 'USA', 103621),
(4021, 'Citrus Heights', 'USA', 103455),
(4022, 'Norwalk', 'USA', 103298),
(4023, 'Gary', 'USA', 102746),
(4024, 'Berkeley', 'USA', 102743),
(4025, 'Santa Clara', 'USA', 102361),
(4026, 'Green Bay', 'USA', 102313),
(4027, 'Cape Coral', 'USA', 102286),
(4028, 'Arvada', 'USA', 102153),
(4029, 'Pueblo', 'USA', 102121),
(4030, 'Sandy', 'USA', 101853),
(4031, 'Athens-Clarke County', 'USA', 101489),
(4032, 'Cambridge', 'USA', 101355),
(4033, 'Westminster', 'USA', 100940),
(4034, 'San Buenaventura', 'USA', 100916),
(4035, 'Portsmouth', 'USA', 100565),
(4036, 'Livonia', 'USA', 100545),
(4037, 'Burbank', 'USA', 100316),
(4038, 'Clearwater', 'USA', 99936),
(4039, 'Midland', 'USA', 98293),
(4040, 'Davenport', 'USA', 98256),
(4041, 'Mission Viejo', 'USA', 98049),
(4042, 'Miami Beach', 'USA', 97855),
(4043, 'Sunrise Manor', 'USA', 95362),
(4044, 'New Bedford', 'USA', 94780),
(4045, 'El Cajon', 'USA', 94578),
(4046, 'Norman', 'USA', 94193),
(4047, 'Richmond', 'USA', 94100),
(4048, 'Albany', 'USA', 93994),
(4049, 'Brockton', 'USA', 93653),
(4050, 'Roanoke', 'USA', 93357),
(4051, 'Billings', 'USA', 92988),
(4052, 'Compton', 'USA', 92864),
(4053, 'Gainesville', 'USA', 92291),
(4054, 'Fairfield', 'USA', 92256),
(4055, 'Arden-Arcade', 'USA', 92040),
(4056, 'San Mateo', 'USA', 91799),
(4057, 'Visalia', 'USA', 91762),
(4058, 'Boulder', 'USA', 91238),
(4059, 'Cary', 'USA', 91213),
(4060, 'Santa Monica', 'USA', 91084),
(4061, 'Fall River', 'USA', 90555),
(4062, 'Kenosha', 'USA', 89447),
(4063, 'Elgin', 'USA', 89408),
(4064, 'Odessa', 'USA', 89293),
(4065, 'Carson', 'USA', 89089),
(4066, 'Charleston', 'USA', 89063),
(4067, 'Charlotte Amalie', 'VIR', 13000),
(4068, 'Harare', 'ZWE', 1410000),
(4069, 'Bulawayo', 'ZWE', 621742),
(4070, 'Chitungwiza', 'ZWE', 274912),
(4071, 'Mount Darwin', 'ZWE', 164362),
(4072, 'Mutare', 'ZWE', 131367),
(4073, 'Gweru', 'ZWE', 128037),
(4074, 'Gaza', 'PSE', 353632),
(4075, 'Khan Yunis', 'PSE', 123175),
(4076, 'Hebron', 'PSE', 119401),
(4077, 'Jabaliya', 'PSE', 113901),
(4078, 'Nablus', 'PSE', 100231),
(4079, 'Rafah', 'PSE', 92020),
(4080, 'mnm', 'ALB', 333),
(4081, 'mnm', 'ALB', 333),
(4082, 'fdg', 'ALB', 564);

-- --------------------------------------------------------

--
-- Estructura de tabla para la tabla `country`
--

CREATE TABLE `country` (
  `Code` char(3) NOT NULL DEFAULT '',
  `Name` char(52) NOT NULL DEFAULT '',
  `Continent` enum('Asia','Europe','North America','Africa','Oceania','Antarctica','South America') NOT NULL DEFAULT 'Asia',
  `SurfaceArea` float(10,2) NOT NULL DEFAULT 0.00,
  `IndepYear` smallint(6) DEFAULT NULL,
  `Population` int(11) NOT NULL DEFAULT 0,
  `LifeExpectancy` float(3,1) DEFAULT NULL,
  `Capital` int(11) DEFAULT NULL
) ENGINE=InnoDB DEFAULT CHARSET=latin1;

--
-- Volcado de datos para la tabla `country`
--

INSERT INTO `country` (`Code`, `Name`, `Continent`, `SurfaceArea`, `IndepYear`, `Population`, `LifeExpectancy`, `Capital`) VALUES
('ABW', 'Aruba', 'North America', 193.00, NULL, 103000, 78.4, 129),
('AFG', 'Afghanistan', 'Asia', 652090.00, 1919, 22720000, 45.9, 1),
('AGO', 'Angola', 'Africa', 1246700.00, 1975, 12878000, 38.3, 56),
('AIA', 'Anguilla', 'North America', 96.00, NULL, 8000, 76.1, 62),
('ALB', 'Albania', 'Europe', 28748.00, 1912, 3401200, 71.6, 34),
('AND', 'Andorra', 'Europe', 468.00, 1278, 78000, 83.5, 55),
('ANT', 'Netherlands Antilles', 'North America', 800.00, NULL, 217000, 74.7, 33),
('ARE', 'United Arab Emirates', 'Asia', 83600.00, 1971, 2441000, 74.1, 65),
('ARG', 'Argentina', 'South America', 2780400.00, 1816, 37032000, 75.1, 69),
('ARM', 'Armenia', 'Asia', 29800.00, 1991, 3520000, 66.4, 126),
('ASM', 'American Samoa', 'Oceania', 199.00, NULL, 68000, 75.1, 54),
('ATA', 'Antarctica', 'Antarctica', 13120000.00, NULL, 120000, NULL, NULL),
('ATF', 'French Southern territories', 'Antarctica', 7780.00, NULL, 0, NULL, NULL),
('ATG', 'Antigua and Barbuda', 'North America', 442.00, 1981, 68000, 70.5, 63),
('AUS', 'Australia', 'Oceania', 7741220.00, 1901, 18886000, 79.8, 135),
('AUT', 'Austria', 'Europe', 83859.00, 1918, 8091800, 77.7, 1523),
('AZE', 'Azerbaijan', 'Asia', 86600.00, 1991, 7734000, 62.9, 144),
('BDI', 'Burundi', 'Africa', 27834.00, 1962, 6695000, 46.2, 552),
('BEL', 'Belgium', 'Europe', 30518.00, 1830, 10239000, 77.8, 179),
('BEN', 'Benin', 'Africa', 112622.00, 1960, 6097000, 50.2, 187),
('BFA', 'Burkina Faso', 'Africa', 274000.00, 1960, 11937000, 46.7, 549),
('BGD', 'Bangladesh', 'Asia', 143998.00, 1971, 129155000, 60.2, 150),
('BGR', 'Bulgaria', 'Europe', 110994.00, 1908, 8190900, 70.9, 539),
('BHR', 'Bahrain', 'Asia', 694.00, 1971, 617000, 73.0, 149),
('BHS', 'Bahamas', 'North America', 13878.00, 1973, 307000, 71.1, 148),
('BIH', 'Bosnia and Herzegovina', 'Europe', 51197.00, 1992, 3972000, 71.5, 201),
('BLR', 'Belarus', 'Europe', 207600.00, 1991, 10236000, 68.0, 3520),
('BLZ', 'Belize', 'North America', 22696.00, 1981, 241000, 70.9, 185),
('BMU', 'Bermuda', 'North America', 53.00, NULL, 65000, 76.9, 191),
('BOL', 'Bolivia', 'South America', 1098581.00, 1825, 8329000, 63.7, 194),
('BRA', 'Brazil', 'South America', 8547403.00, 1822, 170115000, 62.9, 211),
('BRB', 'Barbados', 'North America', 430.00, 1966, 270000, 73.0, 174),
('BRN', 'Brunei', 'Asia', 5765.00, 1984, 328000, 73.6, 538),
('BTN', 'Bhutan', 'Asia', 47000.00, 1910, 2124000, 52.4, 192),
('BVT', 'Bouvet Island', 'Antarctica', 59.00, NULL, 0, NULL, NULL),
('BWA', 'Botswana', 'Africa', 581730.00, 1966, 1622000, 39.3, 204),
('CAF', 'Central African Republic', 'Africa', 622984.00, 1960, 3615000, 44.0, 1889),
('CAN', 'Canada', 'North America', 9970610.00, 1867, 31147000, 79.4, 1822),
('CCK', 'Cocos (Keeling) Islands', 'Oceania', 14.00, NULL, 600, NULL, 2317),
('CHE', 'Switzerland', 'Europe', 41284.00, 1499, 7160400, 79.6, 3248),
('CHL', 'Chile', 'South America', 756626.00, 1810, 15211000, 75.7, 554),
('CHN', 'China', 'Asia', 9572900.00, -1523, 1277558000, 71.4, 1891),
('CIV', 'Côte d’Ivoire', 'Africa', 322463.00, 1960, 14786000, 45.2, 2814),
('CMR', 'Cameroon', 'Africa', 475442.00, 1960, 15085000, 54.8, 1804),
('COD', 'Congo, The Democratic Republic of the', 'Africa', 2344858.00, 1960, 51654000, 48.8, 2298),
('COG', 'Congo', 'Africa', 342000.00, 1960, 2943000, 47.4, 2296),
('COK', 'Cook Islands', 'Oceania', 236.00, NULL, 20000, 71.1, 583),
('COL', 'Colombia', 'South America', 1138914.00, 1810, 42321000, 70.3, 2257),
('COM', 'Comoros', 'Africa', 1862.00, 1975, 578000, 60.0, 2295),
('CPV', 'Cape Verde', 'Africa', 4033.00, 1975, 428000, 68.9, 1859),
('CRI', 'Costa Rica', 'North America', 51100.00, 1821, 4023000, 75.8, 584),
('CUB', 'Cuba', 'North America', 110861.00, 1902, 11201000, 76.2, 2413),
('CXR', 'Christmas Island', 'Oceania', 135.00, NULL, 2500, NULL, 1791),
('CYM', 'Cayman Islands', 'North America', 264.00, NULL, 38000, 78.9, 553),
('CYP', 'Cyprus', 'Asia', 9251.00, 1960, 754700, 76.7, 2430),
('CZE', 'Czech Republic', 'Europe', 78866.00, 1993, 10278100, 74.5, 3339),
('DEU', 'Germany', 'Europe', 357022.00, 1955, 82164700, 77.4, 3068),
('DJI', 'Djibouti', 'Africa', 23200.00, 1977, 638000, 50.8, 585),
('DMA', 'Dominica', 'North America', 751.00, 1978, 71000, 73.4, 586),
('DNK', 'Denmark', 'Europe', 43094.00, 800, 5330000, 76.5, 3315),
('DOM', 'Dominican Republic', 'North America', 48511.00, 1844, 8495000, 73.2, 587),
('DZA', 'Algeria', 'Africa', 2381741.00, 1962, 31471000, 69.7, 35),
('ECU', 'Ecuador', 'South America', 283561.00, 1822, 12646000, 71.1, 594),
('EGY', 'Egypt', 'Africa', 1001449.00, 1922, 68470000, 63.3, 608),
('ERI', 'Eritrea', 'Africa', 117600.00, 1993, 3850000, 55.8, 652),
('ESH', 'Western Sahara', 'Africa', 266000.00, NULL, 293000, 49.8, 2453),
('ESP', 'Spain', 'Europe', 505992.00, 1492, 39441700, 78.8, 653),
('EST', 'Estonia', 'Europe', 45227.00, 1991, 1439200, 69.5, 3791),
('ETH', 'Ethiopia', 'Africa', 1104300.00, -1000, 62565000, 45.2, 756),
('FIN', 'Finland', 'Europe', 338145.00, 1917, 5171300, 77.4, 3236),
('FJI', 'Fiji Islands', 'Oceania', 18274.00, 1970, 817000, 67.9, 764),
('FLK', 'Falkland Islands', 'South America', 12173.00, NULL, 2000, NULL, 763),
('FRA', 'France', 'Europe', 551500.00, 843, 59225700, 78.8, 2974),
('FRO', 'Faroe Islands', 'Europe', 1399.00, NULL, 43000, 78.4, 901),
('FSM', 'Micronesia, Federated States of', 'Oceania', 702.00, 1990, 119000, 68.6, 2689),
('GAB', 'Gabon', 'Africa', 267668.00, 1960, 1226000, 50.1, 902),
('GBR', 'United Kingdom', 'Europe', 242900.00, 1066, 59623400, 77.7, 456),
('GEO', 'Georgia', 'Asia', 69700.00, 1991, 4968000, 64.5, 905),
('GHA', 'Ghana', 'Africa', 238533.00, 1957, 20212000, 57.4, 910),
('GIB', 'Gibraltar', 'Europe', 6.00, NULL, 25000, 79.0, 915),
('GIN', 'Guinea', 'Africa', 245857.00, 1958, 7430000, 45.6, 926),
('GLP', 'Guadeloupe', 'North America', 1705.00, NULL, 456000, 77.0, 919),
('GMB', 'Gambia', 'Africa', 11295.00, 1965, 1305000, 53.2, 904),
('GNB', 'Guinea-Bissau', 'Africa', 36125.00, 1974, 1213000, 49.0, 927),
('GNQ', 'Equatorial Guinea', 'Africa', 28051.00, 1968, 453000, 53.6, 2972),
('GRC', 'Greece', 'Europe', 131626.00, 1830, 10545700, 78.4, 2401),
('GRD', 'Grenada', 'North America', 344.00, 1974, 94000, 64.5, 916),
('GRL', 'Greenland', 'North America', 2166090.00, NULL, 56000, 68.1, 917),
('GTM', 'Guatemala', 'North America', 108889.00, 1821, 11385000, 66.2, 922),
('GUF', 'French Guiana', 'South America', 90000.00, NULL, 181000, 76.1, 3014),
('GUM', 'Guam', 'Oceania', 549.00, NULL, 168000, 77.8, 921),
('GUY', 'Guyana', 'South America', 214969.00, 1966, 861000, 64.0, 928),
('HKG', 'Hong Kong', 'Asia', 1075.00, NULL, 6782000, 79.5, 937),
('HMD', 'Heard Island and McDonald Islands', 'Antarctica', 359.00, NULL, 0, NULL, NULL),
('HND', 'Honduras', 'North America', 112088.00, 1838, 6485000, 69.9, 933),
('HRV', 'Croatia', 'Europe', 56538.00, 1991, 4473000, 73.7, 2409),
('HTI', 'Haiti', 'North America', 27750.00, 1804, 8222000, 49.2, 929),
('HUN', 'Hungary', 'Europe', 93030.00, 1918, 10043200, 71.4, 3483),
('IDN', 'Indonesia', 'Asia', 1904569.00, 1945, 212107000, 68.0, 939),
('IND', 'India', 'Asia', 3287263.00, 1947, 1013662000, 62.5, 1109),
('IOT', 'British Indian Ocean Territory', 'Africa', 78.00, NULL, 0, NULL, NULL),
('IRL', 'Ireland', 'Europe', 70273.00, 1921, 3775100, 76.8, 1447),
('IRN', 'Iran', 'Asia', 1648195.00, 1906, 67702000, 69.7, 1380),
('IRQ', 'Iraq', 'Asia', 438317.00, 1932, 23115000, 66.5, 1365),
('ISL', 'Iceland', 'Europe', 103000.00, 1944, 279000, 79.4, 1449),
('ISR', 'Israel', 'Asia', 21056.00, 1948, 6217000, 78.6, 1450),
('ITA', 'Italy', 'Europe', 301316.00, 1861, 57680000, 79.0, 1464),
('JAM', 'Jamaica', 'North America', 10990.00, 1962, 2583000, 75.2, 1530),
('JOR', 'Jordan', 'Asia', 88946.00, 1946, 5083000, 77.4, 1786),
('JPN', 'Japan', 'Asia', 377829.00, -660, 126714000, 80.7, 1532),
('KAZ', 'Kazakstan', 'Asia', 2724900.00, 1991, 16223000, 63.2, 1864),
('KEN', 'Kenya', 'Africa', 580367.00, 1963, 30080000, 48.0, 1881),
('KGZ', 'Kyrgyzstan', 'Asia', 199900.00, 1991, 4699000, 63.4, 2253),
('KHM', 'Cambodia', 'Asia', 181035.00, 1953, 11168000, 56.5, 1800),
('KIR', 'Kiribati', 'Oceania', 726.00, 1979, 83000, 59.8, 2256),
('KNA', 'Saint Kitts and Nevis', 'North America', 261.00, 1983, 38000, 70.7, 3064),
('KOR', 'South Korea', 'Asia', 99434.00, 1948, 46844000, 74.4, 2331),
('KWT', 'Kuwait', 'Asia', 17818.00, 1961, 1972000, 76.1, 2429),
('LAO', 'Laos', 'Asia', 236800.00, 1953, 5433000, 53.1, 2432),
('LBN', 'Lebanon', 'Asia', 10400.00, 1941, 3282000, 71.3, 2438),
('LBR', 'Liberia', 'Africa', 111369.00, 1847, 3154000, 51.0, 2440),
('LBY', 'Libyan Arab Jamahiriya', 'Africa', 1759540.00, 1951, 5605000, 75.5, 2441),
('LCA', 'Saint Lucia', 'North America', 622.00, 1979, 154000, 72.3, 3065),
('LIE', 'Liechtenstein', 'Europe', 160.00, 1806, 32300, 78.8, 2446),
('LKA', 'Sri Lanka', 'Asia', 65610.00, 1948, 18827000, 71.8, 3217),
('LSO', 'Lesotho', 'Africa', 30355.00, 1966, 2153000, 50.8, 2437),
('LTU', 'Lithuania', 'Europe', 65301.00, 1991, 3698500, 69.1, 2447),
('LUX', 'Luxembourg', 'Europe', 2586.00, 1867, 435700, 77.1, 2452),
('LVA', 'Latvia', 'Europe', 64589.00, 1991, 2424200, 68.4, 2434),
('MAC', 'Macao', 'Asia', 18.00, NULL, 473000, 81.6, 2454),
('MAR', 'Morocco', 'Africa', 446550.00, 1956, 28351000, 69.1, 2486),
('MCO', 'Monaco', 'Europe', 1.50, 1861, 34000, 78.8, 2695),
('MDA', 'Moldova', 'Europe', 33851.00, 1991, 4380000, 64.5, 2690),
('MDG', 'Madagascar', 'Africa', 587041.00, 1960, 15942000, 55.0, 2455),
('MDV', 'Maldives', 'Asia', 298.00, 1965, 286000, 62.2, 2463),
('MEX', 'Mexico', 'North America', 1958201.00, 1810, 98881000, 71.5, 2515),
('MHL', 'Marshall Islands', 'Oceania', 181.00, 1990, 64000, 65.5, 2507),
('MKD', 'Macedonia', 'Europe', 25713.00, 1991, 2024000, 73.8, 2460),
('MLI', 'Mali', 'Africa', 1240192.00, 1960, 11234000, 46.7, 2482),
('MLT', 'Malta', 'Europe', 316.00, 1964, 380200, 77.9, 2484),
('MMR', 'Myanmar', 'Asia', 676578.00, 1948, 45611000, 54.9, 2710),
('MNG', 'Mongolia', 'Asia', 1566500.00, 1921, 2662000, 67.3, 2696),
('MNP', 'Northern Mariana Islands', 'Oceania', 464.00, NULL, 78000, 75.5, 2913),
('MOZ', 'Mozambique', 'Africa', 801590.00, 1975, 19680000, 37.5, 2698),
('MRT', 'Mauritania', 'Africa', 1025520.00, 1960, 2670000, 50.8, 2509),
('MSR', 'Montserrat', 'North America', 102.00, NULL, 11000, 78.0, 2697),
('MTQ', 'Martinique', 'North America', 1102.00, NULL, 395000, 78.3, 2508),
('MUS', 'Mauritius', 'Africa', 2040.00, 1968, 1158000, 71.0, 2511),
('MWI', 'Malawi', 'Africa', 118484.00, 1964, 10925000, 37.6, 2462),
('MYS', 'Malaysia', 'Asia', 329758.00, 1957, 22244000, 70.8, 2464),
('MYT', 'Mayotte', 'Africa', 373.00, NULL, 149000, 59.5, 2514),
('NAM', 'Namibia', 'Africa', 824292.00, 1990, 1726000, 42.5, 2726),
('NCL', 'New Caledonia', 'Oceania', 18575.00, NULL, 214000, 72.8, 3493),
('NER', 'Niger', 'Africa', 1267000.00, 1960, 10730000, 41.3, 2738),
('NFK', 'Norfolk Island', 'Oceania', 36.00, NULL, 2000, NULL, 2806),
('NGA', 'Nigeria', 'Africa', 923768.00, 1960, 111506000, 51.6, 2754),
('NIC', 'Nicaragua', 'North America', 130000.00, 1838, 5074000, 68.7, 2734),
('NIU', 'Niue', 'Oceania', 260.00, NULL, 2000, NULL, 2805),
('NLD', 'Netherlands', 'Europe', 41526.00, 1581, 15864000, 78.3, 5),
('NOR', 'Norway', 'Europe', 323877.00, 1905, 4478500, 78.7, 2807),
('NPL', 'Nepal', 'Asia', 147181.00, 1769, 23930000, 57.8, 2729),
('NRU', 'Nauru', 'Oceania', 21.00, 1968, 12000, 60.8, 2728),
('NZL', 'New Zealand', 'Oceania', 270534.00, 1907, 3862000, 77.8, 3499),
('OMN', 'Oman', 'Asia', 309500.00, 1951, 2542000, 71.8, 2821),
('PAK', 'Pakistan', 'Asia', 796095.00, 1947, 156483000, 61.1, 2831),
('PAN', 'Panama', 'North America', 75517.00, 1903, 2856000, 75.5, 2882),
('PCN', 'Pitcairn', 'Oceania', 49.00, NULL, 50, NULL, 2912),
('PER', 'Peru', 'South America', 1285216.00, 1821, 25662000, 70.0, 2890),
('PHL', 'Philippines', 'Asia', 300000.00, 1946, 75967000, 67.5, 766),
('PLW', 'Palau', 'Oceania', 459.00, 1994, 19000, 68.6, 2881),
('PNG', 'Papua New Guinea', 'Oceania', 462840.00, 1975, 4807000, 63.1, 2884),
('POL', 'Poland', 'Europe', 323250.00, 1918, 38653600, 73.2, 2928),
('PRI', 'Puerto Rico', 'North America', 8875.00, NULL, 3869000, 75.6, 2919),
('PRK', 'North Korea', 'Asia', 120538.00, 1948, 24039000, 70.7, 2318),
('PRT', 'Portugal', 'Europe', 91982.00, 1143, 9997600, 75.8, 2914),
('PRY', 'Paraguay', 'South America', 406752.00, 1811, 5496000, 73.7, 2885),
('PSE', 'Palestine', 'Asia', 6257.00, NULL, 3101000, 71.4, 4074),
('PYF', 'French Polynesia', 'Oceania', 4000.00, NULL, 235000, 74.8, 3016),
('QAT', 'Qatar', 'Asia', 11000.00, 1971, 599000, 72.4, 2973),
('REU', 'Réunion', 'Africa', 2510.00, NULL, 699000, 72.7, 3017),
('ROM', 'Romania', 'Europe', 238391.00, 1878, 22455500, 69.9, 3018),
('RUS', 'Russian Federation', 'Europe', 17075400.00, 1991, 146934000, 67.2, 3580),
('RWA', 'Rwanda', 'Africa', 26338.00, 1962, 7733000, 39.3, 3047),
('SAU', 'Saudi Arabia', 'Asia', 2149690.00, 1932, 21607000, 67.8, 3173),
('SDN', 'Sudan', 'Africa', 2505813.00, 1956, 29490000, 56.6, 3225),
('SEN', 'Senegal', 'Africa', 196722.00, 1960, 9481000, 62.2, 3198),
('SGP', 'Singapore', 'Asia', 618.00, 1965, 3567000, 80.1, 3208),
('SGS', 'South Georgia and the South Sandwich Islands', 'Antarctica', 3903.00, NULL, 0, NULL, NULL),
('SHN', 'Saint Helena', 'Africa', 314.00, NULL, 6000, 76.8, 3063),
('SJM', 'Svalbard and Jan Mayen', 'Europe', 62422.00, NULL, 3200, NULL, 938),
('SLB', 'Solomon Islands', 'Oceania', 28896.00, 1978, 444000, 71.3, 3161),
('SLE', 'Sierra Leone', 'Africa', 71740.00, 1961, 4854000, 45.3, 3207),
('SLV', 'El Salvador', 'North America', 21041.00, 1841, 6276000, 69.7, 645),
('SMR', 'San Marino', 'Europe', 61.00, 885, 27000, 81.1, 3171),
('SOM', 'Somalia', 'Africa', 637657.00, 1960, 10097000, 46.2, 3214),
('SPM', 'Saint Pierre and Miquelon', 'North America', 242.00, NULL, 7000, 77.6, 3067),
('STP', 'Sao Tome and Principe', 'Africa', 964.00, 1975, 147000, 65.3, 3172),
('SUR', 'Suriname', 'South America', 163265.00, 1975, 417000, 71.4, 3243),
('SVK', 'Slovakia', 'Europe', 49012.00, 1993, 5398700, 73.7, 3209),
('SVN', 'Slovenia', 'Europe', 20256.00, 1991, 1987800, 74.9, 3212),
('SWE', 'Sweden', 'Europe', 449964.00, 836, 8861400, 79.6, 3048),
('SWZ', 'Swaziland', 'Africa', 17364.00, 1968, 1008000, 40.4, 3244),
('SYC', 'Seychelles', 'Africa', 455.00, 1976, 77000, 70.4, 3206),
('SYR', 'Syria', 'Asia', 185180.00, 1941, 16125000, 68.5, 3250),
('TCA', 'Turks and Caicos Islands', 'North America', 430.00, NULL, 17000, 73.3, 3423),
('TCD', 'Chad', 'Africa', 1284000.00, 1960, 7651000, 50.5, 3337),
('TGO', 'Togo', 'Africa', 56785.00, 1960, 4629000, 54.7, 3332),
('THA', 'Thailand', 'Asia', 513115.00, 1350, 61399000, 68.6, 3320),
('TJK', 'Tajikistan', 'Asia', 143100.00, 1991, 6188000, 64.1, 3261),
('TKL', 'Tokelau', 'Oceania', 12.00, NULL, 2000, NULL, 3333),
('TKM', 'Turkmenistan', 'Asia', 488100.00, 1991, 4459000, 60.9, 3419),
('TMP', 'East Timor', 'Asia', 14874.00, NULL, 885000, 46.0, 1522),
('TON', 'Tonga', 'Oceania', 650.00, 1970, 99000, 67.9, 3334),
('TTO', 'Trinidad and Tobago', 'North America', 5130.00, 1962, 1295000, 68.0, 3336),
('TUN', 'Tunisia', 'Africa', 163610.00, 1956, 9586000, 73.7, 3349),
('TUR', 'Turkey', 'Asia', 774815.00, 1923, 66591000, 71.0, 3358),
('TUV', 'Tuvalu', 'Oceania', 26.00, 1978, 12000, 66.3, 3424),
('TWN', 'Taiwan', 'Asia', 36188.00, 1945, 22256000, 76.4, 3263),
('TZA', 'Tanzania', 'Africa', 883749.00, 1961, 33517000, 52.3, 3306),
('UGA', 'Uganda', 'Africa', 241038.00, 1962, 21778000, 42.9, 3425),
('UKR', 'Ukraine', 'Europe', 603700.00, 1991, 50456000, 66.0, 3426),
('UMI', 'United States Minor Outlying Islands', 'Oceania', 16.00, NULL, 0, NULL, NULL),
('URY', 'Uruguay', 'South America', 175016.00, 1828, 3337000, 75.2, 3492),
('USA', 'United States', 'North America', 9363520.00, 1776, 278357000, 77.1, 3813),
('UZB', 'Uzbekistan', 'Asia', 447400.00, 1991, 24318000, 63.7, 3503),
('VAT', 'Holy See (Vatican City State)', 'Europe', 0.40, 1929, 1000, NULL, 3538),
('VCT', 'Saint Vincent and the Grenadines', 'North America', 388.00, 1979, 114000, 72.3, 3066),
('VEN', 'Venezuela', 'South America', 912050.00, 1811, 24170000, 73.1, 3539),
('VGB', 'Virgin Islands, British', 'North America', 151.00, NULL, 21000, 75.4, 537),
('VIR', 'Virgin Islands, U.S.', 'North America', 347.00, NULL, 93000, 78.1, 4067),
('VNM', 'Vietnam', 'Asia', 331689.00, 1945, 79832000, 69.3, 3770),
('VUT', 'Vanuatu', 'Oceania', 12189.00, 1980, 190000, 60.6, 3537),
('WLF', 'Wallis and Futuna', 'Oceania', 200.00, NULL, 15000, NULL, 3536),
('WSM', 'Samoa', 'Oceania', 2831.00, 1962, 180000, 69.2, 3169),
('YEM', 'Yemen', 'Asia', 527968.00, 1918, 18112000, 59.8, 1780),
('YUG', 'Yugoslavia', 'Europe', 102173.00, 1918, 10640000, 72.4, 1792),
('ZAF', 'South Africa', 'Africa', 1221037.00, 1910, 40377000, 51.1, 716),
('ZMB', 'Zambia', 'Africa', 752618.00, 1964, 9169000, 37.2, 3162),
('ZWE', 'Zimbabwe', 'Africa', 390757.00, 1980, 11669000, 37.8, 4068);

-- --------------------------------------------------------

--
-- Estructura de tabla para la tabla `countrylanguage`
--

CREATE TABLE `countrylanguage` (
  `CountryCode` char(3) NOT NULL DEFAULT '',
  `Language` char(30) NOT NULL DEFAULT '',
  `IsOfficial` enum('T','F') NOT NULL DEFAULT 'F',
  `Percentage` float(4,1) NOT NULL DEFAULT 0.0
) ENGINE=InnoDB DEFAULT CHARSET=latin1;

--
-- Volcado de datos para la tabla `countrylanguage`
--

INSERT INTO `countrylanguage` (`CountryCode`, `Language`, `IsOfficial`, `Percentage`) VALUES
('ABW', 'Dutch', 'T', 5.3),
('ABW', 'English', 'F', 9.5),
('ABW', 'Papiamento', 'F', 76.7),
('ABW', 'Spanish', 'F', 7.4),
('AFG', 'Balochi', 'F', 0.9),
('AFG', 'Dari', 'T', 32.1),
('AFG', 'Pashto', 'T', 52.4),
('AFG', 'Turkmenian', 'F', 1.9),
('AFG', 'Uzbek', 'F', 8.8),
('AGO', 'Ambo', 'F', 2.4),
('AGO', 'Chokwe', 'F', 4.2),
('AGO', 'Kongo', 'F', 13.2),
('AGO', 'Luchazi', 'F', 2.4),
('AGO', 'Luimbe-nganguela', 'F', 5.4),
('AGO', 'Luvale', 'F', 3.6),
('AGO', 'Mbundu', 'F', 21.6),
('AGO', 'Nyaneka-nkhumbi', 'F', 5.4),
('AGO', 'Ovimbundu', 'F', 37.2),
('AIA', 'English', 'T', 0.0),
('ALB', 'Albaniana', 'T', 97.9),
('ALB', 'Greek', 'F', 1.8),
('ALB', 'Macedonian', 'F', 0.1),
('AND', 'Catalan', 'T', 32.3),
('AND', 'French', 'F', 6.2),
('AND', 'Portuguese', 'F', 10.8),
('AND', 'Spanish', 'F', 44.6),
('ANT', 'Dutch', 'T', 0.0),
('ANT', 'English', 'F', 7.8),
('ANT', 'Papiamento', 'T', 86.2),
('ARE', 'Arabic', 'T', 42.0),
('ARE', 'Hindi', 'F', 0.0),
('ARG', 'Indian Languages', 'F', 0.3),
('ARG', 'Italian', 'F', 1.7),
('ARG', 'Spanish', 'T', 96.8),
('ARM', 'Armenian', 'T', 93.4),
('ARM', 'Azerbaijani', 'F', 2.6),
('ASM', 'English', 'T', 3.1),
('ASM', 'Samoan', 'T', 90.6),
('ASM', 'Tongan', 'F', 3.1),
('ATG', 'Creole English', 'F', 95.7),
('ATG', 'English', 'T', 0.0),
('AUS', 'Arabic', 'F', 1.0),
('AUS', 'Canton Chinese', 'F', 1.1),
('AUS', 'English', 'T', 81.2),
('AUS', 'German', 'F', 0.6),
('AUS', 'Greek', 'F', 1.6),
('AUS', 'Italian', 'F', 2.2),
('AUS', 'Serbo-Croatian', 'F', 0.6),
('AUS', 'Vietnamese', 'F', 0.8),
('AUT', 'Czech', 'F', 0.2),
('AUT', 'German', 'T', 92.0),
('AUT', 'Hungarian', 'F', 0.4),
('AUT', 'Polish', 'F', 0.2),
('AUT', 'Romanian', 'F', 0.2),
('AUT', 'Serbo-Croatian', 'F', 2.2),
('AUT', 'Slovene', 'F', 0.4),
('AUT', 'Turkish', 'F', 1.5),
('AZE', 'Armenian', 'F', 2.0),
('AZE', 'Azerbaijani', 'T', 89.0),
('AZE', 'Lezgian', 'F', 2.3),
('AZE', 'Russian', 'F', 3.0),
('BDI', 'French', 'T', 0.0),
('BDI', 'Kirundi', 'T', 98.1),
('BDI', 'Swahili', 'F', 0.0),
('BEL', 'Arabic', 'F', 1.6),
('BEL', 'Dutch', 'T', 59.2),
('BEL', 'French', 'T', 32.6),
('BEL', 'German', 'T', 1.0),
('BEL', 'Italian', 'F', 2.4),
('BEL', 'Turkish', 'F', 0.9),
('BEN', 'Adja', 'F', 11.1),
('BEN', 'Aizo', 'F', 8.7),
('BEN', 'Bariba', 'F', 8.7),
('BEN', 'Fon', 'F', 39.8),
('BEN', 'Ful', 'F', 5.6),
('BEN', 'Joruba', 'F', 12.2),
('BEN', 'Somba', 'F', 6.7),
('BFA', 'Busansi', 'F', 3.5),
('BFA', 'Dagara', 'F', 3.1),
('BFA', 'Dyula', 'F', 2.6),
('BFA', 'Ful', 'F', 9.7),
('BFA', 'Gurma', 'F', 5.7),
('BFA', 'Mossi', 'F', 50.2),
('BGD', 'Bengali', 'T', 97.7),
('BGD', 'Chakma', 'F', 0.4),
('BGD', 'Garo', 'F', 0.1),
('BGD', 'Khasi', 'F', 0.1),
('BGD', 'Marma', 'F', 0.2),
('BGD', 'Santhali', 'F', 0.1),
('BGD', 'Tripuri', 'F', 0.1),
('BGR', 'Bulgariana', 'T', 83.2),
('BGR', 'Macedonian', 'F', 2.6),
('BGR', 'Romani', 'F', 3.7),
('BGR', 'Turkish', 'F', 9.4),
('BHR', 'Arabic', 'T', 67.7),
('BHR', 'English', 'F', 0.0),
('BHS', 'Creole English', 'F', 89.7),
('BHS', 'Creole French', 'F', 10.3),
('BIH', 'Serbo-Croatian', 'T', 99.2),
('BLR', 'Belorussian', 'T', 65.6),
('BLR', 'Polish', 'F', 0.6),
('BLR', 'Russian', 'T', 32.0),
('BLR', 'Ukrainian', 'F', 1.3),
('BLZ', 'English', 'T', 50.8),
('BLZ', 'Garifuna', 'F', 6.8),
('BLZ', 'Maya Languages', 'F', 9.6),
('BLZ', 'Spanish', 'F', 31.6),
('BMU', 'English', 'T', 100.0),
('BOL', 'Aimará', 'T', 3.2),
('BOL', 'Guaraní', 'F', 0.1),
('BOL', 'Ketšua', 'T', 8.1),
('BOL', 'Spanish', 'T', 87.7),
('BRA', 'German', 'F', 0.5),
('BRA', 'Indian Languages', 'F', 0.2),
('BRA', 'Italian', 'F', 0.4),
('BRA', 'Japanese', 'F', 0.4),
('BRA', 'Portuguese', 'T', 97.5),
('BRB', 'Bajan', 'F', 95.1),
('BRB', 'English', 'T', 0.0),
('BRN', 'Chinese', 'F', 9.3),
('BRN', 'English', 'F', 3.1),
('BRN', 'Malay', 'T', 45.5),
('BRN', 'Malay-English', 'F', 28.8),
('BTN', 'Asami', 'F', 15.2),
('BTN', 'Dzongkha', 'T', 50.0),
('BTN', 'Nepali', 'F', 34.8),
('BWA', 'Khoekhoe', 'F', 2.5),
('BWA', 'Ndebele', 'F', 1.3),
('BWA', 'San', 'F', 3.5),
('BWA', 'Shona', 'F', 12.3),
('BWA', 'Tswana', 'F', 75.5),
('CAF', 'Banda', 'F', 23.5),
('CAF', 'Gbaya', 'F', 23.8),
('CAF', 'Mandjia', 'F', 14.8),
('CAF', 'Mbum', 'F', 6.4),
('CAF', 'Ngbaka', 'F', 7.5),
('CAF', 'Sara', 'F', 6.4),
('CAN', 'Chinese', 'F', 2.5),
('CAN', 'Dutch', 'F', 0.5),
('CAN', 'English', 'T', 60.4),
('CAN', 'Eskimo Languages', 'F', 0.1),
('CAN', 'French', 'T', 23.4),
('CAN', 'German', 'F', 1.6),
('CAN', 'Italian', 'F', 1.7),
('CAN', 'Polish', 'F', 0.7),
('CAN', 'Portuguese', 'F', 0.7),
('CAN', 'Punjabi', 'F', 0.7),
('CAN', 'Spanish', 'F', 0.7),
('CAN', 'Ukrainian', 'F', 0.6),
('CCK', 'English', 'T', 0.0),
('CCK', 'Malay', 'F', 0.0),
('CHE', 'French', 'T', 19.2),
('CHE', 'German', 'T', 63.6),
('CHE', 'Italian', 'T', 7.7),
('CHE', 'Romansh', 'T', 0.6),
('CHL', 'Aimará', 'F', 0.5),
('CHL', 'Araucan', 'F', 9.6),
('CHL', 'Rapa nui', 'F', 0.2),
('CHL', 'Spanish', 'T', 89.7),
('CHN', 'Chinese', 'T', 92.0),
('CHN', 'Dong', 'F', 0.2),
('CHN', 'Hui', 'F', 0.8),
('CHN', 'Mantšu', 'F', 0.9),
('CHN', 'Miao', 'F', 0.7),
('CHN', 'Mongolian', 'F', 0.4),
('CHN', 'Puyi', 'F', 0.2),
('CHN', 'Tibetan', 'F', 0.4),
('CHN', 'Tujia', 'F', 0.5),
('CHN', 'Uighur', 'F', 0.6),
('CHN', 'Yi', 'F', 0.6),
('CHN', 'Zhuang', 'F', 1.4),
('CIV', 'Akan', 'F', 30.0),
('CIV', 'Gur', 'F', 11.7),
('CIV', 'Kru', 'F', 10.5),
('CIV', 'Malinke', 'F', 11.4),
('CIV', '[South]Mande', 'F', 7.7),
('CMR', 'Bamileke-bamum', 'F', 18.6),
('CMR', 'Duala', 'F', 10.9),
('CMR', 'Fang', 'F', 19.7),
('CMR', 'Ful', 'F', 9.6),
('CMR', 'Maka', 'F', 4.9),
('CMR', 'Mandara', 'F', 5.7),
('CMR', 'Masana', 'F', 3.9),
('CMR', 'Tikar', 'F', 7.4),
('COD', 'Boa', 'F', 2.3),
('COD', 'Chokwe', 'F', 1.8),
('COD', 'Kongo', 'F', 16.0),
('COD', 'Luba', 'F', 18.0),
('COD', 'Mongo', 'F', 13.5),
('COD', 'Ngala and Bangi', 'F', 5.8),
('COD', 'Rundi', 'F', 3.8),
('COD', 'Rwanda', 'F', 10.3),
('COD', 'Teke', 'F', 2.7),
('COD', 'Zande', 'F', 6.1),
('COG', 'Kongo', 'F', 51.5),
('COG', 'Mbete', 'F', 4.8),
('COG', 'Mboshi', 'F', 11.4),
('COG', 'Punu', 'F', 2.9),
('COG', 'Sango', 'F', 2.6),
('COG', 'Teke', 'F', 17.3),
('COK', 'English', 'F', 0.0),
('COK', 'Maori', 'T', 0.0),
('COL', 'Arawakan', 'F', 0.1),
('COL', 'Caribbean', 'F', 0.1),
('COL', 'Chibcha', 'F', 0.4),
('COL', 'Creole English', 'F', 0.1),
('COL', 'Spanish', 'T', 99.0),
('COM', 'Comorian', 'T', 75.0),
('COM', 'Comorian-Arabic', 'F', 1.6),
('COM', 'Comorian-French', 'F', 12.9),
('COM', 'Comorian-madagassi', 'F', 5.5),
('COM', 'Comorian-Swahili', 'F', 0.5),
('CPV', 'Crioulo', 'F', 100.0),
('CPV', 'Portuguese', 'T', 0.0),
('CRI', 'Chibcha', 'F', 0.3),
('CRI', 'Chinese', 'F', 0.2),
('CRI', 'Creole English', 'F', 2.0),
('CRI', 'Spanish', 'T', 97.5),
('CUB', 'Spanish', 'T', 100.0),
('CXR', 'Chinese', 'F', 0.0),
('CXR', 'English', 'T', 0.0),
('CYM', 'English', 'T', 0.0),
('CYP', 'Greek', 'T', 74.1),
('CYP', 'Turkish', 'T', 22.4),
('CZE', 'Czech', 'T', 81.2),
('CZE', 'German', 'F', 0.5),
('CZE', 'Hungarian', 'F', 0.2),
('CZE', 'Moravian', 'F', 12.9),
('CZE', 'Polish', 'F', 0.6),
('CZE', 'Romani', 'F', 0.3),
('CZE', 'Silesiana', 'F', 0.4),
('CZE', 'Slovak', 'F', 3.1),
('DEU', 'German', 'T', 91.3),
('DEU', 'Greek', 'F', 0.4),
('DEU', 'Italian', 'F', 0.7),
('DEU', 'Polish', 'F', 0.3),
('DEU', 'Southern Slavic Languages', 'F', 1.4),
('DEU', 'Turkish', 'F', 2.6),
('DJI', 'Afar', 'F', 34.8),
('DJI', 'Arabic', 'T', 10.6),
('DJI', 'Somali', 'F', 43.9),
('DMA', 'Creole English', 'F', 100.0),
('DMA', 'Creole French', 'F', 0.0),
('DNK', 'Arabic', 'F', 0.7),
('DNK', 'Danish', 'T', 93.5),
('DNK', 'English', 'F', 0.3),
('DNK', 'German', 'F', 0.5),
('DNK', 'Norwegian', 'F', 0.3),
('DNK', 'Swedish', 'F', 0.3),
('DNK', 'Turkish', 'F', 0.8),
('DOM', 'Creole French', 'F', 2.0),
('DOM', 'Spanish', 'T', 98.0),
('DZA', 'Arabic', 'T', 86.0),
('DZA', 'Berberi', 'F', 14.0),
('ECU', 'Ketšua', 'F', 7.0),
('ECU', 'Spanish', 'T', 93.0),
('EGY', 'Arabic', 'T', 98.8),
('EGY', 'Sinaberberi', 'F', 0.0),
('ERI', 'Afar', 'F', 4.3),
('ERI', 'Bilin', 'F', 3.0),
('ERI', 'Hadareb', 'F', 3.8),
('ERI', 'Saho', 'F', 3.0),
('ERI', 'Tigre', 'F', 31.7),
('ERI', 'Tigrinja', 'T', 49.1),
('ESH', 'Arabic', 'T', 100.0),
('ESP', 'Basque', 'F', 1.6),
('ESP', 'Catalan', 'F', 16.9),
('ESP', 'Galecian', 'F', 6.4),
('ESP', 'Spanish', 'T', 74.4),
('EST', 'Belorussian', 'F', 1.4),
('EST', 'Estonian', 'T', 65.3),
('EST', 'Finnish', 'F', 0.7),
('EST', 'Russian', 'F', 27.8),
('EST', 'Ukrainian', 'F', 2.8),
('ETH', 'Amhara', 'F', 30.0),
('ETH', 'Gurage', 'F', 4.7),
('ETH', 'Oromo', 'F', 31.0),
('ETH', 'Sidamo', 'F', 3.2),
('ETH', 'Somali', 'F', 4.1),
('ETH', 'Tigrinja', 'F', 7.2),
('ETH', 'Walaita', 'F', 2.8),
('FIN', 'Estonian', 'F', 0.2),
('FIN', 'Finnish', 'T', 92.7),
('FIN', 'Russian', 'F', 0.4),
('FIN', 'Saame', 'F', 0.0),
('FIN', 'Swedish', 'T', 5.7),
('FJI', 'Fijian', 'T', 50.8),
('FJI', 'Hindi', 'F', 43.7),
('FLK', 'English', 'T', 0.0),
('FRA', 'Arabic', 'F', 2.5),
('FRA', 'French', 'T', 93.6),
('FRA', 'Italian', 'F', 0.4),
('FRA', 'Portuguese', 'F', 1.2),
('FRA', 'Spanish', 'F', 0.4),
('FRA', 'Turkish', 'F', 0.4),
('FRO', 'Danish', 'T', 0.0),
('FRO', 'Faroese', 'T', 100.0),
('FSM', 'Kosrean', 'F', 7.3),
('FSM', 'Mortlock', 'F', 7.6),
('FSM', 'Pohnpei', 'F', 23.8),
('FSM', 'Trukese', 'F', 41.6),
('FSM', 'Wolea', 'F', 3.7),
('FSM', 'Yap', 'F', 5.8),
('GAB', 'Fang', 'F', 35.8),
('GAB', 'Mbete', 'F', 13.8),
('GAB', 'Mpongwe', 'F', 14.6),
('GAB', 'Punu-sira-nzebi', 'F', 17.1),
('GBR', 'English', 'T', 97.3),
('GBR', 'Gaeli', 'F', 0.1),
('GBR', 'Kymri', 'F', 0.9),
('GEO', 'Abhyasi', 'F', 1.7),
('GEO', 'Armenian', 'F', 6.8),
('GEO', 'Azerbaijani', 'F', 5.5),
('GEO', 'Georgiana', 'T', 71.7),
('GEO', 'Osseetti', 'F', 2.4),
('GEO', 'Russian', 'F', 8.8),
('GHA', 'Akan', 'F', 52.4),
('GHA', 'Ewe', 'F', 11.9),
('GHA', 'Ga-adangme', 'F', 7.8),
('GHA', 'Gurma', 'F', 3.3),
('GHA', 'Joruba', 'F', 1.3),
('GHA', 'Mossi', 'F', 15.8),
('GIB', 'Arabic', 'F', 7.4),
('GIB', 'English', 'T', 88.9),
('GIN', 'Ful', 'F', 38.6),
('GIN', 'Kissi', 'F', 6.0),
('GIN', 'Kpelle', 'F', 4.6),
('GIN', 'Loma', 'F', 2.3),
('GIN', 'Malinke', 'F', 23.2),
('GIN', 'Susu', 'F', 11.0),
('GIN', 'Yalunka', 'F', 2.9),
('GLP', 'Creole French', 'F', 95.0),
('GLP', 'French', 'T', 0.0),
('GMB', 'Diola', 'F', 9.2),
('GMB', 'Ful', 'F', 16.2),
('GMB', 'Malinke', 'F', 34.1),
('GMB', 'Soninke', 'F', 7.6),
('GMB', 'Wolof', 'F', 12.6),
('GNB', 'Balante', 'F', 14.6),
('GNB', 'Crioulo', 'F', 36.4),
('GNB', 'Ful', 'F', 16.6),
('GNB', 'Malinke', 'F', 6.9),
('GNB', 'Mandyako', 'F', 4.9),
('GNB', 'Portuguese', 'T', 8.1),
('GNQ', 'Bubi', 'F', 8.7),
('GNQ', 'Fang', 'F', 84.8),
('GRC', 'Greek', 'T', 98.5),
('GRC', 'Turkish', 'F', 0.9),
('GRD', 'Creole English', 'F', 100.0),
('GRL', 'Danish', 'T', 12.5),
('GRL', 'Greenlandic', 'T', 87.5),
('GTM', 'Cakchiquel', 'F', 8.9),
('GTM', 'Kekchí', 'F', 4.9),
('GTM', 'Mam', 'F', 2.7),
('GTM', 'Quiché', 'F', 10.1),
('GTM', 'Spanish', 'T', 64.7),
('GUF', 'Creole French', 'F', 94.3),
('GUF', 'Indian Languages', 'F', 1.9),
('GUM', 'Chamorro', 'T', 29.6),
('GUM', 'English', 'T', 37.5),
('GUM', 'Japanese', 'F', 2.0),
('GUM', 'Korean', 'F', 3.3),
('GUM', 'Philippene Languages', 'F', 19.7),
('GUY', 'Arawakan', 'F', 1.4),
('GUY', 'Caribbean', 'F', 2.2),
('GUY', 'Creole English', 'F', 96.4),
('HKG', 'Canton Chinese', 'F', 88.7),
('HKG', 'Chiu chau', 'F', 1.4),
('HKG', 'English', 'T', 2.2),
('HKG', 'Fukien', 'F', 1.9),
('HKG', 'Hakka', 'F', 1.6),
('HND', 'Creole English', 'F', 0.2),
('HND', 'Garifuna', 'F', 1.3),
('HND', 'Miskito', 'F', 0.2),
('HND', 'Spanish', 'T', 97.2),
('HRV', 'Serbo-Croatian', 'T', 95.9),
('HRV', 'Slovene', 'F', 0.0),
('HTI', 'French', 'T', 0.0),
('HTI', 'Haiti Creole', 'F', 100.0),
('HUN', 'German', 'F', 0.4),
('HUN', 'Hungarian', 'T', 98.5),
('HUN', 'Romani', 'F', 0.5),
('HUN', 'Romanian', 'F', 0.1),
('HUN', 'Serbo-Croatian', 'F', 0.2),
('HUN', 'Slovak', 'F', 0.1),
('IDN', 'Bali', 'F', 1.7),
('IDN', 'Banja', 'F', 1.8),
('IDN', 'Batakki', 'F', 2.2),
('IDN', 'Bugi', 'F', 2.2),
('IDN', 'Javanese', 'F', 39.4),
('IDN', 'Madura', 'F', 4.3),
('IDN', 'Malay', 'T', 12.1),
('IDN', 'Minangkabau', 'F', 2.4),
('IDN', 'Sunda', 'F', 15.8),
('IND', 'Asami', 'F', 1.5),
('IND', 'Bengali', 'F', 8.2),
('IND', 'Gujarati', 'F', 4.8),
('IND', 'Hindi', 'T', 39.9),
('IND', 'Kannada', 'F', 3.9),
('IND', 'Malajalam', 'F', 3.6),
('IND', 'Marathi', 'F', 7.4),
('IND', 'Orija', 'F', 3.3),
('IND', 'Punjabi', 'F', 2.8),
('IND', 'Tamil', 'F', 6.3),
('IND', 'Telugu', 'F', 7.8),
('IND', 'Urdu', 'F', 5.1),
('IRL', 'English', 'T', 98.4),
('IRL', 'Irish', 'T', 1.6),
('IRN', 'Arabic', 'F', 2.2),
('IRN', 'Azerbaijani', 'F', 16.8),
('IRN', 'Bakhtyari', 'F', 1.7),
('IRN', 'Balochi', 'F', 2.3),
('IRN', 'Gilaki', 'F', 5.3),
('IRN', 'Kurdish', 'F', 9.1),
('IRN', 'Luri', 'F', 4.3),
('IRN', 'Mazandarani', 'F', 3.6),
('IRN', 'Persian', 'T', 45.7),
('IRN', 'Turkmenian', 'F', 1.6),
('IRQ', 'Arabic', 'T', 77.2),
('IRQ', 'Assyrian', 'F', 0.8),
('IRQ', 'Azerbaijani', 'F', 1.7),
('IRQ', 'Kurdish', 'F', 19.0),
('IRQ', 'Persian', 'F', 0.8),
('ISL', 'English', 'F', 0.0),
('ISL', 'Icelandic', 'T', 95.7),
('ISR', 'Arabic', 'T', 18.0),
('ISR', 'Hebrew', 'T', 63.1),
('ISR', 'Russian', 'F', 8.9),
('ITA', 'Albaniana', 'F', 0.2),
('ITA', 'French', 'F', 0.5),
('ITA', 'Friuli', 'F', 1.2),
('ITA', 'German', 'F', 0.5),
('ITA', 'Italian', 'T', 94.1),
('ITA', 'Romani', 'F', 0.2),
('ITA', 'Sardinian', 'F', 2.7),
('ITA', 'Slovene', 'F', 0.2),
('JAM', 'Creole English', 'F', 94.2),
('JAM', 'Hindi', 'F', 1.9),
('JOR', 'Arabic', 'T', 97.9),
('JOR', 'Armenian', 'F', 1.0),
('JOR', 'Circassian', 'F', 1.0),
('JPN', 'Ainu', 'F', 0.0),
('JPN', 'Chinese', 'F', 0.2),
('JPN', 'English', 'F', 0.1),
('JPN', 'Japanese', 'T', 99.1),
('JPN', 'Korean', 'F', 0.5),
('JPN', 'Philippene Languages', 'F', 0.1),
('KAZ', 'German', 'F', 3.1),
('KAZ', 'Kazakh', 'T', 46.0),
('KAZ', 'Russian', 'F', 34.7),
('KAZ', 'Tatar', 'F', 2.0),
('KAZ', 'Ukrainian', 'F', 5.0),
('KAZ', 'Uzbek', 'F', 2.3),
('KEN', 'Gusii', 'F', 6.1),
('KEN', 'Kalenjin', 'F', 10.8),
('KEN', 'Kamba', 'F', 11.2),
('KEN', 'Kikuyu', 'F', 20.9),
('KEN', 'Luhya', 'F', 13.8),
('KEN', 'Luo', 'F', 12.8),
('KEN', 'Masai', 'F', 1.6),
('KEN', 'Meru', 'F', 5.5),
('KEN', 'Nyika', 'F', 4.8),
('KEN', 'Turkana', 'F', 1.4),
('KGZ', 'Kazakh', 'F', 0.8),
('KGZ', 'Kirgiz', 'T', 59.7),
('KGZ', 'Russian', 'T', 16.2),
('KGZ', 'Tadzhik', 'F', 0.8),
('KGZ', 'Tatar', 'F', 1.3),
('KGZ', 'Ukrainian', 'F', 1.7),
('KGZ', 'Uzbek', 'F', 14.1),
('KHM', 'Chinese', 'F', 3.1),
('KHM', 'Khmer', 'T', 88.6),
('KHM', 'Tšam', 'F', 2.4),
('KHM', 'Vietnamese', 'F', 5.5),
('KIR', 'Kiribati', 'T', 98.9),
('KIR', 'Tuvalu', 'F', 0.5),
('KNA', 'Creole English', 'F', 100.0),
('KNA', 'English', 'T', 0.0),
('KOR', 'Chinese', 'F', 0.1),
('KOR', 'Korean', 'T', 99.9),
('KWT', 'Arabic', 'T', 78.1),
('KWT', 'English', 'F', 0.0),
('LAO', 'Lao', 'T', 67.2),
('LAO', 'Lao-Soung', 'F', 5.2),
('LAO', 'Mon-khmer', 'F', 16.5),
('LAO', 'Thai', 'F', 7.8),
('LBN', 'Arabic', 'T', 93.0),
('LBN', 'Armenian', 'F', 5.9),
('LBN', 'French', 'F', 0.0),
('LBR', 'Bassa', 'F', 13.7),
('LBR', 'Gio', 'F', 7.9),
('LBR', 'Grebo', 'F', 8.9),
('LBR', 'Kpelle', 'F', 19.5),
('LBR', 'Kru', 'F', 7.2),
('LBR', 'Loma', 'F', 5.8),
('LBR', 'Malinke', 'F', 5.1),
('LBR', 'Mano', 'F', 7.2),
('LBY', 'Arabic', 'T', 96.0),
('LBY', 'Berberi', 'F', 1.0),
('LCA', 'Creole French', 'F', 80.0),
('LCA', 'English', 'T', 20.0),
('LIE', 'German', 'T', 89.0),
('LIE', 'Italian', 'F', 2.5),
('LIE', 'Turkish', 'F', 2.5),
('LKA', 'Mixed Languages', 'F', 19.6),
('LKA', 'Singali', 'T', 60.3),
('LKA', 'Tamil', 'T', 19.6),
('LSO', 'English', 'T', 0.0),
('LSO', 'Sotho', 'T', 85.0),
('LSO', 'Zulu', 'F', 15.0),
('LTU', 'Belorussian', 'F', 1.4),
('LTU', 'Lithuanian', 'T', 81.6),
('LTU', 'Polish', 'F', 7.0),
('LTU', 'Russian', 'F', 8.1),
('LTU', 'Ukrainian', 'F', 1.1),
('LUX', 'French', 'T', 4.2),
('LUX', 'German', 'T', 2.3),
('LUX', 'Italian', 'F', 4.6),
('LUX', 'Luxembourgish', 'T', 64.4),
('LUX', 'Portuguese', 'F', 13.0),
('LVA', 'Belorussian', 'F', 4.1),
('LVA', 'Latvian', 'T', 55.1),
('LVA', 'Lithuanian', 'F', 1.2),
('LVA', 'Polish', 'F', 2.1),
('LVA', 'Russian', 'F', 32.5),
('LVA', 'Ukrainian', 'F', 2.9),
('MAC', 'Canton Chinese', 'F', 85.6),
('MAC', 'English', 'F', 0.5),
('MAC', 'Mandarin Chinese', 'F', 1.2),
('MAC', 'Portuguese', 'T', 2.3),
('MAR', 'Arabic', 'T', 65.0),
('MAR', 'Berberi', 'F', 33.0),
('MCO', 'English', 'F', 6.5),
('MCO', 'French', 'T', 41.9),
('MCO', 'Italian', 'F', 16.1),
('MCO', 'Monegasque', 'F', 16.1),
('MDA', 'Bulgariana', 'F', 1.6),
('MDA', 'Gagauzi', 'F', 3.2),
('MDA', 'Romanian', 'T', 61.9),
('MDA', 'Russian', 'F', 23.2),
('MDA', 'Ukrainian', 'F', 8.6),
('MDG', 'French', 'T', 0.0),
('MDG', 'Malagasy', 'T', 98.9),
('MDV', 'Dhivehi', 'T', 100.0),
('MDV', 'English', 'F', 0.0),
('MEX', 'Mixtec', 'F', 0.6),
('MEX', 'Náhuatl', 'F', 1.8),
('MEX', 'Otomí', 'F', 0.4),
('MEX', 'Spanish', 'T', 92.1),
('MEX', 'Yucatec', 'F', 1.1),
('MEX', 'Zapotec', 'F', 0.6),
('MHL', 'English', 'T', 0.0),
('MHL', 'Marshallese', 'T', 96.8),
('MKD', 'Albaniana', 'F', 22.9),
('MKD', 'Macedonian', 'T', 66.5),
('MKD', 'Romani', 'F', 2.3),
('MKD', 'Serbo-Croatian', 'F', 2.0),
('MKD', 'Turkish', 'F', 4.0),
('MLI', 'Bambara', 'F', 31.8),
('MLI', 'Ful', 'F', 13.9),
('MLI', 'Senufo and Minianka', 'F', 12.0),
('MLI', 'Songhai', 'F', 6.9),
('MLI', 'Soninke', 'F', 8.7),
('MLI', 'Tamashek', 'F', 7.3),
('MLT', 'English', 'T', 2.1),
('MLT', 'Maltese', 'T', 95.8),
('MMR', 'Burmese', 'T', 69.0),
('MMR', 'Chin', 'F', 2.2),
('MMR', 'Kachin', 'F', 1.4),
('MMR', 'Karen', 'F', 6.2),
('MMR', 'Kayah', 'F', 0.4),
('MMR', 'Mon', 'F', 2.4),
('MMR', 'Rakhine', 'F', 4.5),
('MMR', 'Shan', 'F', 8.5),
('MNG', 'Bajad', 'F', 1.9),
('MNG', 'Buryat', 'F', 1.7),
('MNG', 'Dariganga', 'F', 1.4),
('MNG', 'Dorbet', 'F', 2.7),
('MNG', 'Kazakh', 'F', 5.9),
('MNG', 'Mongolian', 'T', 78.8),
('MNP', 'Carolinian', 'F', 4.8),
('MNP', 'Chamorro', 'F', 30.0),
('MNP', 'Chinese', 'F', 7.1),
('MNP', 'English', 'T', 4.8),
('MNP', 'Korean', 'F', 6.5),
('MNP', 'Philippene Languages', 'F', 34.1),
('MOZ', 'Chuabo', 'F', 5.7),
('MOZ', 'Lomwe', 'F', 7.8),
('MOZ', 'Makua', 'F', 27.8),
('MOZ', 'Marendje', 'F', 3.5),
('MOZ', 'Nyanja', 'F', 3.3),
('MOZ', 'Ronga', 'F', 3.7),
('MOZ', 'Sena', 'F', 9.4),
('MOZ', 'Shona', 'F', 6.5),
('MOZ', 'Tsonga', 'F', 12.4),
('MOZ', 'Tswa', 'F', 6.0),
('MRT', 'Ful', 'F', 1.2),
('MRT', 'Hassaniya', 'F', 81.7),
('MRT', 'Soninke', 'F', 2.7),
('MRT', 'Tukulor', 'F', 5.4),
('MRT', 'Wolof', 'F', 6.6),
('MRT', 'Zenaga', 'F', 1.2),
('MSR', 'English', 'T', 0.0),
('MTQ', 'Creole French', 'F', 96.6),
('MTQ', 'French', 'T', 0.0),
('MUS', 'Bhojpuri', 'F', 21.1),
('MUS', 'Creole French', 'F', 70.6),
('MUS', 'French', 'F', 3.4),
('MUS', 'Hindi', 'F', 1.2),
('MUS', 'Marathi', 'F', 0.7),
('MUS', 'Tamil', 'F', 0.8),
('MWI', 'Chichewa', 'T', 58.3),
('MWI', 'Lomwe', 'F', 18.4),
('MWI', 'Ngoni', 'F', 6.7),
('MWI', 'Yao', 'F', 13.2),
('MYS', 'Chinese', 'F', 9.0),
('MYS', 'Dusun', 'F', 1.1),
('MYS', 'English', 'F', 1.6),
('MYS', 'Iban', 'F', 2.8),
('MYS', 'Malay', 'T', 58.4),
('MYS', 'Tamil', 'F', 3.9),
('MYT', 'French', 'T', 20.3),
('MYT', 'Mahoré', 'F', 41.9),
('MYT', 'Malagasy', 'F', 16.1),
('NAM', 'Afrikaans', 'F', 9.5),
('NAM', 'Caprivi', 'F', 4.7),
('NAM', 'German', 'F', 0.9),
('NAM', 'Herero', 'F', 8.0),
('NAM', 'Kavango', 'F', 9.7),
('NAM', 'Nama', 'F', 12.4),
('NAM', 'Ovambo', 'F', 50.7),
('NAM', 'San', 'F', 1.9),
('NCL', 'French', 'T', 34.3),
('NCL', 'Malenasian Languages', 'F', 45.4),
('NCL', 'Polynesian Languages', 'F', 11.6),
('NER', 'Ful', 'F', 9.7),
('NER', 'Hausa', 'F', 53.1),
('NER', 'Kanuri', 'F', 4.4),
('NER', 'Songhai-zerma', 'F', 21.2),
('NER', 'Tamashek', 'F', 10.4),
('NFK', 'English', 'T', 0.0),
('NGA', 'Bura', 'F', 1.6),
('NGA', 'Edo', 'F', 3.3),
('NGA', 'Ful', 'F', 11.3),
('NGA', 'Hausa', 'F', 21.1),
('NGA', 'Ibibio', 'F', 5.6),
('NGA', 'Ibo', 'F', 18.1),
('NGA', 'Ijo', 'F', 1.8),
('NGA', 'Joruba', 'F', 21.4),
('NGA', 'Kanuri', 'F', 4.1),
('NGA', 'Tiv', 'F', 2.3),
('NIC', 'Creole English', 'F', 0.5),
('NIC', 'Miskito', 'F', 1.6),
('NIC', 'Spanish', 'T', 97.6),
('NIC', 'Sumo', 'F', 0.2),
('NIU', 'English', 'T', 0.0),
('NIU', 'Niue', 'F', 0.0),
('NLD', 'Arabic', 'F', 0.9),
('NLD', 'Dutch', 'T', 95.6),
('NLD', 'Fries', 'F', 3.7),
('NLD', 'Turkish', 'F', 0.8),
('NOR', 'Danish', 'F', 0.4),
('NOR', 'English', 'F', 0.5),
('NOR', 'Norwegian', 'T', 96.6),
('NOR', 'Saame', 'F', 0.0),
('NOR', 'Swedish', 'F', 0.3),
('NPL', 'Bhojpuri', 'F', 7.5),
('NPL', 'Hindi', 'F', 3.0),
('NPL', 'Maithili', 'F', 11.9),
('NPL', 'Nepali', 'T', 50.4),
('NPL', 'Newari', 'F', 3.7),
('NPL', 'Tamang', 'F', 4.9),
('NPL', 'Tharu', 'F', 5.4),
('NRU', 'Chinese', 'F', 8.5),
('NRU', 'English', 'T', 7.5),
('NRU', 'Kiribati', 'F', 17.9),
('NRU', 'Nauru', 'T', 57.5),
('NRU', 'Tuvalu', 'F', 8.5),
('NZL', 'English', 'T', 87.0),
('NZL', 'Maori', 'F', 4.3),
('OMN', 'Arabic', 'T', 76.7),
('OMN', 'Balochi', 'F', 0.0),
('PAK', 'Balochi', 'F', 3.0),
('PAK', 'Brahui', 'F', 1.2),
('PAK', 'Hindko', 'F', 2.4),
('PAK', 'Pashto', 'F', 13.1),
('PAK', 'Punjabi', 'F', 48.2),
('PAK', 'Saraiki', 'F', 9.8),
('PAK', 'Sindhi', 'F', 11.8),
('PAK', 'Urdu', 'T', 7.6),
('PAN', 'Arabic', 'F', 0.6),
('PAN', 'Creole English', 'F', 14.0),
('PAN', 'Cuna', 'F', 2.0),
('PAN', 'Embera', 'F', 0.6),
('PAN', 'Guaymí', 'F', 5.3),
('PAN', 'Spanish', 'T', 76.8),
('PCN', 'Pitcairnese', 'F', 0.0),
('PER', 'Aimará', 'T', 2.3),
('PER', 'Ketšua', 'T', 16.4),
('PER', 'Spanish', 'T', 79.8),
('PHL', 'Bicol', 'F', 5.7),
('PHL', 'Cebuano', 'F', 23.3),
('PHL', 'Hiligaynon', 'F', 9.1),
('PHL', 'Ilocano', 'F', 9.3),
('PHL', 'Maguindanao', 'F', 1.4),
('PHL', 'Maranao', 'F', 1.3),
('PHL', 'Pampango', 'F', 3.0),
('PHL', 'Pangasinan', 'F', 1.8),
('PHL', 'Pilipino', 'T', 29.3),
('PHL', 'Waray-waray', 'F', 3.8),
('PLW', 'Chinese', 'F', 1.6),
('PLW', 'English', 'T', 3.2),
('PLW', 'Palau', 'T', 82.2),
('PLW', 'Philippene Languages', 'F', 9.2),
('PNG', 'Malenasian Languages', 'F', 20.0),
('PNG', 'Papuan Languages', 'F', 78.1),
('POL', 'Belorussian', 'F', 0.5),
('POL', 'German', 'F', 1.3),
('POL', 'Polish', 'T', 97.6),
('POL', 'Ukrainian', 'F', 0.6),
('PRI', 'English', 'F', 47.4),
('PRI', 'Spanish', 'T', 51.3),
('PRK', 'Chinese', 'F', 0.1),
('PRK', 'Korean', 'T', 99.9),
('PRT', 'Portuguese', 'T', 99.0),
('PRY', 'German', 'F', 0.9),
('PRY', 'Guaraní', 'T', 40.1),
('PRY', 'Portuguese', 'F', 3.2),
('PRY', 'Spanish', 'T', 55.1),
('PSE', 'Arabic', 'F', 95.9),
('PSE', 'Hebrew', 'F', 4.1),
('PYF', 'Chinese', 'F', 2.9),
('PYF', 'French', 'T', 40.8),
('PYF', 'Tahitian', 'F', 46.4),
('QAT', 'Arabic', 'T', 40.7),
('QAT', 'Urdu', 'F', 0.0),
('REU', 'Chinese', 'F', 2.8),
('REU', 'Comorian', 'F', 2.8),
('REU', 'Creole French', 'F', 91.5),
('REU', 'Malagasy', 'F', 1.4),
('REU', 'Tamil', 'F', 0.0),
('ROM', 'German', 'F', 0.4),
('ROM', 'Hungarian', 'F', 7.2),
('ROM', 'Romani', 'T', 0.7),
('ROM', 'Romanian', 'T', 90.7),
('ROM', 'Serbo-Croatian', 'F', 0.1),
('ROM', 'Ukrainian', 'F', 0.3),
('RUS', 'Avarian', 'F', 0.4),
('RUS', 'Bashkir', 'F', 0.7),
('RUS', 'Belorussian', 'F', 0.3),
('RUS', 'Chechen', 'F', 0.6),
('RUS', 'Chuvash', 'F', 0.9),
('RUS', 'Kazakh', 'F', 0.4),
('RUS', 'Mari', 'F', 0.4),
('RUS', 'Mordva', 'F', 0.5),
('RUS', 'Russian', 'T', 86.6),
('RUS', 'Tatar', 'F', 3.2),
('RUS', 'Udmur', 'F', 0.3),
('RUS', 'Ukrainian', 'F', 1.3),
('RWA', 'French', 'T', 0.0),
('RWA', 'Rwanda', 'T', 100.0),
('SAU', 'Arabic', 'T', 95.0),
('SDN', 'Arabic', 'T', 49.4),
('SDN', 'Bari', 'F', 2.5),
('SDN', 'Beja', 'F', 6.4),
('SDN', 'Chilluk', 'F', 1.7),
('SDN', 'Dinka', 'F', 11.5),
('SDN', 'Fur', 'F', 2.1),
('SDN', 'Lotuko', 'F', 1.5),
('SDN', 'Nubian Languages', 'F', 8.1),
('SDN', 'Nuer', 'F', 4.9),
('SDN', 'Zande', 'F', 2.7),
('SEN', 'Diola', 'F', 5.0),
('SEN', 'Ful', 'F', 21.7),
('SEN', 'Malinke', 'F', 3.8),
('SEN', 'Serer', 'F', 12.5),
('SEN', 'Soninke', 'F', 1.3),
('SEN', 'Wolof', 'T', 48.1),
('SGP', 'Chinese', 'T', 77.1),
('SGP', 'Malay', 'T', 14.1),
('SGP', 'Tamil', 'T', 7.4),
('SHN', 'English', 'T', 0.0),
('SJM', 'Norwegian', 'T', 0.0),
('SJM', 'Russian', 'F', 0.0),
('SLB', 'Malenasian Languages', 'F', 85.6),
('SLB', 'Papuan Languages', 'F', 8.6),
('SLB', 'Polynesian Languages', 'F', 3.8),
('SLE', 'Bullom-sherbro', 'F', 3.8),
('SLE', 'Ful', 'F', 3.8),
('SLE', 'Kono-vai', 'F', 5.1),
('SLE', 'Kuranko', 'F', 3.4),
('SLE', 'Limba', 'F', 8.3),
('SLE', 'Mende', 'F', 34.8),
('SLE', 'Temne', 'F', 31.8),
('SLE', 'Yalunka', 'F', 3.4),
('SLV', 'Nahua', 'F', 0.0),
('SLV', 'Spanish', 'T', 100.0),
('SMR', 'Italian', 'T', 100.0),
('SOM', 'Arabic', 'T', 0.0),
('SOM', 'Somali', 'T', 98.3),
('SPM', 'French', 'T', 0.0),
('STP', 'Crioulo', 'F', 86.3),
('STP', 'French', 'F', 0.7),
('SUR', 'Hindi', 'F', 0.0),
('SUR', 'Sranantonga', 'F', 81.0),
('SVK', 'Czech and Moravian', 'F', 1.1),
('SVK', 'Hungarian', 'F', 10.5),
('SVK', 'Romani', 'F', 1.7),
('SVK', 'Slovak', 'T', 85.6),
('SVK', 'Ukrainian and Russian', 'F', 0.6),
('SVN', 'Hungarian', 'F', 0.5),
('SVN', 'Serbo-Croatian', 'F', 7.9),
('SVN', 'Slovene', 'T', 87.9),
('SWE', 'Arabic', 'F', 0.8),
('SWE', 'Finnish', 'F', 2.4),
('SWE', 'Norwegian', 'F', 0.5),
('SWE', 'Southern Slavic Languages', 'F', 1.3),
('SWE', 'Spanish', 'F', 0.6),
('SWE', 'Swedish', 'T', 89.5),
('SWZ', 'Swazi', 'T', 89.9),
('SWZ', 'Zulu', 'F', 2.0),
('SYC', 'English', 'T', 3.8),
('SYC', 'French', 'T', 1.3),
('SYC', 'Seselwa', 'F', 91.3),
('SYR', 'Arabic', 'T', 90.0),
('SYR', 'Kurdish', 'F', 9.0),
('TCA', 'English', 'T', 0.0),
('TCD', 'Arabic', 'T', 12.3),
('TCD', 'Gorane', 'F', 6.2),
('TCD', 'Hadjarai', 'F', 6.7),
('TCD', 'Kanem-bornu', 'F', 9.0),
('TCD', 'Mayo-kebbi', 'F', 11.5),
('TCD', 'Ouaddai', 'F', 8.7),
('TCD', 'Sara', 'F', 27.7),
('TCD', 'Tandjile', 'F', 6.5),
('TGO', 'Ane', 'F', 5.7),
('TGO', 'Ewe', 'T', 23.2),
('TGO', 'Gurma', 'F', 3.4),
('TGO', 'Kabyé', 'T', 13.8),
('TGO', 'Kotokoli', 'F', 5.7),
('TGO', 'Moba', 'F', 5.4),
('TGO', 'Naudemba', 'F', 4.1),
('TGO', 'Watyi', 'F', 10.3),
('THA', 'Chinese', 'F', 12.1),
('THA', 'Khmer', 'F', 1.3),
('THA', 'Kuy', 'F', 1.1),
('THA', 'Lao', 'F', 26.9),
('THA', 'Malay', 'F', 3.6),
('THA', 'Thai', 'T', 52.6),
('TJK', 'Russian', 'F', 9.7),
('TJK', 'Tadzhik', 'T', 62.2),
('TJK', 'Uzbek', 'F', 23.2),
('TKL', 'English', 'T', 0.0),
('TKL', 'Tokelau', 'F', 0.0),
('TKM', 'Kazakh', 'F', 2.0),
('TKM', 'Russian', 'F', 6.7),
('TKM', 'Turkmenian', 'T', 76.7),
('TKM', 'Uzbek', 'F', 9.2),
('TMP', 'Portuguese', 'T', 0.0),
('TMP', 'Sunda', 'F', 0.0),
('TON', 'English', 'T', 0.0),
('TON', 'Tongan', 'T', 98.3),
('TTO', 'Creole English', 'F', 2.9),
('TTO', 'English', 'F', 93.5),
('TTO', 'Hindi', 'F', 3.4),
('TUN', 'Arabic', 'T', 69.9),
('TUN', 'Arabic-French', 'F', 26.3),
('TUN', 'Arabic-French-English', 'F', 3.2),
('TUR', 'Arabic', 'F', 1.4),
('TUR', 'Kurdish', 'F', 10.6),
('TUR', 'Turkish', 'T', 87.6),
('TUV', 'English', 'T', 0.0),
('TUV', 'Kiribati', 'F', 7.5),
('TUV', 'Tuvalu', 'T', 92.5),
('TWN', 'Ami', 'F', 0.6),
('TWN', 'Atayal', 'F', 0.4),
('TWN', 'Hakka', 'F', 11.0),
('TWN', 'Mandarin Chinese', 'T', 20.1),
('TWN', 'Min', 'F', 66.7),
('TWN', 'Paiwan', 'F', 0.3),
('TZA', 'Chaga and Pare', 'F', 4.9),
('TZA', 'Gogo', 'F', 3.9),
('TZA', 'Ha', 'F', 3.5),
('TZA', 'Haya', 'F', 5.9),
('TZA', 'Hehet', 'F', 6.9),
('TZA', 'Luguru', 'F', 4.9),
('TZA', 'Makonde', 'F', 5.9),
('TZA', 'Nyakusa', 'F', 5.4),
('TZA', 'Nyamwesi', 'F', 21.1),
('TZA', 'Shambala', 'F', 4.3),
('TZA', 'Swahili', 'T', 8.8),
('UGA', 'Acholi', 'F', 4.4),
('UGA', 'Ganda', 'F', 18.1),
('UGA', 'Gisu', 'F', 4.5),
('UGA', 'Kiga', 'F', 8.3),
('UGA', 'Lango', 'F', 5.9),
('UGA', 'Lugbara', 'F', 4.7),
('UGA', 'Nkole', 'F', 10.7),
('UGA', 'Rwanda', 'F', 3.2),
('UGA', 'Soga', 'F', 8.2),
('UGA', 'Teso', 'F', 6.0),
('UKR', 'Belorussian', 'F', 0.3),
('UKR', 'Bulgariana', 'F', 0.3),
('UKR', 'Hungarian', 'F', 0.3),
('UKR', 'Polish', 'F', 0.1),
('UKR', 'Romanian', 'F', 0.7),
('UKR', 'Russian', 'F', 32.9),
('UKR', 'Ukrainian', 'T', 64.7),
('UMI', 'English', 'T', 0.0),
('URY', 'Spanish', 'T', 95.7),
('USA', 'Chinese', 'F', 0.6),
('USA', 'English', 'T', 86.2),
('USA', 'French', 'F', 0.7),
('USA', 'German', 'F', 0.7),
('USA', 'Italian', 'F', 0.6),
('USA', 'Japanese', 'F', 0.2),
('USA', 'Korean', 'F', 0.3),
('USA', 'Polish', 'F', 0.3),
('USA', 'Portuguese', 'F', 0.2),
('USA', 'Spanish', 'F', 7.5),
('USA', 'Tagalog', 'F', 0.4),
('USA', 'Vietnamese', 'F', 0.2),
('UZB', 'Karakalpak', 'F', 2.0),
('UZB', 'Kazakh', 'F', 3.8),
('UZB', 'Russian', 'F', 10.9),
('UZB', 'Tadzhik', 'F', 4.4),
('UZB', 'Tatar', 'F', 1.8),
('UZB', 'Uzbek', 'T', 72.6),
('VAT', 'Italian', 'T', 0.0),
('VCT', 'Creole English', 'F', 99.1),
('VCT', 'English', 'T', 0.0),
('VEN', 'Goajiro', 'F', 0.4),
('VEN', 'Spanish', 'T', 96.9),
('VEN', 'Warrau', 'F', 0.1),
('VGB', 'English', 'T', 0.0),
('VIR', 'English', 'T', 81.7),
('VIR', 'French', 'F', 2.5),
('VIR', 'Spanish', 'F', 13.3),
('VNM', 'Chinese', 'F', 1.4),
('VNM', 'Khmer', 'F', 1.4),
('VNM', 'Man', 'F', 0.7),
('VNM', 'Miao', 'F', 0.9),
('VNM', 'Muong', 'F', 1.5),
('VNM', 'Nung', 'F', 1.1),
('VNM', 'Thai', 'F', 1.6),
('VNM', 'Tho', 'F', 1.8),
('VNM', 'Vietnamese', 'T', 86.8),
('VUT', 'Bislama', 'T', 56.6),
('VUT', 'English', 'T', 28.3),
('VUT', 'French', 'T', 14.2),
('WLF', 'Futuna', 'F', 0.0),
('WLF', 'Wallis', 'F', 0.0),
('WSM', 'English', 'T', 0.6),
('WSM', 'Samoan', 'T', 47.5),
('WSM', 'Samoan-English', 'F', 52.0),
('YEM', 'Arabic', 'T', 99.6),
('YEM', 'Soqutri', 'F', 0.0),
('YUG', 'Albaniana', 'F', 16.5),
('YUG', 'Hungarian', 'F', 3.4),
('YUG', 'Macedonian', 'F', 0.5),
('YUG', 'Romani', 'F', 1.4),
('YUG', 'Serbo-Croatian', 'T', 75.2),
('YUG', 'Slovak', 'F', 0.7),
('ZAF', 'Afrikaans', 'T', 14.3),
('ZAF', 'English', 'T', 8.5),
('ZAF', 'Ndebele', 'F', 1.5),
('ZAF', 'Northsotho', 'F', 9.1),
('ZAF', 'Southsotho', 'F', 7.6),
('ZAF', 'Swazi', 'F', 2.5),
('ZAF', 'Tsonga', 'F', 4.3),
('ZAF', 'Tswana', 'F', 8.1),
('ZAF', 'Venda', 'F', 2.2),
('ZAF', 'Xhosa', 'T', 17.7),
('ZAF', 'Zulu', 'T', 22.7),
('ZMB', 'Bemba', 'F', 29.7),
('ZMB', 'Chewa', 'F', 5.7),
('ZMB', 'Lozi', 'F', 6.4),
('ZMB', 'Nsenga', 'F', 4.3),
('ZMB', 'Nyanja', 'F', 7.8),
('ZMB', 'Tongan', 'F', 11.0),
('ZWE', 'English', 'T', 2.2),
('ZWE', 'Ndebele', 'F', 16.2),
('ZWE', 'Nyanja', 'F', 2.2),
('ZWE', 'Shona', 'F', 72.1);

-- --------------------------------------------------------

--
-- Estructura de tabla para la tabla `users`
--

CREATE TABLE `users` (
  `idUser` int(11) NOT NULL,
  `userName` varchar(255) COLLATE utf8_spanish_ci NOT NULL,
  `keyWord1` varchar(255) COLLATE utf8_spanish_ci NOT NULL,
  `keyWord2` varchar(255) COLLATE utf8_spanish_ci NOT NULL
) ENGINE=InnoDB DEFAULT CHARSET=utf8 COLLATE=utf8_spanish_ci;

--
-- Volcado de datos para la tabla `users`
--

INSERT INTO `users` (`idUser`, `userName`, `keyWord1`, `keyWord2`) VALUES
(1, 'iker', 'hello', 'bye'),
(2, 'sara', 'car', 'bus'),
(3, 'mikel', 'one', 'two');

--
-- Índices para tablas volcadas
--

--
-- Indices de la tabla `city`
--
ALTER TABLE `city`
  ADD PRIMARY KEY (`ID`),
  ADD KEY `CountryCode` (`CountryCode`);

--
-- Indices de la tabla `country`
--
ALTER TABLE `country`
  ADD PRIMARY KEY (`Code`),
  ADD KEY `Capital` (`Capital`);

--
-- Indices de la tabla `countrylanguage`
--
ALTER TABLE `countrylanguage`
  ADD PRIMARY KEY (`CountryCode`,`Language`),
  ADD KEY `CountryCode` (`CountryCode`);

--
-- Indices de la tabla `users`
--
ALTER TABLE `users`
  ADD PRIMARY KEY (`idUser`);

--
-- AUTO_INCREMENT de las tablas volcadas
--

--
-- AUTO_INCREMENT de la tabla `city`
--
ALTER TABLE `city`
  MODIFY `ID` int(11) NOT NULL AUTO_INCREMENT, AUTO_INCREMENT=4083;

--
-- AUTO_INCREMENT de la tabla `users`
--
ALTER TABLE `users`
  MODIFY `idUser` int(11) NOT NULL AUTO_INCREMENT, AUTO_INCREMENT=4;

--
-- Restricciones para tablas volcadas
--

--
-- Filtros para la tabla `city`
--
ALTER TABLE `city`
  ADD CONSTRAINT `city_ibfk_1` FOREIGN KEY (`CountryCode`) REFERENCES `country` (`Code`);

--
-- Filtros para la tabla `country`
--
ALTER TABLE `country`
  ADD CONSTRAINT `country_ibfk_1` FOREIGN KEY (`Capital`) REFERENCES `city` (`ID`);

--
-- Filtros para la tabla `countrylanguage`
--
ALTER TABLE `countrylanguage`
  ADD CONSTRAINT `countryLanguage_ibfk_1` FOREIGN KEY (`CountryCode`) REFERENCES `country` (`Code`);
--
-- Base de datos: `airforce`
--
CREATE DATABASE IF NOT EXISTS `airforce` DEFAULT CHARACTER SET utf8mb4 COLLATE utf8mb4_general_ci;
USE `airforce`;

-- --------------------------------------------------------

--
-- Estructura de tabla para la tabla `clientes`
--

CREATE TABLE `clientes` (
  `cod` int(5) NOT NULL,
  `nombre` varchar(25) NOT NULL,
  `apellido` varchar(50) NOT NULL,
  `email` varchar(50) NOT NULL,
  `telefono` int(9) NOT NULL,
  `direccion` varchar(50) NOT NULL,
  `dni` varchar(9) NOT NULL
) ENGINE=InnoDB DEFAULT CHARSET=utf8mb4;

-- --------------------------------------------------------

--
-- Estructura de tabla para la tabla `compra`
--

CREATE TABLE `compra` (
  `num_seguimiento` int(6) NOT NULL,
  `cod_cliente` int(5) NOT NULL,
  `cod_producto` int(5) NOT NULL,
  `fecha` date NOT NULL,
  `cantidad` int(5) NOT NULL
) ENGINE=InnoDB DEFAULT CHARSET=utf8mb4;

-- --------------------------------------------------------

--
-- Estructura de tabla para la tabla `cuentas`
--

CREATE TABLE `cuentas` (
  `ref` varchar(50) NOT NULL,
  `nombre` varchar(25) NOT NULL,
  `type` varchar(50) NOT NULL,
  `saldo` int(5) NOT NULL
) ENGINE=InnoDB DEFAULT CHARSET=utf8mb4;

--
-- Volcado de datos para la tabla `cuentas`
--

INSERT INTO `cuentas` (`ref`, `nombre`, `type`, `saldo`) VALUES
('ES66 2100 0418 4012 3456 7891', 'Airforce', 'Cuenta credito', 100),
('ES66 2100 0418 4013 0012 3422', 'Airforce', 'Cuenta corriente', 1099500);

-- --------------------------------------------------------

--
-- Estructura de tabla para la tabla `productos`
--

CREATE TABLE `productos` (
  `cod` int(5) NOT NULL,
  `nombre` varchar(25) NOT NULL,
  `descripcion` varchar(150) NOT NULL,
  `tag` varchar(150) DEFAULT NULL,
  `precio` decimal(6,2) NOT NULL
) ENGINE=InnoDB DEFAULT CHARSET=utf8mb4;

--
-- Volcado de datos para la tabla `productos`
--

INSERT INTO `productos` (`cod`, `nombre`, `descripcion`, `tag`, `precio`) VALUES
(1, 'dron - Police', 'Dron de servicio policial', 'type: Police,Size: medium', '500.99'),
(2, 'dron - Firefighter', 'Dron preparado para incendios, con mucha resistencia', 'type: Firefighter,Size: long', '725.00'),
(3, 'extended dron', 'Dron con grandes helices, con mucho alcance y alta resistencia de altitud.', 'Type: none,Size: long', '625.00'),
(4, 'Firefighter small dron', 'Dron pequeño para maniobras dentro de edificios, preparado para soportar altas temperaturas y con un buen tanque de agua.', 'Type: Firefighter,Size: Small', '549.00'),
(5, 'Test', 'asdasdasd', 'asdasdasd', '150.00');

-- --------------------------------------------------------

--
-- Estructura de tabla para la tabla `provee`
--

CREATE TABLE `provee` (
  `num_seguimiento` int(6) NOT NULL,
  `cif_proveedor` varchar(9) NOT NULL,
  `cod_producto` int(5) NOT NULL,
  `fecha` date NOT NULL,
  `cantidad` int(5) NOT NULL
) ENGINE=InnoDB DEFAULT CHARSET=utf8mb4;

-- --------------------------------------------------------

--
-- Estructura de tabla para la tabla `proveedores`
--

CREATE TABLE `proveedores` (
  `cif` varchar(9) NOT NULL,
  `direccion` varchar(50) NOT NULL,
  `nombre` varchar(25) NOT NULL,
  `telefono` int(9) NOT NULL,
  `email` varchar(50) DEFAULT NULL
) ENGINE=InnoDB DEFAULT CHARSET=utf8mb4;

-- --------------------------------------------------------

--
-- Estructura de tabla para la tabla `registro`
--

CREATE TABLE `registro` (
  `ref` int(11) NOT NULL,
  `fecha` date NOT NULL,
  `titular` varchar(25) NOT NULL,
  `importe` varchar(50) NOT NULL,
  `ref_cuenta` varchar(50) NOT NULL,
  `num_seguimiento` int(6) DEFAULT NULL,
  `tipo` varchar(50) NOT NULL,
  `saldo` int(50) NOT NULL,
  `concepto` varchar(50) NOT NULL
) ENGINE=InnoDB DEFAULT CHARSET=utf8mb4;

--
-- Volcado de datos para la tabla `registro`
--

INSERT INTO `registro` (`ref`, `fecha`, `titular`, `importe`, `ref_cuenta`, `num_seguimiento`, `tipo`, `saldo`, `concepto`) VALUES
(10, '2021-11-23', 'Airforce', '+1', 'ES66 2100 0418 4012 3456 7891', NULL, 'Ingreso', 1, 'ingreso1'),
(11, '2021-11-23', 'Airforce', '+2', 'ES66 2100 0418 4012 3456 7891', NULL, 'Ingreso', 3, 'ingresp2'),
(12, '2021-11-23', 'Airforce', '+200', 'ES66 2100 0418 4013 0012 3422', NULL, 'Ingreso', 200, 'ingreso1'),
(13, '2021-11-23', 'Airforce', '-47', 'ES66 2100 0418 4013 0012 3422', NULL, 'transferecnia', 153, 'transferencia1'),
(14, '2021-11-23', 'Airforce', '+47', 'ES66 2100 0418 4012 3456 7891', NULL, 'transferecnia', 50, 'transferencia1'),
(15, '2021-11-23', 'Airforce', '-3', 'ES66 2100 0418 4013 0012 3422', NULL, 'transferecnia', 150, 'transferencia2'),
(16, '2021-11-23', 'Airforce', '+3', 'ES66 2100 0418 4012 3456 7891', NULL, 'transferecnia', 53, 'transferencia2'),
(17, '2021-11-23', 'Airforce', '-1', 'ES66 2100 0418 4012 3456 7891', NULL, 'transferecnia', 52, 'transferencia3'),
(18, '2021-11-23', 'Airforce', '+1', 'ES66 2100 0418 4013 0012 3422', NULL, 'transferecnia', 151, 'transferencia3'),
(19, '2021-11-24', 'Airforce', '+25', 'ES66 2100 0418 4012 3456 7891', NULL, 'Ingreso', 77, 'pruebaIng1'),
(20, '2021-11-24', 'Airforce', '-7', 'ES66 2100 0418 4012 3456 7891', NULL, 'transferecnia', 70, 'tr'),
(21, '2021-11-24', 'Airforce', '+7', 'ES66 2100 0418 4013 0012 3422', NULL, 'transferecnia', 158, 'tr'),
(22, '2021-11-29', 'Airforce', '+25', 'ES66 2100 0418 4012 3456 7891', NULL, 'Ingreso', 95, 'hola'),
(23, '2021-11-29', 'Airforce', '+5', 'ES66 2100 0418 4012 3456 7891', NULL, 'Ingreso', 100, 'ingr2'),
(29, '2021-11-29', 'Airforce', '+15', 'ES66 2100 0418 4012 3456 7891', NULL, 'Ingreso', 115, 'Ya funcionaaa!!'),
(30, '2021-11-30', 'Airforce', '+50', 'ES66 2100 0418 4012 3456 7891', NULL, 'Ingreso', 165, 'otra prueba por si acaso'),
(31, '2021-12-01', 'Airforce', '+25', 'ES66 2100 0418 4012 3456 7891', NULL, 'Ingreso', 190, 'Ingreso Test'),
(36, '2021-12-01', 'Airforce', '+10', 'ES66 2100 0418 4012 3456 7891', NULL, 'deposit', 260, 'test'),
(37, '2021-12-01', 'Airforce', '+10', 'ES66 2100 0418 4012 3456 7891', NULL, 'deposit', 270, 'test'),
(40, '2021-12-01', 'Airforce', '-10', 'ES66 2100 0418 4012 3456 7891', NULL, 'Withdrawal', 280, 'test'),
(41, '2021-12-01', 'Airforce', '+10', 'ES66 2100 0418 4012 3456 7891', NULL, 'deposit', 270, 'test'),
(42, '2021-12-01', 'Airforce', '-30', 'ES66 2100 0418 4012 3456 7891', NULL, 'Withdrawal', 280, 'test'),
(43, '2021-12-02', 'Airforce', '-20', 'ES66 2100 0418 4012 3456 7891', NULL, 'transferecnia', 230, 'test'),
(44, '2021-12-02', 'Airforce', '+20', 'ES66 2100 0418 4013 0012 3422', NULL, 'transferecnia', 178, 'test'),
(45, '2021-12-02', 'Airforce', '+25', 'ES66 2100 0418 4012 3456 7891', NULL, 'Ingreso', 255, 'Ingreso Test'),
(46, '2021-12-02', 'Airforce', '-25', 'ES66 2100 0418 4012 3456 7891', NULL, 'Ingreso', 230, 'test'),
(47, '2021-12-02', 'Airforce', '+100000', 'ES66 2100 0418 4013 0012 3422', NULL, 'Ingreso', 100178, 'ingreso1'),
(48, '2021-12-02', 'Airforce', '+1000000', 'ES66 2100 0418 4013 0012 3422', NULL, 'Ingreso', 1100178, 'ingreso2'),
(49, '2021-12-02', 'Airforce', '-230', 'ES66 2100 0418 4012 3456 7891', NULL, 'Ingreso', 0, 'bgfbfg'),
(50, '2021-12-03', 'Airforce', '-178', 'ES66 2100 0418 4013 0012 3422', NULL, 'transferecnia', 1100000, 'transferencia'),
(51, '2021-12-03', 'Airforce', '+178', 'ES66 2100 0418 4012 3456 7891', NULL, 'transferecnia', 178, 'transferencia'),
(52, '2021-12-03', 'Airforce', '+2', 'ES66 2100 0418 4012 3456 7891', NULL, 'Ingreso', 180, 'ingreso'),
(53, '2021-12-03', 'Airforce', '-80', 'ES66 2100 0418 4012 3456 7891', NULL, 'Ingreso', 100, 'retiro'),
(54, '2021-12-03', 'Airforce', '-500', 'ES66 2100 0418 4013 0012 3422', NULL, 'transferecnia', 1099500, 'transferenciaP'),
(55, '2021-12-03', 'Airforce', '+500', 'ES66 2100 0418 4012 3456 7891', NULL, 'transferecnia', 600, 'transferenciaP'),
(56, '2021-12-03', 'Airforce', '+200', 'ES66 2100 0418 4012 3456 7891', NULL, 'Ingreso', 800, 'ingreso'),
(57, '2021-12-03', 'Airforce', '-700', 'ES66 2100 0418 4012 3456 7891', NULL, 'Ingreso', 100, 'retiro');

-- --------------------------------------------------------

--
-- Estructura de tabla para la tabla `usuarios`
--

CREATE TABLE `usuarios` (
  `cod` int(5) NOT NULL,
  `username` varchar(25) NOT NULL,
  `password` varchar(50) NOT NULL,
  `status` tinyint(1) NOT NULL DEFAULT 1,
  `role` enum('ADMIN','USER') NOT NULL DEFAULT 'USER',
  `cod_cliente` int(5) DEFAULT NULL
) ENGINE=InnoDB DEFAULT CHARSET=utf8mb4;

--
-- Volcado de datos para la tabla `usuarios`
--

INSERT INTO `usuarios` (`cod`, `username`, `password`, `status`, `role`, `cod_cliente`) VALUES
(3, 'prueba', 'prueba', 1, 'ADMIN', NULL),
(16, 'usuario', 'usuario1*', 1, 'USER', NULL),
(17, 'usuari', '12345678.', 1, 'USER', NULL),
(18, 'test', '12345678*', 1, 'USER', NULL),
(19, 'presentacion', '12345678*', 1, 'USER', NULL);

--
-- Índices para tablas volcadas
--

--
-- Indices de la tabla `clientes`
--
ALTER TABLE `clientes`
  ADD PRIMARY KEY (`cod`),
  ADD UNIQUE KEY `dni` (`dni`);

--
-- Indices de la tabla `compra`
--
ALTER TABLE `compra`
  ADD UNIQUE KEY `num_seguimiento` (`num_seguimiento`),
  ADD KEY `cod_cliente` (`cod_cliente`),
  ADD KEY `cod_pedido` (`cod_producto`);

--
-- Indices de la tabla `cuentas`
--
ALTER TABLE `cuentas`
  ADD PRIMARY KEY (`ref`);

--
-- Indices de la tabla `productos`
--
ALTER TABLE `productos`
  ADD PRIMARY KEY (`cod`);

--
-- Indices de la tabla `provee`
--
ALTER TABLE `provee`
  ADD UNIQUE KEY `num_seguimiento` (`num_seguimiento`),
  ADD KEY `cif_proveedor` (`cif_proveedor`),
  ADD KEY `cod_producto` (`cod_producto`);

--
-- Indices de la tabla `proveedores`
--
ALTER TABLE `proveedores`
  ADD PRIMARY KEY (`cif`);

--
-- Indices de la tabla `registro`
--
ALTER TABLE `registro`
  ADD PRIMARY KEY (`ref`),
  ADD UNIQUE KEY `num_seguimiento_2` (`num_seguimiento`),
  ADD KEY `ref_banco` (`ref_cuenta`),
  ADD KEY `num_seguimiento` (`num_seguimiento`);

--
-- Indices de la tabla `usuarios`
--
ALTER TABLE `usuarios`
  ADD PRIMARY KEY (`cod`),
  ADD KEY `cod_cliente` (`cod_cliente`);

--
-- AUTO_INCREMENT de las tablas volcadas
--

--
-- AUTO_INCREMENT de la tabla `productos`
--
ALTER TABLE `productos`
  MODIFY `cod` int(5) NOT NULL AUTO_INCREMENT, AUTO_INCREMENT=6;

--
-- AUTO_INCREMENT de la tabla `registro`
--
ALTER TABLE `registro`
  MODIFY `ref` int(11) NOT NULL AUTO_INCREMENT, AUTO_INCREMENT=58;

--
-- AUTO_INCREMENT de la tabla `usuarios`
--
ALTER TABLE `usuarios`
  MODIFY `cod` int(5) NOT NULL AUTO_INCREMENT, AUTO_INCREMENT=20;

--
-- Restricciones para tablas volcadas
--

--
-- Filtros para la tabla `compra`
--
ALTER TABLE `compra`
  ADD CONSTRAINT `compra_ibfk_1` FOREIGN KEY (`cod_cliente`) REFERENCES `clientes` (`cod`) ON DELETE CASCADE ON UPDATE CASCADE,
  ADD CONSTRAINT `compra_ibfk_2` FOREIGN KEY (`cod_producto`) REFERENCES `productos` (`cod`) ON DELETE CASCADE ON UPDATE CASCADE;

--
-- Filtros para la tabla `provee`
--
ALTER TABLE `provee`
  ADD CONSTRAINT `provee_ibfk_1` FOREIGN KEY (`cif_proveedor`) REFERENCES `proveedores` (`cif`) ON DELETE CASCADE ON UPDATE CASCADE,
  ADD CONSTRAINT `provee_ibfk_2` FOREIGN KEY (`cod_producto`) REFERENCES `productos` (`cod`) ON DELETE CASCADE ON UPDATE CASCADE;

--
-- Filtros para la tabla `registro`
--
ALTER TABLE `registro`
  ADD CONSTRAINT `registro_ibfk_1` FOREIGN KEY (`ref_cuenta`) REFERENCES `cuentas` (`ref`) ON DELETE CASCADE ON UPDATE CASCADE;

--
-- Filtros para la tabla `usuarios`
--
ALTER TABLE `usuarios`
  ADD CONSTRAINT `usuarios_ibfk_1` FOREIGN KEY (`cod_cliente`) REFERENCES `clientes` (`cod`) ON DELETE CASCADE ON UPDATE CASCADE;
--
-- Base de datos: `covid_ddbb`
--
CREATE DATABASE IF NOT EXISTS `covid_ddbb` DEFAULT CHARACTER SET utf8mb4 COLLATE utf8mb4_general_ci;
USE `covid_ddbb`;

-- --------------------------------------------------------

--
-- Estructura de tabla para la tabla `admin`
--

CREATE TABLE `admin` (
  `id` int(9) NOT NULL,
  `usuario` varchar(50) NOT NULL,
  `contrasena` varchar(50) NOT NULL,
  `nombre` varchar(50) NOT NULL,
  `apellido` varchar(50) NOT NULL,
  `tipo` enum('general','paciente') NOT NULL,
  `id_centro` int(9) DEFAULT NULL
) ENGINE=InnoDB DEFAULT CHARSET=utf8mb4;

--
-- Volcado de datos para la tabla `admin`
--

INSERT INTO `admin` (`id`, `usuario`, `contrasena`, `nombre`, `apellido`, `tipo`, `id_centro`) VALUES
(1, 'admin_general', '1234', 'administrador', 'general', 'general', NULL),
(2, 'admin_paciente_1', '1234', 'administrador', 'paciente', 'paciente', 1),
(3, 'admin_paciente_2', '1234', 'administrador', 'paciente', 'paciente', 2);

-- --------------------------------------------------------

--
-- Estructura de tabla para la tabla `centro_vacunacion`
--

CREATE TABLE `centro_vacunacion` (
  `id` int(9) NOT NULL,
  `nombre` varchar(50) NOT NULL,
  `poblacion` varchar(75) NOT NULL,
  `cp` int(4) NOT NULL,
  `provincia` varchar(50) NOT NULL,
  `direccion` varchar(100) NOT NULL,
  `hora_apertura` time NOT NULL,
  `hora_cierre` time NOT NULL,
  `lunes` tinyint(4) NOT NULL,
  `martes` tinyint(4) NOT NULL,
  `miercoles` tinyint(4) NOT NULL,
  `jueves` tinyint(4) NOT NULL,
  `viernes` tinyint(4) NOT NULL,
  `sabado` tinyint(4) NOT NULL,
  `domingo` tinyint(4) NOT NULL
) ENGINE=InnoDB DEFAULT CHARSET=utf8mb4;

--
-- Volcado de datos para la tabla `centro_vacunacion`
--

INSERT INTO `centro_vacunacion` (`id`, `nombre`, `poblacion`, `cp`, `provincia`, `direccion`, `hora_apertura`, `hora_cierre`, `lunes`, `martes`, `miercoles`, `jueves`, `viernes`, `sabado`, `domingo`) VALUES
(1, 'Centro Salud Amorebieta', 'Amorebieta-Etxano', 48340, 'Vizcaya', 'San Miguel Kalea, 17', '00:00:00', '00:00:00', 1, 1, 1, 1, 1, 1, 1),
(2, 'Hospital Universitario de Galdakao', 'Galdakao', 48960, 'Vizcaya', 'Labeaga Auzoa', '00:00:00', '00:00:00', 1, 1, 1, 1, 1, 1, 1),
(4, 'Ambulatorio De Landako', 'Durango', 48200, '1', 'Ambulatorio De Landako', '08:00:00', '23:30:00', 1, 1, 1, 1, 1, 1, 0);

-- --------------------------------------------------------

--
-- Estructura de tabla para la tabla `cita`
--

CREATE TABLE `cita` (
  `id` int(9) NOT NULL,
  `tis` int(8) NOT NULL,
  `id_centro` int(9) NOT NULL,
  `fecha` datetime NOT NULL,
  `dosis` int(1) NOT NULL
) ENGINE=InnoDB DEFAULT CHARSET=utf8mb4;

--
-- Volcado de datos para la tabla `cita`
--

INSERT INTO `cita` (`id`, `tis`, `id_centro`, `fecha`, `dosis`) VALUES
(1, 23456789, 1, '2021-06-28 10:00:00', 0),
(2, 12345678, 2, '2022-01-21 19:50:00', 1);

-- --------------------------------------------------------

--
-- Estructura de tabla para la tabla `paciente`
--

CREATE TABLE `paciente` (
  `tis` int(8) NOT NULL,
  `nombre` varchar(50) NOT NULL,
  `apellido` varchar(75) NOT NULL,
  `fecha_nac` date NOT NULL,
  `fecha_pcr` date DEFAULT NULL,
  `id_centro` int(9) NOT NULL
) ENGINE=InnoDB DEFAULT CHARSET=utf8mb4;

--
-- Volcado de datos para la tabla `paciente`
--

INSERT INTO `paciente` (`tis`, `nombre`, `apellido`, `fecha_nac`, `fecha_pcr`, `id_centro`) VALUES
(12345678, 'Adriel', 'Crespo', '2001-12-10', NULL, 2),
(23456789, 'Iñigo', 'Rosado', '2002-02-07', '2020-10-12', 1);

-- --------------------------------------------------------

--
-- Estructura de tabla para la tabla `recibe`
--

CREATE TABLE `recibe` (
  `tis` int(8) NOT NULL,
  `id_vacuna` int(9) NOT NULL,
  `fecha` date NOT NULL,
  `dosis` int(1) NOT NULL
) ENGINE=InnoDB DEFAULT CHARSET=utf8mb4;

--
-- Volcado de datos para la tabla `recibe`
--

INSERT INTO `recibe` (`tis`, `id_vacuna`, `fecha`, `dosis`) VALUES
(23456789, 1, '2021-07-28', 1),
(23456789, 1, '2022-01-23', 2);

-- --------------------------------------------------------

--
-- Estructura de tabla para la tabla `vacuna`
--

CREATE TABLE `vacuna` (
  `id` int(9) NOT NULL,
  `marca` varchar(25) NOT NULL
) ENGINE=InnoDB DEFAULT CHARSET=utf8mb4;

--
-- Volcado de datos para la tabla `vacuna`
--

INSERT INTO `vacuna` (`id`, `marca`) VALUES
(1, 'Pfizer'),
(2, 'Moderna'),
(3, 'Johnson & Johnson'),
(4, 'Novavax'),
(5, 'AstraZeneca');

--
-- Índices para tablas volcadas
--

--
-- Indices de la tabla `admin`
--
ALTER TABLE `admin`
  ADD PRIMARY KEY (`id`),
  ADD KEY `id_centro` (`id_centro`);

--
-- Indices de la tabla `centro_vacunacion`
--
ALTER TABLE `centro_vacunacion`
  ADD PRIMARY KEY (`id`);

--
-- Indices de la tabla `cita`
--
ALTER TABLE `cita`
  ADD PRIMARY KEY (`id`),
  ADD KEY `tis` (`tis`,`id_centro`),
  ADD KEY `id_centro` (`id_centro`);

--
-- Indices de la tabla `paciente`
--
ALTER TABLE `paciente`
  ADD PRIMARY KEY (`tis`),
  ADD KEY `id_centro` (`id_centro`);

--
-- Indices de la tabla `recibe`
--
ALTER TABLE `recibe`
  ADD PRIMARY KEY (`tis`,`id_vacuna`,`dosis`),
  ADD KEY `id_vacuna` (`id_vacuna`);

--
-- Indices de la tabla `vacuna`
--
ALTER TABLE `vacuna`
  ADD PRIMARY KEY (`id`);

--
-- AUTO_INCREMENT de las tablas volcadas
--

--
-- AUTO_INCREMENT de la tabla `admin`
--
ALTER TABLE `admin`
  MODIFY `id` int(9) NOT NULL AUTO_INCREMENT, AUTO_INCREMENT=4;

--
-- AUTO_INCREMENT de la tabla `centro_vacunacion`
--
ALTER TABLE `centro_vacunacion`
  MODIFY `id` int(9) NOT NULL AUTO_INCREMENT, AUTO_INCREMENT=6;

--
-- AUTO_INCREMENT de la tabla `cita`
--
ALTER TABLE `cita`
  MODIFY `id` int(9) NOT NULL AUTO_INCREMENT, AUTO_INCREMENT=11;

--
-- AUTO_INCREMENT de la tabla `vacuna`
--
ALTER TABLE `vacuna`
  MODIFY `id` int(9) NOT NULL AUTO_INCREMENT, AUTO_INCREMENT=6;

--
-- Restricciones para tablas volcadas
--

--
-- Filtros para la tabla `admin`
--
ALTER TABLE `admin`
  ADD CONSTRAINT `admin_ibfk_1` FOREIGN KEY (`id_centro`) REFERENCES `centro_vacunacion` (`id`);

--
-- Filtros para la tabla `cita`
--
ALTER TABLE `cita`
  ADD CONSTRAINT `cita_ibfk_1` FOREIGN KEY (`id_centro`) REFERENCES `centro_vacunacion` (`id`),
  ADD CONSTRAINT `cita_ibfk_2` FOREIGN KEY (`tis`) REFERENCES `paciente` (`tis`);

--
-- Filtros para la tabla `paciente`
--
ALTER TABLE `paciente`
  ADD CONSTRAINT `paciente_ibfk_1` FOREIGN KEY (`id_centro`) REFERENCES `centro_vacunacion` (`id`);

--
-- Filtros para la tabla `recibe`
--
ALTER TABLE `recibe`
  ADD CONSTRAINT `recibe_ibfk_1` FOREIGN KEY (`id_vacuna`) REFERENCES `vacuna` (`id`),
  ADD CONSTRAINT `recibe_ibfk_2` FOREIGN KEY (`tis`) REFERENCES `paciente` (`tis`);
--
-- Base de datos: `guredendak`
--
CREATE DATABASE IF NOT EXISTS `guredendak` DEFAULT CHARACTER SET utf8mb4 COLLATE utf8mb4_general_ci;
USE `guredendak`;

-- --------------------------------------------------------

--
-- Estructura de tabla para la tabla `produltuak`
--

CREATE TABLE `produltuak` (
  `id_produktuak` int(11) NOT NULL,
  `nombre` varchar(30) NOT NULL,
  `tipo` varchar(30) NOT NULL,
  `precio` int(11) NOT NULL,
  `cantidad` int(11) NOT NULL,
  `foto` varchar(50) NOT NULL
) ENGINE=MyISAM DEFAULT CHARSET=latin1;

--
-- Volcado de datos para la tabla `produltuak`
--

INSERT INTO `produltuak` (`id_produktuak`, `nombre`, `tipo`, `precio`, `cantidad`, `foto`) VALUES
(1, 'Avellana rellena de chocolate', 'chocolates', 5, 147, 'avellana_rellena.jpg'),
(2, 'Surtido tres chocolates', 'chocolates', 9, 19, 'surtido_chocolates.jpg'),
(18, 'pasta', 'pastas', 20, 6, 'pastaste.jpg'),
(4, 'trufa', 'chocolate', 20, 23, 'tartatrufa.jpg'),
(14, 'Tarta de frutas', 'tartas', 99, 4, 'tartafrutas.jpg'),
(26, 'huevo chocolate', 'especiales', 9, 7, 'mifoto'),
(17, 'tabletas', 'chocolates', 10, 10, 'mifoto'),
(15, 'Surtido de Pastas', 'pastas', 12, 23, 'surtidopastas.jpg'),
(28, 'cerdito choco', 'infantil', 13, 5, 'mifoto'),
(22, 'bombon', 'bonbones', 20, 200, 'mifoto'),
(35, 'qqqqqq', 'qqqq', 12, 12, 'mifoto');

--
-- Índices para tablas volcadas
--

--
-- Indices de la tabla `produltuak`
--
ALTER TABLE `produltuak`
  ADD PRIMARY KEY (`id_produktuak`);

--
-- AUTO_INCREMENT de las tablas volcadas
--

--
-- AUTO_INCREMENT de la tabla `produltuak`
--
ALTER TABLE `produltuak`
  MODIFY `id_produktuak` int(11) NOT NULL AUTO_INCREMENT, AUTO_INCREMENT=37;
--
-- Base de datos: `oferta_fp_eginda`
--
CREATE DATABASE IF NOT EXISTS `oferta_fp_eginda` DEFAULT CHARACTER SET utf8mb4 COLLATE utf8mb4_unicode_ci;
USE `oferta_fp_eginda`;

-- --------------------------------------------------------

--
-- Estructura de tabla para la tabla `centros`
--

CREATE TABLE `centros` (
  `territorio` varchar(12) COLLATE utf8_spanish_ci DEFAULT NULL,
  `dependencia` varchar(18) COLLATE utf8_spanish_ci DEFAULT NULL,
  `cod_centro` int(6) NOT NULL DEFAULT 0,
  `nom_centro` varchar(51) COLLATE utf8_spanish_ci DEFAULT NULL,
  `direccion` varchar(30) COLLATE utf8_spanish_ci DEFAULT NULL,
  `municipio` varchar(34) COLLATE utf8_spanish_ci DEFAULT NULL,
  `cp` int(5) DEFAULT NULL,
  `telefono` int(9) DEFAULT NULL,
  `fax` varchar(9) COLLATE utf8_spanish_ci DEFAULT NULL,
  `email` varchar(41) COLLATE utf8_spanish_ci DEFAULT NULL,
  `web` varchar(70) COLLATE utf8_spanish_ci DEFAULT NULL,
  `coord_x` decimal(24,8) DEFAULT NULL,
  `coord_y` decimal(24,7) DEFAULT NULL
) ENGINE=InnoDB DEFAULT CHARSET=utf8 COLLATE=utf8_spanish_ci;

--
-- Volcado de datos para la tabla `centros`
--

INSERT INTO `centros` (`territorio`, `dependencia`, `cod_centro`, `nom_centro`, `direccion`, `municipio`, `cp`, `telefono`, `fax`, `email`, `web`, `coord_x`, `coord_y`) VALUES
('ARABA/ÁLAVA', 'DEPART. EDUCACIÓN', 10108, 'IES I. AGRARIO ARKAUTE/ARKAUTE NEKAZARITZA I. BHI', 'ARKAUTE S/N', 'VITORIA-GASTEIZ', 1192, 945285387, '945410252', '010108aa@hezkuntza.net', 'http://www.mendikoi.net', '530508.78281927', '4744725.1949084'),
('ARABA/ÁLAVA', 'DEPART. EDUCACIÓN', 10133, 'IES FEDERICO BARAIBAR BHI', 'NIEVES CANO 14', 'VITORIA-GASTEIZ', 1006, 945230250, '945144921', '010133aa@hezkuntza.net', '', '526393.49632306', '4743017.0026060'),
('ARABA/ÁLAVA', 'DEPART. EDUCACIÓN', 10134, 'IES FRANCISCO DE VITORIA BHI', 'EL SALVADOR 1', 'VITORIA-GASTEIZ', 1012, 945270655, '945270955', '010134aa@hezkuntza.net', 'http://www.franciscodevitoria.net', '526475.83932420', '4745115.5954435'),
('ARABA/ÁLAVA', 'DEPART. EDUCACIÓN', 10137, 'CIFP CIUDAD JARDÍN  LHII', 'ÁLAVA 39', 'VITORIA-GASTEIZ', 1006, 945233714, '945233750', '010137aa@hezkuntza.net', 'http://www.icjardin.net', '526365.16360206', '4742698.7173920'),
('ARABA/ÁLAVA', 'DEPART. EDUCACIÓN', 10138, 'CIFP MENDIZABALA LHII', 'PORTAL DE LASARTE Z/G', 'VITORIA-GASTEIZ', 1007, 945000440, '945000439', '010138aa@hezkuntza.net', 'http://www.mendizabala.com', '525751.53260708', '4742678.0016086'),
('ARABA/ÁLAVA', 'DEPART. EDUCACIÓN', 10157, 'IES MURGIA BHI', 'DOMINGO DE SAUTU Z/G', 'ZUIA', 1130, 945430228, '945430226', '010157aa@hezkuntza.net', '', '513733.98965495', '4756070.8255381'),
('ARABA/ÁLAVA', 'DEPART. EDUCACIÓN', 10201, 'IES LAUDIOALDE LANBIDE ESKOLA BHI', 'VIRGEN DEL CARMEN 17', 'LAUDIO/LLODIO', 1400, 946720505, '946721057', '010201aa@hezkuntza.net', 'http://www.cmfp-llodio.com/', '503241.49086784', '4776817.2526628'),
('ARABA/ÁLAVA', 'PRIVADA', 10208, 'CPES SUZANNE BHIP', 'BTO. TOMÁS DE ZUMARRAGA 27-A', 'VITORIA-GASTEIZ', 1008, 945246922, '945246922', 'info@escuelasuzanne.com', '', '525705.22394551', '4744279.5656149'),
('ARABA/ÁLAVA', 'PRIVADA', 10221, 'CPEIPS URKIDE HLBHIP', 'MAGDALENA 8', 'VITORIA-GASTEIZ', 1008, 945133100, '945146332', 'info@urkide.org', '', '526333.87886880', '4743786.3260124'),
('ARABA/ÁLAVA', 'PRIVADA', 10228, 'CPEIPS PRESENTACIÓN DE MARÍA HLBHIP', 'CRUZ BLANCA 4', 'VITORIA-GASTEIZ', 1012, 945217394, '945229358', 'direccion.vitoria@presentaciondemaria.org', '', '526279.21716696', '4744532.8340628'),
('ARABA/ÁLAVA', 'PRIVADA', 10229, 'CPEIPS CARMELITAS-SAGRADO CORAZÓN HLBHIP', 'FUEROS 49', 'VITORIA-GASTEIZ', 1005, 945282942, '945250488', 'secretaria@carmelitasvitoria.com', '', '527003.06211680', '4743338.5871484'),
('ARABA/ÁLAVA', 'PRIVADA', 10248, 'CPES EGIBIDE LH-FP BHIP', 'NIEVES CANO 10', 'VITORIA-GASTEIZ', 1006, 945000333, '945010139', 'info@egibide.org', 'http://www.j-obrero.es', '526769.16874334', '4742985.8489472'),
('ARABA/ÁLAVA', 'DEPART. EDUCACIÓN', 10256, 'CIFP HOSTELERÍA  LHII', 'Presagana 1', 'VITORIA-GASTEIZ', 1013, 945258025, '945281902', '010256aa@hezkuntza.net', '', '527656.63598155', '4747444.0414950'),
('ARABA/ÁLAVA', 'DEPART. EDUCACIÓN', 10296, 'CIFP CONSTRUCCIÓN  LHII', 'AV. DE LOS HUETOS 33', 'VITORIA-GASTEIZ', 1010, 945001200, '945001201', '010296aa@hezkuntza.net', 'http://www.instc.com', '523988.39793385', '4744662.4076885'),
('ARABA/ÁLAVA', 'DEPART. EDUCACIÓN', 10319, 'IES ZARAOBE BHI', 'ETXEBARRIAUR 6-8', 'AMURRIO', 1470, 945393000, '945393682', '010319aa@hezkuntza.net', '', '499542.30616650', '4766361.4509110'),
('ARABA/ÁLAVA', 'DEPART. EDUCACIÓN', 10349, 'IES SAMANIEGO-LAGUARDIA BHI', 'SANCHO ABARCA 3', 'LAGUARDIA', 1300, 945600900, '945600045', '010349aa@hezkuntza.net', '', '534115.47388514', '4711560.9753893'),
('ARABA/ÁLAVA', 'DEPART. EDUCACIÓN', 10351, 'IES LAUDIO BHI', 'ZUMALAKARREGI 34', 'LAUDIO/LLODIO', 1400, 946720086, '946722619', '010351aa@hezkuntza.net', 'http://www.laudioinstitutua.net', '503040.55613404', '4776824.6611548'),
('ARABA/ÁLAVA', 'DEPART. EDUCACIÓN', 10590, 'INSTITUTO DE FORMACIÓN PROFESIONAL A DISTANCIA', 'ÁLAVA 41 INTERIOR', 'VITORIA-GASTEIZ', 1006, 945567953, '945155455', '010590aa@hezkuntza.net', '', '526340.89608230', '4742665.8040914'),
('GIPUZKOA', 'DEPART. EDUCACIÓN', 12040, 'IES FRAISORO ESKOLA BHI', 'ELBARRENA S/N', 'ZIZURKIL', 20159, 943692162, '943692247', '012040aa@hezkuntza.net', 'http://fraisoroeskola.net', '576277.91054775', '4782182.0106818'),
('GIPUZKOA', 'DEPART. EDUCACIÓN', 12053, 'IES UNI EIBAR-ERMUA BHI', 'OTAOLA 29', 'EIBAR', 20600, 943208444, '943203196', '012053aa@hezkuntza.net', 'http://www.uni.hezkuntza.net', '541694.09744413', '4780948.6117366'),
('GIPUZKOA', 'DEPART. EDUCACIÓN', 12054, 'CIFP ARMERIA ESKOLA LHII', 'ISASI Z/G', 'EIBAR', 20600, 943203244, '943204114', '012054aa@hezkuntza.net', 'http://www.armeriaeskola.com', '542428.38163285', '4781358.9582118'),
('GIPUZKOA', 'DEPART. EDUCACIÓN', 12108, 'IES PLAIAUNDI BHI', 'PLAIAUNDI Z/G', 'IRUN', 20301, 943617547, '943612550', '012108aa@hezkuntza.net', 'http://www.plaiaundi.net', '597505.78121986', '4799912.8716164'),
('GIPUZKOA', 'DEPART. EDUCACIÓN', 12132, 'IES MUTRIKU BHI', 'HIRIGIBEL 1', 'MUTRIKU', 20830, 943603545, '943604254', '012132aa@hezkuntza.net', '', '549429.58994501', '4794979.6757541'),
('GIPUZKOA', 'DEPART. EDUCACIÓN', 12151, 'IES NAUTICO PESQUERO DE PASAIA BLAS DE LEZO BHI', 'LOS MARINOS 2', 'PASAIA', 20110, 943404005, '943404177', '012151aa@hezkuntza.net', '', '586873.19378401', '4797278.6877969'),
('GIPUZKOA', 'DEPART. EDUCACIÓN', 12229, 'CIFP POLITÉCNICO EASO POLITEKNIKOA LHII', 'AITZOL PARKEA 2', 'DONOSTIA / SAN SEBASTIÁN', 20011, 943455422, '943470022', '012229aa@hezkuntza.net', 'http://www.ieaso.net', '582976.68602866', '4795354.0895433'),
('GIPUZKOA', 'DEPART. EDUCACIÓN', 12282, 'IES OIANGUREN BHI', 'GERNIKAKO ARBOLA 1', 'ORDIZIA', 20240, 943880862, '943164121', '012282aa@hezkuntza.net', '', '567581.85139898', '4767049.5808442'),
('GIPUZKOA', 'DEPART. EDUCACIÓN', 12286, 'IES J.M. IPARRAGIRRE BHI', 'NEKOLALDE 16', 'URRETXU', 20700, 943721403, '943721403', '012286aa@hezkuntza.net', 'http://www.jmiparragirre.eus', '555252.07955258', '4771337.1981121'),
('GIPUZKOA', 'DEPART. EDUCACIÓN', 12291, 'CIFP MONTE ALBERTIA LHII', 'SAN INAZIO 25', 'ZARAUTZ', 20800, 943134223, '943894196', '012291aa@hezkuntza.net', '', '566594.40329868', '4792568.2066017'),
('GIPUZKOA', 'DEPART. EDUCACIÓN', 12298, 'IES ZUMAIA BHI', 'AITA MARI 45', 'ZUMAIA', 20750, 943860809, '943860810', '012298aa@hezkuntza.net', '', '560348.48134066', '4793476.0618104'),
('GIPUZKOA', 'PRIVADA', 12345, 'CPEIPS SAN FRANTZISKO XABIER HLBHIP', 'OTALORA LIZENTZIATUA 8', 'ARRASATE/MONDRAGÓN', 20500, 943772025, '943797922', 'arizmendi@arizmendi.eus', '', '541736.73670498', '4768376.0808389'),
('GIPUZKOA', 'PRIVADA', 12362, 'CPES J.M. BARANDIARAN LIZEOA BHIP', 'MANUEL LARDIZABAL 26 (IBAETA)', 'DONOSTIA / SAN SEBASTIÁN', 20018, 943272587, '943219974', 'zurriola@ikastola.net', '', '580038.31239714', '4794979.7057480'),
('GIPUZKOA', 'PRIVADA', 12380, 'CPEIPS MARIAREN LAGUNDIA IKASTOLA HLBHIP', 'ESPOLOIA 1', 'BERGARA', 20570, 943762540, '943763331', 'ikastola@mlagundia.net', '', '547675.39376700', '4773739.4991306'),
('GIPUZKOA', 'PRIVADA', 12394, 'CPES ESC. CINE Y VÍDEO-ZINE ETA BIDEO ESKOLA BHIP', 'AMA KANDIDA 21', 'ANDOAIN', 20140, 943594190, '943591562', 'secretaria@escivi.com', '', '579633.27652532', '4786004.1726918'),
('GIPUZKOA', 'PRIVADA', 12432, 'CPEIPS LA INMACULADA HLBHIP', 'SANDIUSTERRI 4', 'HERNANI', 20120, 943550233, '943556071', 'zuzendaritza@lainmaculadahernani.com', '', '582916.59031543', '4790746.8773280'),
('GIPUZKOA', 'PRIVADA', 12456, 'CPES MONDRAGON GOI ESK.POLITEK.,J.M.A.,S.COOP BHIP', 'LORAMENDI 4', 'ARRASATE/MONDRAGÓN', 20500, 943794700, '943791536', 'info.mgep@mondragon.edu', '', '540928.85011008', '4767799.9381111'),
('GIPUZKOA', 'PRIVADA', 12462, 'CPES OÑATI GESTIO HEZIKETA BHIP', 'IBARRA ZELAIA 2', 'OÑATI', 20560, 943718009, '943718162', 'muribetxebarria@mondragon.edu', 'http://www.mondragon.edu/que-es-m-u/eteo-s-coop?searchterm=eteo+s.coop', '547410.83409860', '4764926.5129885'),
('GIPUZKOA', 'DEPART. EDUCACIÓN', 12468, 'CIFP DON BOSCO LHII', 'SAN MARCOS ERP. Z/G 101 P.K.', 'ERRENTERIA', 20100, 943510450, '943529220', '012468aa@hezkuntza.net', 'http://www.fpdonbosco.com', '588171.92250648', '4796396.6973235'),
('GIPUZKOA', 'PRIVADA', 12479, 'CPES CENTRO DE ESTUDIOS A.E.G. BHIP', 'P. HERIZ 82-SEMINARIOA 509 PK', 'DONOSTIA / SAN SEBASTIÁN', 20008, 943313907, '943218466', 'info@aeg.es', 'http://www.aeg.es', '580874.54820474', '4795755.1679049'),
('GIPUZKOA', 'PRIVADA', 12485, 'CPES SEIM BHIP', 'MIRACRUZ 10-1', 'DONOSTIA / SAN SEBASTIÁN', 20001, 943275819, '943293878', 'seim@centroseim.com', '', '583043.61754681', '4797046.1451302'),
('GIPUZKOA', 'PRIVADA', 12490, 'CPES NAZARET LANBIDE HEZIKETA BHIP', 'ALDAKONEA 36', 'DONOSTIA / SAN SEBASTIÁN', 20012, 943326666, '943326384', 'nazaret@nazaretzentroa.com', 'http://www.nazaretzentroa.com', '583372.73393020', '4796857.5035277'),
('GIPUZKOA', 'PRIVADA', 12491, 'CPES C.D.E.A. BHIP', 'BERIO IBILTOKIA 50', 'DONOSTIA / SAN SEBASTIÁN', 20018, 943316900, '943316482', 'director@pas.cebanc.com', '', '579751.18385291', '4795107.5397278'),
('GIPUZKOA', 'PRIVADA', 12497, 'CPES CEBANC BHIP', 'BERIO IBILTOKIA 50', 'DONOSTIA / SAN SEBASTIÁN', 20018, 943316900, '943316482', 'director@pas.cebanc.com', 'http://www.cebanc.com', '579751.18385291', '4795107.5397278'),
('GIPUZKOA', 'PRIVADA', 12498, 'CPES CEINPRO BHIP', 'P. DE HERIZ 95', 'DONOSTIA / SAN SEBASTIÁN', 20008, 943310873, '943310875', 'secretaria@ceinpro.es', 'http://www.ceinpro.es', '580911.50607887', '4795849.5087021'),
('GIPUZKOA', 'PRIVADA', 12517, 'CPES MARÍA INMACULADA BHIP', 'AV. DE ATEGORRIETA 17', 'DONOSTIA / SAN SEBASTIÁN', 20013, 943292948, '943327244', 'direccion@cmidonostia.com', '', '583555.55254409', '4797133.1474212'),
('GIPUZKOA', 'PRIVADA', 12529, 'CPES ORTZADAR BHIP', 'CALZ. VJA. ATEGORRIETA 159', 'DONOSTIA / SAN SEBASTIÁN', 20013, 943287423, '943290917', 'ortzadar@ortzadar.net', '', '584266.68240203', '4797199.7338677'),
('GIPUZKOA', 'PRIVADA', 12544, 'CPES ELIZARAN IKASTETXEA BHIP', 'CAMPANARIO 12', 'DONOSTIA / SAN SEBASTIÁN', 20003, 943422427, '943425065', 'elizaran@ikastetxea.com', 'http://www.elizaran.com', '582137.29206270', '4797235.9564947'),
('GIPUZKOA', 'PRIVADA', 12566, 'CPES TOLOSAKO INMAKULADA LANBIDE IKASTOLA BHIP', 'KONDEKO ALDAPA 5-B', 'TOLOSA', 20400, 943673629, '943675222', 'zuzendaritza@inmakuladatolosa.com', 'http://www.inmakuladatolosa.com', '575186.98534738', '4775811.9272939'),
('GIPUZKOA', 'PRIVADA', 12572, 'CPES SALESIANOS URNIETA BHIP', 'ERGOYEN 6', 'URNIETA', 20130, 943551789, '943331059', 'salesiarrak@salesianosurnieta.com', 'http://www.salesianosurnieta.com', '581599.11878888', '4788173.8310641'),
('GIPUZKOA', 'PRIVADA', 12581, 'CPES DEL GOIERRI BHIP', 'ARRANOMENDIA 2', 'ORDIZIA', 20240, 943880062, '943888351', 'bulegoa@goierrieskola.org', '', '566562.37643944', '4766318.7396048'),
('GIPUZKOA', 'PRIVADA', 12593, 'CPES UROLA GARAIKO LANBIDE ESKOLA BHIP', 'BELOKI Z/G', 'ZUMARRAGA', 20700, 943725477, '943726003', 'dtor.ugle@ugleskola.org', '', '556173.29703149', '4770944.0381386'),
('GIPUZKOA', 'DEPART. EDUCACIÓN', 12740, 'IES LEIZARAN BHI', 'PLAZAOLA 23', 'ANDOAIN', 20140, 943300078, '943300578', '012740aa@hezkuntza.net', 'http://www.leizaran.net', '579653.19848514', '4785285.0890592'),
('GIPUZKOA', 'PRIVADA', 12742, 'CPES IRUNGO LA SALLE BHIP', 'AV. ELIZATXO 14-16', 'IRUN', 20303, 943628411, '943628432', 'irungolasalle@ilsalle.org', 'http://www.irungolasalle.org', '597331.81864275', '4798751.1080900'),
('GIPUZKOA', 'PRIVADA', 12746, 'CPES LA SALLE-BERROZPE BHIP', 'LA SALLE 5', 'ANDOAIN', 20140, 943590557, '943300563', 'lsbandoain@lasalleberrozpe.com', 'http://www.lasalleberrozpe.com', '579680.30257534', '4785679.6187538'),
('GIPUZKOA', 'PRIVADA', 12756, 'CPES C. ESTUD. DE PELU. Y EST. BETA BHIP', 'AVDA. NAVARRA 18 BAJO', 'DONOSTIA / SAN SEBASTIÁN', 20013, 943283601, '943283601', 'secretaria@centrobeta.com', 'http://www.centrosbeta.com', '583505.11271453', '4797424.4881196'),
('GIPUZKOA', 'DEPART. EDUCACIÓN', 12763, 'CIFP MAQ-HERRAM/MAKINA-ERREMINTA LHII', 'AZKUE AUZOA 1', 'ELGOIBAR', 20870, 943744132, '943744153', '012763aa@hezkuntza.net', '', '547918.30809412', '4784409.7372345'),
('GIPUZKOA', 'DEPART. EDUCACIÓN', 12982, 'IES XABIER ZUBIRI-MANTEO BHI', 'JOSE MIG. BARANDIARAN 10-12', 'DONOSTIA / SAN SEBASTIÁN', 20013, 943278700, '943282477', '012982aa@hezkuntza.net', 'http://www.zubirimanteo.com', '583437.43082455', '4797690.9838752'),
('GIPUZKOA', 'DEPART. EDUCACIÓN', 13015, 'IES R.M. ZUAZOLA-LARRAÑA BHI', 'SAN LORENTZO Z/G', 'OÑATI', 20560, 943782150, '943781908', '013015aa@hezkuntza.net', 'http://www.onati.net', '548743.46973282', '4764753.1782703'),
('GIPUZKOA', 'DEPART. EDUCACIÓN', 13020, 'CIFP MIGUEL ALTUNA LHII', 'IBARGARAI 1', 'BERGARA', 20570, 943762491, '943763841', '013020aa@hezkuntza.net', 'http://www.imaltuna.com', '547631.83097158', '4774110.2836585'),
('GIPUZKOA', 'DEPART. EDUCACIÓN', 13021, 'CIFP BIDASOA LHII', 'AV. DE ELIZATXO 10', 'IRUN', 20303, 943666010, '943615380', '013021aa@hezkuntza.net', 'http://www.fpbidasoa.org', '597437.20877869', '4798865.9747092'),
('GIPUZKOA', 'DEPART. EDUCACIÓN', 13022, 'CIFP USURBIL LHII', 'ETARTE 9', 'USURBIL', 20170, 943364600, '943366689', '013022aa@hezkuntza.net', 'http://www.lhusurbil.com', '578516.79745348', '4791205.6239514'),
('GIPUZKOA', 'DEPART. EDUCACIÓN', 13023, 'CIFP TOLOSALDEA LHII', 'SANTA LUZI 17 (CDAD. DOCENTE)', 'TOLOSA', 20400, 943651147, '943651856', '013023aa@hezkuntza.net', 'http://www.tolosaldea.com', '575740.40518731', '4777804.2717579'),
('GIPUZKOA', 'PRIVADA', 13070, 'CPES ESCUELA DE HOSTELERÍA AIALA BHIP', 'NAFARROA 61', 'ZARAUTZ', 20800, 943134600, '943134968', 'secretaria@aiala.es', 'http://www.aiala.es', '568933.26282066', '4792496.9611035'),
('GIPUZKOA', 'DEPART. EDUCACIÓN', 13255, 'CIFP ARETXABALETA LANBIDE ESKOLA LHII', 'ETXEBARRI Z/G', 'ARETXABALETA', 20550, 943797900, '943770955', '013255aa@hezkuntza.net', '', '539863.84159833', '4764015.0585124'),
('GIPUZKOA', 'PRIVADA', 13380, 'CPES OTEITZA POLITEKNIKOA BHIP', 'GIPUZKOA 5', 'ZARAUTZ', 20800, 943111000, '943110990', 'idazkaria@oteitzalp.org', '', '567084.92383832', '4792865.5060872'),
('GIPUZKOA', 'DEPART. EDUCACIÓN', 13432, 'CIFP MEKA LHII', 'ARREGITORRE 2', 'ELGOIBAR', 20870, 943748019, '943748230', '013432aa@hezkuntza.net', 'http://www.meka-elgoibar.net', '547660.17193843', '4784740.9998070'),
('GIPUZKOA', 'PRIVADA', 13437, 'CPES CESA BHIP', 'POLÍGONO ERRATZU 81', 'URNIETA', 20130, 943336491, '943555331', 'cqueiruga@institutocesa.com', 'http://www.cesasl.com', '581840.31798038', '4788104.9850775'),
('GIPUZKOA', 'PRIVADA', 13500, 'CPES CENTRO FORMACIÓN MENDIBIL FORMAZIO ZENT. BHIP', 'LETXUNBORRO 58', 'IRUN', 20305, 943610610, '943626579', 'direccion@apmendibil.com', '', '596125.87216029', '4798896.9484046'),
('GIPUZKOA', 'DEPART. EDUCACIÓN', 13532, 'CIFP DE DES. SOSTENIBLE EN EDIF. INTELIGENTE LHII', 'DONOSTIA ETORBIDEA 5', 'LASARTE-ORIA', 20160, 943569222, '000000000', '013532aa@hezkuntza.net', '', '579625.03068102', '4791500.0840149'),
('GIPUZKOA', 'DEPART. EDUCACIÓN', 13533, 'CIFP KARDALA LHII', 'MUELLE S/N', 'MUTRIKU', 20830, 943603545, '000000000', '013533aa@hezkuntza.net', '', '550139.81276007', '4795116.7378555'),
('GIPUZKOA', 'DEPART. EDUCACIÓN', 13534, 'CIFP DE INNOVACION SOCIAL LHII', 'KARMELO LABAKA 7', 'HERNANI', 20120, 943551958, '000000000', '013534aa@hezkuntza.net', '', '583298.15851439', '4791290.6466453'),
('GIPUZKOA', 'DEPART. EDUCACIÓN', 13556, 'IES UROLA LANBIDE ESKOLA BHI', 'ALTAMIRA Z/G', 'AZKOITIA', 20720, 943852174, '', '013556aa@hezkuntza.net', '', '556222.03821712', '4780318.2600429'),
('BIZKAIA', 'DEPART. EDUCACIÓN', 14010, 'IES DOLORES IBARRURI BHI', 'EL MINERO ETORB. 28', 'ABANTO Y CIÉRVANA-ABANTO ZIERBENA', 48500, 946362725, '946360429', '014010aa@hezkuntza.net', '', '493920.43795065', '4796007.8564709'),
('BIZKAIA', 'DEPART. EDUCACIÓN', 14069, 'CIFP NICOLÁS LARBURU LHII', 'ALDAPA 3B', 'BARAKALDO', 48901, 944180266, '944189327', '014069aa@hezkuntza.net', 'http://www.nlarburu.net', '501081.35177514', '4793979.0094368'),
('BIZKAIA', 'DEPART. EDUCACIÓN', 14086, 'IES URBI BHI', 'AGIRRE LEHENDAKARIA 93', 'BASAURI', 48970, 944492996, '944263852', '014086aa@hezkuntza.net', '', '509879.68413071', '4786991.5517137'),
('BIZKAIA', 'DEPART. EDUCACIÓN', 14088, 'CIFP BIDEBIETA LHII', 'AGIRRE LEHENDAKARIA 97', 'BASAURI', 48970, 944262777, '944260072', '014088aa@hezkuntza.net', 'http://www.ibidebieta.net/', '509997.88830870', '4786983.7732969'),
('BIZKAIA', 'DEPART. EDUCACIÓN', 14200, 'IES ESKURTZE BHI', 'ESKURTZE 11', 'BILBAO', 48012, 944444408, '944102262', '014200aa@hezkuntza.net', 'http://www.eskurtze.net', '504918.72858104', '4788803.8128332'),
('BIZKAIA', 'DEPART. EDUCACIÓN', 14205, 'CIFP EMILIO CAMPUZANO LHII', 'SANTOS JUANES 7', 'BILBAO', 48006, 944333305, '944331893', '014205aa@hezkuntza.net', 'http://www.ecampuzano-atxuri.net', '506346.55424181', '4789143.8336229'),
('BIZKAIA', 'DEPART. EDUCACIÓN', 14279, 'IES ANDRA MARI BHI', 'ELEXALDE Z/G', 'GALDAKAO', 48960, 944562720, '944564055', '014279aa@hezkuntza.net', 'http://www.andramari-galdakao.net', '513514.89757200', '4786980.7439136'),
('BIZKAIA', 'DEPART. EDUCACIÓN', 14301, 'CIFP FADURA LHII', 'BIZKERRE Z/G', 'GETXO', 48991, 944069000, '944069001', '014301aa@hezkuntza.net', 'http://www.fadura.hezkuntza.net', '499739.83536662', '4800013.3311681'),
('BIZKAIA', 'DEPART. EDUCACIÓN', 14320, 'IES GERNIKA BHI', 'CARLOS GANGOITI 23', 'GERNIKA-LUMO', 48300, 946250589, '946250753', '014320aa@hezkuntza.net', 'http://www.gernikabhi.com', '526035.34632191', '4796353.5361088'),
('BIZKAIA', 'DEPART. EDUCACIÓN', 14339, 'IES JOSE MIGUEL BARANDIARAN BHI', 'SANTSOENA 6', 'LEIOA', 48940, 944648933, '944633502', '014339aa@hezkuntza.net', 'http://www.institutobarandiaran.com', '502109.00661222', '4797906.8799302'),
('BIZKAIA', 'DEPART. EDUCACIÓN', 14340, 'CIFP ESCUELA DE HOSTELERÍA  LHII', 'B. SARRIENA (UNIBERTSITATEA)', 'LEIOA', 48940, 946012446, '946013535', '014340aa@hezkuntza.net', 'http://www.hostelerialeioa.net', '502323.68716847', '4797624.9073249'),
('BIZKAIA', 'DEPART. EDUCACIÓN', 14398, 'IES JUAN ANTONIO ZUNZUNEGUI BHI', 'DOCTOR JOSE ZALDUA 20', 'PORTUGALETE', 48920, 944936281, '944937352', '014398aa@hezkuntza.net', '', '497609.68640962', '4796339.9688704'),
('BIZKAIA', 'DEPART. EDUCACIÓN', 14422, 'CIFP SAN JORGE LHII', 'PAJARES 34', 'SANTURTZI', 48980, 944004930, '944839060', '014422aa@hezkuntza.net', 'http://www.san-jorge.org', '496791.17092141', '4796872.7304283'),
('BIZKAIA', 'DEPART. EDUCACIÓN', 14440, 'IES ÁNGELA FIGUERA BHI', 'PABLO SARASATE 7', 'SESTAO', 48910, 944954033, '944950154', '014440aa@hezkuntza.net', '', '499804.47454005', '4794899.4520834'),
('BIZKAIA', 'DEPART. EDUCACIÓN', 14441, 'IES SATURNINO DE LA PEÑA BHI', 'DOCTOR FERRAN 5', 'SESTAO', 48910, 944961355, '944950400', '014441aa@hezkuntza.net', 'http://www.saturinsti.com', '499077.17458145', '4795086.6539790'),
('BIZKAIA', 'DEPART. EDUCACIÓN', 14601, 'IES NÁUTICO PESQUERA/NAUTIKA ETA ARRANTZAKO BHI', 'ONGINTZA Z/G', 'BERMEO', 48370, 946881862, '946880052', '014601aa@hezkuntza.net', '', '522591.14786373', '4807675.9114721'),
('BIZKAIA', 'PRIVADA', 14615, 'CPES ALMI BHIP', 'LEHENDAKARI AGIRRE 29', 'BILBAO', 48014, 944232089, '944223767', 'c.estudios.almi@gmail.com', '', '504161.48796180', '4791001.1055806'),
('BIZKAIA', 'PRIVADA', 14619, 'CPEIPS ÁNGELES CUSTODIOS HLBHIP', 'ZABALBIDE 21', 'BILBAO', 48006, 944339802, '944338755', 'acustodiosb@planalfa.es', '', '506624.33199861', '4789194.9332217'),
('BIZKAIA', 'PRIVADA', 14620, 'CPES ARANGOYA BHIP', 'ERCILLA 18', 'BILBAO', 48009, 944230033, '944243808', 'centroeducativo@arangoya.org', '', '505418.62464564', '4790125.7637539'),
('BIZKAIA', 'PRIVADA', 14621, 'CPES ARCE BHIP', 'SANTA MARÍA 16-18', 'BILBAO', 48005, 944150193, '000000000', 'direccion@centroarce.com', '', '506037.65666863', '4789451.9809004'),
('BIZKAIA', 'PRIVADA', 14622, 'CPES ARMENGOL BHIP', 'BAILEN 7', 'BILBAO', 48003, 944162018, '944161897', 'info@centroarmengol.com', '', '505891.72996213', '4789560.8687366'),
('BIZKAIA', 'PRIVADA', 14631, 'CPES CEINMARK BHIP', 'ITURRIBIDE 20-22', 'BILBAO', 48006, 944157298, '944157298', 'ceinmark@ceinmark.com', '', '506481.27484592', '4789476.6958698'),
('BIZKAIA', 'PRIVADA', 14633, 'CPES CRUZ ROJA BHIP', 'JOSE MARÍA OLAVARRI 6', 'BILBAO', 48001, 944247614, '944247615', 'escuelacrb@cruzroja.es', '', '505945.15478732', '4789693.0218372'),
('BIZKAIA', 'PRIVADA', 14634, 'CPES ES. DE QUIMICA Y ELECTRÓNICA BHIP', 'DOCTOR AREILZA 32', 'BILBAO', 48010, 944415978, '', 'equimica@indautxujesuitak.org', 'http://www.jesuitasindautxu.com', '504645.24690911', '4789809.5781125'),
('BIZKAIA', 'PRIVADA', 14635, 'CPES SOPEÑA-BILBAO BHIP', 'HURTADO DE AMEZAGA 44', 'BILBAO', 48008, 944223152, '944221875', 'centro@sopenabilbao.org', 'http://www.oscusbilbao.org', '505431.54588365', '4789466.0280412'),
('BIZKAIA', 'PRIVADA', 14643, 'CPES FERNANDO BHIP', 'ITURRIBIDE 68-BEH.', 'BILBAO', 48006, 944157613, '946791015', 'centrofernando@centrofernando.com', '', '506723.29037601', '4789344.7527264'),
('BIZKAIA', 'PRIVADA', 14648, 'CPES HERMANOS LARRINAGA S.L. BHIP', 'HURTADO DE AMEZAGA 20', 'BILBAO', 48008, 944153400, '944153822', 'centro@centrolarrinaga.com', '', '505664.11167618', '4789651.2603377'),
('BIZKAIA', 'PRIVADA', 14664, 'CPES SALESIANOS DEUSTO-M. AUX.-SA BHIP', 'LEHENDAKARI AGUIRRE 75', 'BILBAO', 48014, 944472650, '944472658', 'salesianos@salesianosdeusto.com', 'http://www.salesianosdeusto.com', '503722.72658680', '4791049.8456597'),
('BIZKAIA', 'PRIVADA', 14665, 'CPES MARÍA INMACULADA BHIP', 'FONTECHA Y SALAZAR 7', 'BILBAO', 48007, 944459923, '944459923', 'direccion@mariainmaculadabilbao.org', 'http://www.mariainmaculadabilbao.org/website/index.php', '505878.06659813', '4790653.2463863'),
('BIZKAIA', 'PRIVADA', 14669, 'CPES MIKELDI BHIP', 'AUTONOMIA 62', 'BILBAO', 48012, 944211131, '944446734', 'secretaria@mikeldi.com', 'http://www.mikeldi.com', '504487.29776162', '4789456.4399928'),
('BIZKAIA', 'PRIVADA', 14680, 'CPES DIEGO BERGUICES-OTXARKOAGA BHIP', 'ARBOLANTXA BIDEA 57', 'BILBAO', 48004, 944124992, '944598035', 'info@otxarkoaga.net', 'http://www.otxarkoaga.net', '508594.56105133', '4789791.3518224'),
('BIZKAIA', 'PRIVADA', 14696, 'CPES SAN LUIS BHIP', 'LICENCIADO POZA 31', 'BILBAO', 48011, 944395062, '944395219', 'malcubilla@centrosanluis.com', '', '504922.40622759', '4789874.5448887'),
('BIZKAIA', 'PRIVADA', 14704, 'CPES STA. MARÍA DE ARTAGAN BHIP', 'ZABALBIDE 110', 'BILBAO', 48007, 944450650, '944463484', 'direccion@colegioartagan.net', '', '507187.07788844', '4789673.3658382'),
('BIZKAIA', 'PRIVADA', 14718, 'CPES ZABALBURU BHIP', 'ESPERANZA 12', 'BILBAO', 48005, 944163195, '944153855', 'info@zabalburu.org', '', '506302.66985846', '4789823.0453713'),
('BIZKAIA', 'PRIVADA', 14723, 'CPES ARRATIAKO ZULAIBAR LANBIDE IKASTEGIA BHIP', 'ZULAIBAR AUZ. 17', 'ZEANURI', 48144, 946739116, '946317066', 'info@zulaibar.org', 'http://www.zulaibar.org', '519849.40463530', '4772800.2003222'),
('BIZKAIA', 'PRIVADA', 14728, 'CPES MARISTAK DURANGO BHIP', 'FRAY JUAN ANTONIO ABASOLO 6', 'DURANGO', 48200, 946810058, '946200638', 'san-jose@maristak.com', 'http://www.maristak.com', '529711.58283857', '4779848.2157190'),
('BIZKAIA', 'PRIVADA', 14747, 'CPES IBAIONDO BHIP', 'VENANCIO ECHEVARRIA 18', 'GETXO', 48930, 944636507, '944636507', 'ibaiondo@ibaiondo.net', '', '499081.10784918', '4796830.7089817'),
('BIZKAIA', 'PRIVADA', 14775, 'CPES LEA-ARTIBAI BHIP', 'XEMEIN 19', 'MARKINA-XEMEIN', 48270, 946169002, '946169160', 'sgabiola@leartik.com', 'http://www.leartik.com', '541067.19063983', '4790893.2375368'),
('BIZKAIA', 'PRIVADA', 14779, 'CPES SOMORROSTRO BHIP', 'SAN JUAN 10', 'MUSKIZ', 48550, 946706045, '946706052', 'cfs@somorrostro.com', 'http://www.somorrostro.com', '489972.35243924', '4796565.4729697'),
('BIZKAIA', 'PRIVADA', 14781, 'CPES NTRA. SRA. DE LA ANTIGUA BHIP', 'IÑAKI DEUNA 19', 'ONDARROA', 48700, 946830206, '946830206', 'arrantzaes@euskalnet.net', '', '546611.29229813', '4796505.1752431'),
('BIZKAIA', 'PRIVADA', 14797, 'CPES XABIER BHIP', 'EL CRISTO Z/G', 'PORTUGALETE', 48920, 944963411, '944963411', 'secretaria@centroxabier.es', '', '498559.46749317', '4796282.2206249'),
('BIZKAIA', 'PRIVADA', 14810, 'CPEIPS SAN JOSE DE CALASANZ HLBHIP', 'CUESTA DEL HOSPITAL BAJO 11', 'SANTURTZI', 48980, 944613519, '944937006', 'secretaria@sjcalasanz.com', '', '496983.65366482', '4797255.3825406'),
('BIZKAIA', 'PRIVADA', 14824, 'CPEIPS SAN VIATOR HLBHIP', 'SAN CRISTOBAL 2', 'SOPUERTA', 48190, 946104800, '946104720', 'secretaria@sanviator.com', 'http://www.sanviator.com', '487496.80155637', '4791552.9032637'),
('BIZKAIA', 'PRIVADA', 14828, 'CPEIPS MARISTAS-SAN MIGUEL HLBHIP', 'LEHENDAKARI J.A. AGIRRE 12-14', 'ZALLA', 48860, 946390029, '946391411', 'zalla.secre@maristasiberica.es', '', '488685.13491540', '4784374.0544976'),
('BIZKAIA', 'PRIVADA', 14837, 'CPES TXORIERRI S. COOP. LTDA. BHIP', 'UNTZAGA IBAIA 1', 'DERIO', 48160, 944034060, '944034061', 'info@txorierri.net', 'http://www.txorierri.net', '509707.60160610', '4793498.7072010'),
('BIZKAIA', 'PRIVADA', 14845, 'CPES ESPERANZA ALHAMA BHIP', 'LARRONDO 2', 'LOIU', 48180, 944710151, '944711581', 'ealhama1@sarenet.es', 'http://www.esperanzaalhama.org', '506938.70481240', '4793728.5504171'),
('BIZKAIA', 'DEPART. EDUCACIÓN', 14945, 'CIFP CONSTRUCCIÓN BIZKAIA  LHII', 'PROGRESO Z/G OIARGAN-LA PEÑA', 'ARRIGORRIAGA', 48003, 944013840, '944013849', '014945aa@hezkuntza.net', 'http://www.construccionbizkaia.com', '506731.84956239', '4787491.6399222'),
('BIZKAIA', 'DEPART. EDUCACIÓN', 14949, 'IES E. AGRARIA DERIO/DERIO NEKAZARITZA E. BHI', 'BERREAGA 5', 'DERIO', 48160, 944541421, '944540162', '014949aa@hezkuntza.net', 'http://www.mendikoi.net', '510281.03411014', '4793345.9482946'),
('BIZKAIA', 'DEPART. EDUCACIÓN', 14950, 'CIFP IURRETA LHII', 'OLABURU 19', 'IURRETA', 48215, 944668800, '946202828', '014950aa@hezkuntza.net', 'http://www.iurreta-institutua.net', '529582.43642520', '4780635.7754135'),
('BIZKAIA', 'DEPART. EDUCACIÓN', 15021, 'IES BARRUTIALDE BHI', 'BARRUTIA 7', 'ARRATZU', 48383, 946251143, '946256922', '015021aa@hezkuntza.net', '', '527062.87747132', '4796884.0681206'),
('BIZKAIA', 'PRIVADA', 15069, 'CPES PEÑASCAL BHIP', 'BILBAO-GALDAKAO ER. 10', 'BILBAO', 48002, 944700704, '944700792', 'cpes-bhip@grupopenascal.com', '', '507512.31047916', '4788333.8284971'),
('BIZKAIA', 'DEPART. EDUCACIÓN', 15108, 'IES MUNGIA BHI', 'AITA ELORRIAGA 22', 'MUNGIA', 48100, 946740600, '946744184', '015108aa@hezkuntza.net', '', '512797.88842709', '4799945.2550248'),
('BIZKAIA', 'DEPART. EDUCACIÓN', 15112, 'CIFP ELORRIETA-ERREKA MARI LHII', 'LEHENDAKARI AGUIRRE 184', 'BILBAO', 48015, 944028000, '944759425', '015112aa@hezkuntza.net', 'http://www.elorrieta.com', '502826.10646143', '4792302.4906874'),
('BIZKAIA', 'DEPART. EDUCACIÓN', 15176, 'CIFP HOSTELERÍA/OSTALARITZA  LHII', 'SIXTA BARRENETXEA 24', 'GALDAKAO', 48960, 944560458, '944561413', '015176aa@hezkuntza.net', '', '511661.42967452', '4786746.6415644'),
('BIZKAIA', 'DEPART. EDUCACIÓN', 15188, 'IES IBARREKOLANDA BHI', 'ARBOLAGANA 2', 'BILBAO', 48015, 944477016, '944760107', '015188aa@hezkuntza.net', 'http://www.ibarrekolanda.net', '503580.34559334', '4791375.0594633'),
('BIZKAIA', 'PRIVADA', 15218, 'CPES JURITECNIA BHIP', 'ARENAL K. 5-1.', 'BILBAO', 48005, 944794520, '944794521', 'info@juritecnia.com', '', '506247.98341909', '4789668.9667336'),
('BIZKAIA', 'PRIVADA', 15220, 'CPES IBAIZABAL KOOP. E. IKASTOLA BHIP', 'INTXAURRONDO 54', 'DURANGO', 48200, 946215877, '946218242', 'idazkaritza@ibaizabalikastola.eus', '', '530035.38065239', '4778779.2633012'),
('BIZKAIA', 'PRIVADA', 15234, 'CPES EIDE BHIP', 'JENARO ORAA 6', 'SANTURTZI', 48980, 944937005, '944615723', 'eide@eide.es', 'http://www.eide.es', '497351.45130380', '4797223.4790344'),
('BIZKAIA', 'PRIVADA', 15260, 'CPES CTRO. DE INFORM. Y GESTIÓN MEATZE, S.L. BHIP', 'GABRIEL ARESTI 3', 'BARAKALDO', 48902, 944780388, '944780388', 'webmaster@meatze.es', '', '500556.97379882', '4793956.0241154'),
('BIZKAIA', 'PRIVADA', 15305, 'CPES HARROBIA BHIP', 'HARROBIA PL. 4', 'BILBAO', 48003, 944724366, '944721731', 'harrobia@ikastola.net', '', '505775.80163717', '4789106.1312971'),
('BIZKAIA', 'DEPART. EDUCACIÓN', 15307, 'IES FRAY JUAN DE ZUMARRAGA-DURANGO BHI', 'FRAY JUAN DE ZUMARRAGA Z/G', 'DURANGO', 48200, 946817325, '946810258', '015307aa@hezkuntza.net', '', '529472.00807839', '4779964.7819923'),
('BIZKAIA', 'PRIVADA', 15325, 'CPES ESCUELA SUPERIOR DE HOSTELERÍA BILBAO BHIP', 'CTRA ENEKURI-ARTXANDA KM 3', 'BILBAO', 48015, 944745110, '944745201', 'escuela@escuelahosteleria.com', 'http://www.escuelahosteleria.com', '504803.84747830', '4791848.9729996'),
('BIZKAIA', 'PRIVADA', 15326, 'CPES BAGABILTZA BHIP', 'JULIAN GAYARRE 41-43 4080 P.K.', 'BILBAO', 48004, 944731444, '944598075', 'bagabiltza@bagabiltza.com', '', '508053.03996472', '4789223.0574971'),
('BIZKAIA', 'PRIVADA', 15337, 'CPES BAGABILTZA BHIP', 'B. IBARRA S/N. ED. EL LONGAR', 'ZALLA', 48860, 944731444, '944598075', 'bagabiltza@bagabiltza.com', '', '488345.34840950', '4783448.2929337'),
('BIZKAIA', 'PRIVADA', 15385, 'CPES BAGABILTZA BHIP', 'GRAN VIA 51', 'SESTAO', 48910, 944731444, '944598075', 'bagabiltza@bagabiltza.com', '', '500079.66310174', '4795002.1111874'),
('BIZKAIA', 'PRIVADA', 15386, 'CPES IKASAUTO BHIP', 'IBAIBE 1-2', 'BARAKALDO', 48901, 944378179, '944389556', 'ikasauto@ikasauto.com', '', '500072.47272552', '4794193.6057564'),
('BIZKAIA', 'PRIVADA', 15476, 'CPES BAGABILTZA BHIP', 'CORRERIAS 62', 'BALMASEDA', 48800, 944731444, '944598075', 'bagabiltza@bagabiltza.com', '', '484093.17265213', '4782379.1605525'),
('BIZKAIA', 'PRIVADA', 15572, 'CPES ORUE ESKOLA BHIP', 'SAN MIGUEL DUDEA Z/G', 'AMOREBIETA-ETXANO', 48340, 946300058, '946308199', 'info@orueeskola.org', '', '524137.40858613', '4783443.2939513'),
('BIZKAIA', 'DEPART. EDUCACIÓN', 15623, 'IES ONDARROA BHI', 'ARTIBAI 5', 'ONDARROA', 48700, 946830098, '946831921', '015623aa@hezkuntza.net', '', '546563.16130497', '4796415.1035769'),
('BIZKAIA', 'DEPART. EDUCACIÓN', 15624, 'IES LEKEITIO BHI', 'LARROTEGI AUZOA 5', 'LEKEITIO', 48280, 946841311, '946840107', '015624aa@hezkuntza.net', '', '539847.44061403', '4801008.1286800'),
('BIZKAIA', 'DEPART. EDUCACIÓN', 15628, 'CIFP ZORNOTZA LHII', 'B. URRITXE Z/G', 'AMOREBIETA-ETXANO', 48340, 946730251, '944040731', '015628aa@hezkuntza.net', '', '522285.24353204', '4785728.1688716'),
('BIZKAIA', 'DEPART. EDUCACIÓN', 15630, 'CIFP TARTANGA LHII', 'TARTANGA 15', 'ERANDIO', 48950, 944675311, '944675004', '015630aa@hezkuntza.net', '', '502108.63554923', '4794940.6137051'),
('BIZKAIA', 'DEPART. EDUCACIÓN', 15666, 'CIFP REPELEGA LHII', 'MIGUEL DE UNAMUNO 19', 'PORTUGALETE', 48920, 944955903, '944955919', '015666aa@hezkuntza.net', '', '498374.71935172', '4795521.8653930'),
('BIZKAIA', 'PRIVADA', 15673, 'CPES BEURKO CHECK BHIP', 'IBAIBE POL BEURKO VIEJO 13-15', 'BARAKALDO', 48902, 944378179, '944378179', 'beurkocheck@gmail.com', '', '500319.48523725', '4794402.6831993'),
('BIZKAIA', 'DEPART. EDUCACIÓN', 15763, 'CIFP TXURDINAGA LHII', 'DOCTOR ORNILLA 2', 'BILBAO', 48004, 944125712, '944731359', '015763aa@hezkuntza.net', '', '507888.05711204', '4789446.1420889'),
('BIZKAIA', 'PRIVADA', 15769, 'CPES GRUPO ALBOR COHS BHIP', 'TIBOLI 2', 'BILBAO', 48007, 944820094, '944820271', 'investigacion@calvida.com', '', '506046.29006761', '4790343.6893957'),
('BIZKAIA', 'PRIVADA', 15774, 'CPES GRUPO HOSPITALARIO QUIRÓN BHIP', 'LEIOA - UNBE ERREPIDEA 33 BIS', 'ERANDIO', 48950, 944898008, '000000000', 'escuela.hospbizkaia@quiron.es', '', '503764.72267180', '4797405.3920066');

-- --------------------------------------------------------

--
-- Estructura de tabla para la tabla `ciclos`
--

CREATE TABLE `ciclos` (
  `cod_ciclo` varchar(5) COLLATE utf8_spanish_ci NOT NULL,
  `cod_familia` varchar(3) COLLATE utf8_spanish_ci NOT NULL,
  `tipo` varchar(8) COLLATE utf8_spanish_ci NOT NULL,
  `nom_ciclo_es` varchar(68) COLLATE utf8_spanish_ci NOT NULL,
  `nom_ciclo_eu` varchar(70) COLLATE utf8_spanish_ci NOT NULL
) ENGINE=InnoDB DEFAULT CHARSET=utf8 COLLATE=utf8_spanish_ci;

--
-- Volcado de datos para la tabla `ciclos`
--

INSERT INTO `ciclos` (`cod_ciclo`, `cod_familia`, `tipo`, `nom_ciclo_es`, `nom_ciclo_eu`) VALUES
('AAFD3', 'AFD', 'Superior', 'Animación de Actividades Fisicas y Deportivas', 'Gorputz- eta Kirol-Ekintzen Sustapena'),
('ACCO2', 'COM', 'Medio', 'Actividades Comerciales', 'Merkataritza Jarduerak'),
('ACMN2', 'AGA', 'Medio', 'Aprovechamiento y Conservación Del Medio Natural', 'Natura-Ingurunea Aprobetxatzea eta Kontserbatzea'),
('ACUI3', 'MPE', 'Superior', 'Acuicultura', 'Akuikultura'),
('ADFI3', 'ADG', 'Superior', 'Administración y Finanzas', 'Administrazioa eta Finantzak'),
('AIPC3', 'IMP', 'Superior', 'Asesoría de Imagen Personal y Corporativa', 'Irudi Pertsonalaren eta Korporatiboaren Aholkularitza'),
('AJEI3', 'IMS', 'Superior', 'Animaciones 3D, Juegos y Entornos Interactivos', '3D Animazioak, Jokoak eta Multimedia Elkarreragileak'),
('ANPA3', 'SAN', 'Superior', 'Anatomía Patológica y Citodiagnóstico', 'Anatomia Patologikoa eta Zitodiagnosia'),
('ASDI3', 'ADG', 'Superior', 'Asistencia a La Dirección', 'Zuzendaritzari Laguntza Ematea'),
('ASIR3', 'IFC', 'Superior', 'Administración de Sistemas Informáticos en Red', 'Sare-Informatika Sistemen Administrazioa'),
('ASTU3', 'SSC', 'Superior', 'Animación Sociocultural y Turística', 'Animazio Soziokulturala eta Turistikoa'),
('AURI3', 'ELE', 'Superior', 'Automatización y Robótica Industrial', 'Automatizazioa eta Robotika Industriala'),
('AUTO3', 'TMV', 'Superior', 'Automoción', 'Automozioa'),
('AVGE3', 'HOT', 'Superior', 'Agencias de Viajes y Gestión de Eventos', 'Bidaia Agentzietako eta Ospakizunen Kudeaketa'),
('CAEN2', 'SAN', 'Medio', 'Cuidados Auxiliares de Enfermería', 'Erizaintzaren Laguntza'),
('CAFD2', 'AFD', 'Medio', 'Conducción de Actividades Fisico-Deportivas en El Medio Natural', 'Natura-Inguruneko Gorputz- eta Kirol-Ekintzen Gidaritza'),
('CAMP3', 'IMP', 'Superior', 'Caracterización y Maquillaje Profesional', 'Karakterizazio eta Makillaje Profesionala'),
('CAMU2', 'MAM', 'Medio', 'Carpintería y Mueble', 'Arotzeria eta Altzarigintza'),
('CARR2', 'TMV', 'Medio', 'Carrocería', 'Karrozeria'),
('COGA2', 'HOT', 'Medio', 'Cocina y Gastronomía', 'Sukaldaritza eta Gastronomia'),
('COIN3', 'COM', 'Superior', 'Comercio Internacional', 'Nazioarteko Merkataritza'),
('COME3', 'FME', 'Superior', 'Construcciones Metálicas', 'Metal Eraikuntzak'),
('COMO2', 'TCP', 'Medio', 'Confección y Moda', 'Jantzigintza eta Moda'),
('CONS2', 'EOC', 'Medio', 'Construcción', 'Eraikuntza'),
('DADS3', 'SAN', 'Superior', 'Documentación y Administración Sanitarias', 'Osasun-Dokumentazioa eta Administrazioa'),
('DAPM3', 'IFC', 'Superior', 'Desarrollo de Aplicaciones Multiplataforma', 'Plataforma Anitzeko Aplikazioen Garapena'),
('DAPW3', 'IFC', 'Superior', 'Desarrollo de Aplicaciones Web', 'Web Aplikazioen Garapena'),
('DEPM3', 'ARG', 'Superior', 'Diseño y Edición de Publicaciones Impresas y Multimedia', 'Argitalpen Inprimatuen eta Multimedia-Argitalpenen Diseinu eta Edizioa'),
('DGPG3', 'ARG', 'Superior', 'Diseño y Gestión de La Producción Gráfica', 'Produkzio Grafikoaren Diseinu eta Kudeaketa'),
('DIAM3', 'MAM', 'Superior', 'Diseño y Amueblamiento', 'Diseinua eta Altzari-Hornikuntza'),
('DICO3', 'HOT', 'Superior', 'Dirección de Cocina', 'Sukalde Zuzendaritza'),
('DIET3', 'SAN', 'Superior', 'Dietética', 'Dietetika'),
('DIFM3', 'FME', 'Superior', 'Diseño en Fabricación Mecánica', 'Fabrikazio Mekanikoko Diseinua'),
('DISR3', 'HOT', 'Superior', 'Dirección de Servicios en Restauración', 'Jatetxe Arloko Zerbitzuen Zuzendaritza'),
('DPTF3', 'IMA', 'Superior', 'Desarrollo de Proyectos de Instalaciones Térmicas y de Fluidos', 'Instalazio Termiko eta Fluidodunen Proiektuen Garapena'),
('EDCA3', 'SMA', 'Superior', 'Educación y Control Ambiental', 'Ingurumen-Hezkuntza eta Kontrola'),
('EDIN3', 'SMA', 'Superior', 'Educación Infantil', 'Haur Hezkuntza'),
('EDPE3', 'IMP', 'Superior', 'Estilismo y Dirección de Peluquería', 'Ile-Apainketako Estilismoa eta Zuzendaritza'),
('EEST3', 'ENA', 'Superior', 'Eficiencia Energética y Energía Solar Térmica', 'Energi-Eraginkoratasuna eta Eguzki-Energia'),
('ELMA2', 'TMV', 'Medio', 'Electromecánica de Maquinaria', 'Makineriako Elektromekanika'),
('ELVA2', 'TMV', 'Medio', 'Electromecánica de Vehículos Automóviles', 'Ibilgailu Automobilen Elektromekanika'),
('EMCL3', 'ELE', 'Superior', 'Electromedicina Clínica', 'Elektromedikuntza Klinikloa'),
('EMSA2', 'SAN', 'Medio', 'Emergencias Sanitarias', 'Osasun-Larrialdiak'),
('ESBE2', 'IMP', 'Medio', 'Estética y Belleza', 'Estetika eta Edergintza'),
('ESIB3', 'IMP', 'Superior', 'Estética Integral y Bienestar', 'Estetika Integrala eta Ongizatea'),
('FAPA2', 'SAN', 'Medio', 'Farmacia y Parafarmacia', 'Farmazia eta Parafarmazia'),
('FPPB3', 'QUI', 'Superior', 'Fabricación de Productos Farmaceúticos, Biotecnológicos y Afines', 'Produktu Farmazeutikoak, Bioteknologikoak eta Antzkoak Fabrikatzea'),
('GADM2', 'ADG', 'Medio', 'Gestión Administrativa', 'Administrazio Kudeaketa'),
('GALT3', 'HOT', 'Superior', 'Gestión de Alojamientos Turísticos', 'Turismo-Ostatuen Kudeaketa'),
('GEAT3', 'HOT', 'Superior', 'Guía, Información y Asistencias Turísticas', 'Turismo Gidaritza, Informazioa eta Laguntza'),
('GFMN3', 'AGA', 'Superior', 'Gestión Forestal y Del Medio Natural', 'Basoa eta Natura-Ingurunea Kudeatzea'),
('GVEC3', 'COM', 'Superior', 'Gestión de Ventas y Espacios Comerciales', 'Salmentak eta Merkataritza-Espazioak Kudeatzea'),
('HIGB3', 'SAN', 'Superior', 'Higiene Bucodental', 'Ahoaren eta Hortzen Higienea'),
('ICTI3', 'IMS', 'Superior', 'Iluminación, Captación y Tratamiento de Imagen', 'Irudia Argiztatu, Hartu eta Tratatzea'),
('IDMN3', 'SAN', 'Superior', 'Imagen Para El Diagnóstico y Medicina Nuclear', 'Diagnosi Irudia eta Medikuntza Nuklearra'),
('IMGR2', 'ARG', 'Medio', 'Impresión Gráfica', 'Inprimaketa Grafikoa'),
('INAM2', 'MAM', 'Medio', 'Instalación y Amueblamiento', 'Instalazioa eta Altzari-Hornikuntza'),
('INEA2', 'ELE', 'Medio', 'Instalaciones Eléctricas y Automáticas', 'Instalazio Elektriko eta Automatikoak'),
('INFC2', 'IMA', 'Medio', 'Instalaciones Frigoríficas y de Climatización', 'Hozteko eta Girotzeko Instalazioak'),
('INPC2', 'IMA', 'Medio', 'Instalaciones de Producción de Calor', 'Beroa Sortzeko Instalazioak'),
('INSO3', 'SSC', 'Superior', 'Integración Social', 'Gizarteratzea'),
('INTE2', 'ELE', 'Medio', 'Instalaciones de Telecomunicaciones', 'Telekomunikazio Instalazioak'),
('JAFO2', 'AGA', 'Medio', 'Jardinería y Floristería', 'Lorezaintza eta Loradenda'),
('LACB3', 'SAN', 'Superior', 'Laboratorio Clínico y Biomédico', 'Laborategi Kliniko eta Biomedikoa'),
('LACC3', 'QUI', 'Superior', 'Laboratorio de Análisis y de Control de Calidad', 'Analisiko eta Kalitate Kontroleko Laborategia'),
('MAEL2', 'IMA', 'Medio', 'Mantenimiento Electromecánico', 'Mantentze-Lan Elektromekanikoa'),
('MAEL3', 'ELE', 'Superior', 'Mantenimiento Electrónico', 'Mantentze-Lan Elektronikoa'),
('MAPU3', 'COM', 'Superior', 'Marketing y Publicidad', 'Marketina eta Publizitatea'),
('MCMB2', 'MPE', 'Medio', 'Mantenimiento y Control de La Maquinaria de Buques y Embarcaciones', 'Itsasontzien eta Ontzien Makineria Mantentzea eta Kontrolatzea'),
('MECA2', 'FME', 'Medio', 'Mecanizado', 'Mekanizazioa'),
('MEIN3', 'IMA', 'Superior', 'Mecatrónica Industrial', 'Mekatronika Industriala'),
('MITF3', 'IMA', 'Superior', 'Mantenimiento de Instalaciones Térmicas y de Fluidos', 'Instalazio Termiko eta Fluidodunen Mantenimendua'),
('NPLI2', 'MPE', 'Medio', 'Navegación y Pesca de Litoral', 'Itsasertzeko Nabigazioa eta Arrantza'),
('OCOC3', 'EOC', 'Superior', 'Organización y Control de Obras de Construcción', 'Eraikuntza Obrak Antolatzea eta Kontrolatzea'),
('OIDR2', 'EOC', 'Medio', 'Obras de Interior, Decoración y Rehabilitación', 'Barnealdeetako, Dekorazioko eta Birgaitzeko Obrak'),
('OMMB3', 'MPE', 'Superior', 'Organización y Mantenimiento de Maquinaria de Buques y Embarcaciones', 'Itsasontzien eta Ontzien Makineria Mantentzeko Lanak Antolatzea'),
('OPAP3', 'SAN', 'Superior', 'Ortoprótesis y Productos de Apoyo', 'Ortoprotesia eta Laguntza Produktuak'),
('OPLA2', 'QUI', 'Medio', 'Operaciones de Laboratorio', 'Laborategiko Eragiketak'),
('OSHI2', 'MPE', 'Medio', 'Operaciones Subacuáticas E Hiperbáricas', 'Urpeko Eragiketak eta Eragiketa Hiperbarikoak'),
('PAES3', 'IMS', 'Superior', 'Producción de Audiovisuales y Espectáculos', 'Ikus-Entzunezko eta Ikuskizunen Produkzioa'),
('PAMO3', 'TCP', 'Superior', 'Patronaje y Moda', 'Patroigintza eta Moda'),
('PAMR3', 'AGA', 'Superior', 'Paisajismo y Medio Rural', 'Paisajismoa eta Landa-Ingurunea'),
('PARC2', 'INA', 'Medio', 'Panadería, Repostería y Confitería', 'Okintza, Gozogintza eta Konfiteria'),
('PCIA3', 'INA', 'Superior', 'Procesos y Calidad en La Industria Alimentaria', 'Elikagaien Industriako Prozesuak eta Kalitatea'),
('PCOC2', 'IMP', 'Medio', 'Peluquería y Cosmética Capilar', 'Ile-Apainketa eta -Kosmetika'),
('PESD2', 'SMA', 'Medio', 'Atención a Personas en Situación de Dependencia', 'Mendekotasun-Egoeran Dauden Pertsonentzako Arreta'),
('PLQI2', 'QUI', 'Medio', 'Planta Química', 'Kimikagintza'),
('PPFM3', 'FME', 'Superior', 'Programación de La Producción en Fabricación Mecánica', 'Fabrikazio Mekanikoko Produkzioaren Programazioa'),
('PRAE2', 'AGA', 'Medio', 'Producción Agroecológica', 'Nekazaritza Ekologikoa'),
('PRAP2', 'AGA', 'Medio', 'Producción Agropecuaria', 'Nekazaritza eta Abelzaintza Produkzioa'),
('PRED3', 'EOC', 'Superior', 'Proyectos de Edificación', 'Eraikuntza Proiektuak'),
('PRID2', 'ARG', 'Medio', 'Preimpresión Digital', 'Aurreinprimaketa Digitala'),
('PROC3', 'EOC', 'Superior', 'Proyectos de Obra Civil', 'Obra Zibileko Proiektuak'),
('PRRP3', 'IMA', 'Superior', 'Prevención de Riesgos Profesionales', 'Lan Arriskuen Prebentzioa'),
('QUAM3', 'QUI', 'Superior', 'Química Ambiental', 'Ingurugiro-Kimika'),
('QUIN3', 'QUI', 'Superior', 'Química Industrial', 'Kimika Industriala'),
('RAES3', 'IMS', 'Superior', 'Realización de Proyectos de Audiovisuales y Espectáculos', 'Ikus Entzunezko Proiektuen eta Ikuskizunen Errealizazioa'),
('SAAM3', 'SAN', 'Superior', 'Salud Ambiental', 'Ingurugiro-Osasuna'),
('SAES3', 'IMS', 'Superior', 'Sonido Para Audiovisuales y Espectáculos', 'Ikus-Entzunezkoetarako eta Ikuskizunetarako Soinua'),
('SELA3', 'ELE', 'Superior', 'Sistemas Electrotécnicos y Automatizados', 'Sistema Elektroteknikoak eta Automatizatuak'),
('SERR2', 'HOT', 'Medio', 'Servicios en Restauración', 'Jatetxe Arloko Zerbitzuak'),
('SMIR2', 'IFC', 'Medio', 'Sistemas Microinformáticos y Redes', 'Mikroinformatika-Sistemak eta Sareak'),
('SOCA2', 'FME', 'Medio', 'Soldadura y Calderería', 'Soldadura eta Galdaragintza'),
('STEI3', 'ELE', 'Superior', 'Sistemas de Telecomunicaciones E Informáticos', 'Telekomunikazio- eta Informatika-Sistemak'),
('TMPA3', 'MPE', 'Superior', 'Transporte Marítimo y Pesca de Altura', 'Itsas Garraioa eta Alturako Arrantza'),
('TRLO3', 'COM', 'Superior', 'Transporte y Logística', 'Garraio eta Logistika'),
('VDJS2', 'IMS', 'Medio', 'Video, Disc-Jockey y Sonido', 'Disc-Jockeya, Bideo eta Soinua'),
('VMES3', 'TCP', 'Superior', 'Vestuario a Medida y de Espectáculos', 'Neurriko Jantziak eta Ikuskizunetakoak');

-- --------------------------------------------------------

--
-- Estructura de tabla para la tabla `familias`
--

CREATE TABLE `familias` (
  `cod_familia` varchar(3) COLLATE utf8_spanish_ci NOT NULL,
  `nom_familia_eu` varchar(40) COLLATE utf8_spanish_ci NOT NULL,
  `nom_familia_es` varchar(42) COLLATE utf8_spanish_ci NOT NULL
) ENGINE=InnoDB DEFAULT CHARSET=utf8 COLLATE=utf8_spanish_ci;

--
-- Volcado de datos para la tabla `familias`
--

INSERT INTO `familias` (`cod_familia`, `nom_familia_eu`, `nom_familia_es`) VALUES
('ADG', 'Administrazioa eta Kudeaketa', 'Administración y Gestión'),
('AFD', 'Jarduera Fisikoak eta Kirolak', 'Actividades Físicas y Deportivas'),
('AGA', 'Nekazaritza', 'Agraria'),
('ARG', 'Arte Grafikoak', 'Artes Gráficas'),
('COM', 'Merkataritza eta Marketina', 'Comercio y Marketing'),
('ELE', 'Elektrizitatea eta Elektronika', 'Electricidad y Electrónica'),
('ENA', 'Energia eta Ura', 'Energía y Agua'),
('EOC', 'Eraikuntza eta Obra Zibila', 'Edificación y Obra Civil'),
('FME', 'Fabrikazio Mekanikoa', 'Fabricación Mecánica'),
('HOT', 'Ostalaritza eta Turismoa', 'Hostelería y Turismo'),
('IFC', 'Informatika eta Komunikazioak', 'Informática y Comunicaciones'),
('IMA', 'Instalatze eta Mantentze Lanak', 'Instalación y Mantenimiento'),
('IMP', 'Irudi Pertsonala', 'Imagen Personal'),
('IMS', 'Irudi eta Soinua', 'Imagen y Sonido'),
('INA', 'Elikagaien Industriak', 'Industrias Alimentarias'),
('MAM', 'Zurgintza, Altzarigintza eta Kortxoa', 'Madera, Mueble y Corcho'),
('MPE', 'Itsasoa eta Arrantza', 'Marítimo Pesquera'),
('QUI', 'Kimika', 'Química'),
('SAN', 'Osasungintza', 'Sanidad'),
('SMA', 'Segurtasuna eta Ingurumena', 'Seguridad y Medio Ambiente'),
('SSC', 'Gizarte eta Kultur Zerbitzuak', 'Servicios Socioculturales y a La Comunidad'),
('TCP', 'Ehungintza, Jantzigintza eta Larrugintza', 'Textil, Confección y Piel'),
('TMV', 'Garraioa eta Ibilgailuen Mantentze Lanak', 'Transporte y Mantenimiento de Vehículos');

-- --------------------------------------------------------

--
-- Estructura de tabla para la tabla `oferta`
--

CREATE TABLE `oferta` (
  `codigo` int(3) NOT NULL DEFAULT 0,
  `cod_ciclo` varchar(5) CHARACTER SET utf8 COLLATE utf8_spanish_ci DEFAULT NULL,
  `cod_centro` int(6) DEFAULT NULL,
  `modelo` varchar(11) CHARACTER SET utf8 COLLATE utf8_spanish_ci DEFAULT NULL,
  `turno` varchar(8) CHARACTER SET utf8 COLLATE utf8_spanish_ci DEFAULT NULL
) ENGINE=InnoDB DEFAULT CHARSET=utf8;

--
-- Volcado de datos para la tabla `oferta`
--

INSERT INTO `oferta` (`codigo`, `cod_ciclo`, `cod_centro`, `modelo`, `turno`) VALUES
(1, 'CAFD2', 12229, 'D', 'Diurno'),
(2, 'CAFD2', 15307, 'D', 'Diurno'),
(3, 'CAFD2', 13015, 'D', 'Diurno'),
(4, 'AAFD3', 14010, 'AD', 'Diurno'),
(5, 'AAFD3', 12345, 'D', 'Diurno'),
(6, 'AAFD3', 14069, 'A', 'Diurno'),
(7, 'AAFD3', 15305, 'D', 'Diurno'),
(8, 'AAFD3', 14669, 'AB', 'Diurno'),
(9, 'AAFD3', 12229, 'AD', 'Diurno'),
(10, 'AAFD3', 12362, 'D', 'Diurno'),
(11, 'AAFD3', 15307, 'D', 'Diurno'),
(12, 'AAFD3', 12053, 'A', 'Diurno'),
(13, 'AAFD3', 14301, 'D', 'Diurno'),
(14, 'AAFD3', 10138, 'D', 'Diurno'),
(15, 'AAFD3', 10221, 'A', 'Diurno'),
(16, 'GADM2', 14069, 'A', 'Diurno'),
(17, 'GADM2', 14088, 'AD', 'Diurno'),
(18, 'GADM2', 13020, 'D', 'Diurno'),
(19, 'GADM2', 14704, 'A', 'Diurno'),
(20, 'GADM2', 14696, 'A', 'Diurno'),
(21, 'GADM2', 14615, 'B', 'Diurno'),
(22, 'GADM2', 14635, 'A', 'Diurno'),
(23, 'GADM2', 12982, 'AD', 'Diurno'),
(24, 'GADM2', 12517, 'A', 'Diurno'),
(25, 'GADM2', 12544, 'A', 'Diurno'),
(26, 'GADM2', 12497, 'A', 'Diurno'),
(27, 'GADM2', 14728, 'AB', 'Diurno'),
(28, 'GADM2', 12053, 'A', 'Diurno'),
(29, 'GADM2', 13432, 'D', 'Diurno'),
(30, 'GADM2', 15630, 'AB', 'Diurno'),
(31, 'GADM2', 14279, 'AD', 'Diurno'),
(32, 'GADM2', 14747, 'A', 'Diurno'),
(33, 'GADM2', 12108, 'ABD', 'Diurno'),
(34, 'GADM2', 14950, 'ABD', 'Diurno'),
(35, 'GADM2', 15624, 'D', 'Diurno'),
(36, 'GADM2', 10201, 'A', 'Diurno'),
(37, 'GADM2', 15108, 'ABD', 'Diurno'),
(38, 'GADM2', 14779, 'A', 'Diurno'),
(39, 'GADM2', 15666, 'AB', 'Diurno'),
(40, 'GADM2', 14810, 'A', 'Diurno'),
(41, 'GADM2', 13022, 'ABD', 'Diurno'),
(42, 'GADM2', 10137, 'A', 'Diurno'),
(43, 'GADM2', 10248, 'A', 'Diurno'),
(44, 'ADFI3', 15572, 'D', 'Diurno'),
(45, 'ADFI3', 12746, 'B', 'Diurno'),
(46, 'ADFI3', 13556, 'D', 'Diurno'),
(47, 'ADFI3', 14069, 'A', 'Diurno'),
(48, 'ADFI3', 14088, 'AD', 'Diurno'),
(49, 'ADFI3', 14088, 'A', 'Nocturno'),
(50, 'ADFI3', 13020, 'D inglés', 'Diurno'),
(51, 'ADFI3', 15112, 'A', 'Diurno'),
(52, 'ADFI3', 15763, 'ABD', 'Diurno'),
(53, 'ADFI3', 14615, 'A', 'Diurno'),
(54, 'ADFI3', 14718, 'A', 'Diurno'),
(55, 'ADFI3', 14704, 'A', 'Diurno'),
(56, 'ADFI3', 14696, 'A', 'Diurno'),
(57, 'ADFI3', 14635, 'A', 'Diurno'),
(58, 'ADFI3', 14669, 'A', 'Diurno'),
(59, 'ADFI3', 12982, 'AD inglés', 'Diurno'),
(60, 'ADFI3', 12490, 'AD', 'Diurno'),
(61, 'ADFI3', 12479, 'A', 'Diurno'),
(62, 'ADFI3', 12497, 'A', 'Diurno'),
(63, 'ADFI3', 14728, 'AB', 'Diurno'),
(64, 'ADFI3', 12053, 'ABD', 'Diurno'),
(65, 'ADFI3', 13432, 'D', 'Diurno'),
(66, 'ADFI3', 15630, 'AB', 'Diurno'),
(67, 'ADFI3', 14279, 'ABD', 'Diurno'),
(68, 'ADFI3', 12108, 'A', 'Diurno'),
(69, 'ADFI3', 12742, 'A', 'Diurno'),
(70, 'ADFI3', 14950, 'D', 'Diurno'),
(71, 'ADFI3', 10201, 'A', 'Diurno'),
(72, 'ADFI3', 14775, 'D', 'Diurno'),
(73, 'ADFI3', 14779, 'A', 'Diurno'),
(74, 'ADFI3', 12132, 'D', 'Diurno'),
(75, 'ADFI3', 12462, 'D', 'Diurno'),
(76, 'ADFI3', 12581, 'D', 'Diurno'),
(77, 'ADFI3', 15666, 'AB', 'Diurno'),
(78, 'ADFI3', 14797, 'A', 'Diurno'),
(79, 'ADFI3', 14810, 'A', 'Diurno'),
(80, 'ADFI3', 13023, 'D', 'Diurno'),
(81, 'ADFI3', 13022, 'AD inglés', 'Diurno'),
(82, 'ADFI3', 10137, 'ABD', 'Diurno'),
(83, 'ADFI3', 10248, 'AD', 'Diurno'),
(84, 'ADFI3', 10248, 'A', 'Nocturno'),
(85, 'ADFI3', 12298, 'D', 'Diurno'),
(86, 'ASDI3', 15112, 'A', 'Diurno'),
(87, 'ASDI3', 14669, 'A', 'Diurno'),
(88, 'ASDI3', 12490, 'AB', 'Diurno'),
(89, 'ASDI3', 10201, 'A', 'Diurno'),
(90, 'ASDI3', 12462, 'D', 'Diurno'),
(91, 'ASDI3', 10137, 'A', 'Diurno'),
(92, 'ASDI3', 10248, 'A', 'Diurno'),
(93, 'PRAE2', 14949, 'ABD', 'Diurno'),
(94, 'PRAE2', 10108, 'A inglés', 'Diurno'),
(95, 'PRAP2', 12040, 'D', 'Diurno'),
(96, 'JAFO2', 14949, 'A', 'Diurno'),
(97, 'JAFO2', 10108, 'A', 'Diurno'),
(98, 'JAFO2', 12040, 'D', 'Diurno'),
(99, 'ACMN2', 10157, 'A', 'Diurno'),
(100, 'GFMN3', 14949, 'D', 'Diurno'),
(101, 'GFMN3', 12040, 'D', 'Diurno'),
(102, 'GFMN3', 10157, 'A', 'Diurno'),
(103, 'PAMR3', 14949, 'A', 'Diurno'),
(104, 'PAMR3', 10108, 'A', 'Diurno'),
(105, 'PRID2', 14205, 'AD', 'Diurno'),
(106, 'PRID2', 12498, 'A', 'Diurno'),
(107, 'IMGR2', 14205, 'AD', 'Diurno'),
(108, 'IMGR2', 14205, 'A', 'Nocturno'),
(109, 'IMGR2', 12572, 'B', 'Diurno'),
(110, 'IMGR2', 10138, 'AD', 'Diurno'),
(111, 'DEPM3', 14205, 'A', 'Nocturno'),
(112, 'DEPM3', 12498, 'A', 'Diurno'),
(113, 'DEPM3', 12572, 'A', 'Diurno'),
(114, 'DEPM3', 10138, 'A', 'Diurno'),
(115, 'DGPG3', 14205, 'A', 'Diurno'),
(116, 'ACCO2', 15628, 'ABD', 'Diurno'),
(117, 'ACCO2', 15112, 'A', 'Diurno'),
(118, 'ACCO2', 15763, 'A', 'Diurno'),
(119, 'ACCO2', 14696, 'A', 'Diurno'),
(120, 'ACCO2', 12982, 'ABD', 'Diurno'),
(121, 'ACCO2', 12544, 'B', 'Diurno'),
(122, 'ACCO2', 12517, 'A', 'Diurno'),
(123, 'ACCO2', 12053, 'ABD', 'Diurno'),
(124, 'ACCO2', 13023, 'D inglés', 'Diurno'),
(125, 'ACCO2', 10137, 'ABD', 'Diurno'),
(126, 'COIN3', 15112, 'A', 'Diurno'),
(127, 'COIN3', 14669, 'A', 'Diurno'),
(128, 'COIN3', 12497, 'A', 'Diurno'),
(129, 'COIN3', 12053, 'ABD', 'Diurno'),
(130, 'COIN3', 12108, 'ABD', 'Diurno'),
(131, 'COIN3', 14440, 'AD', 'Diurno'),
(132, 'COIN3', 10137, 'A', 'Diurno'),
(133, 'TRLO3', 14718, 'A', 'Diurno'),
(134, 'TRLO3', 12108, 'A', 'Diurno'),
(135, 'TRLO3', 15666, 'AB', 'Diurno'),
(136, 'TRLO3', 10137, 'A', 'Diurno'),
(137, 'MAPU3', 15305, 'D', 'Diurno'),
(138, 'MAPU3', 14696, 'A', 'Diurno'),
(139, 'MAPU3', 12982, 'D', 'Diurno'),
(140, 'MAPU3', 12497, 'A', 'Diurno'),
(141, 'MAPU3', 12479, 'A', 'Diurno'),
(142, 'MAPU3', 12490, 'A', 'Diurno'),
(143, 'MAPU3', 14779, 'AB', 'Diurno'),
(144, 'MAPU3', 14810, 'A', 'Diurno'),
(145, 'MAPU3', 10137, 'A', 'Diurno'),
(146, 'MAPU3', 10248, 'A', 'Diurno'),
(147, 'GVEC3', 15763, 'ABD', 'Diurno'),
(148, 'GVEC3', 14669, 'A', 'Diurno'),
(149, 'GVEC3', 14837, 'A', 'Diurno'),
(150, 'GVEC3', 12982, 'ABD', 'Diurno'),
(151, 'GVEC3', 12462, 'A', 'Diurno'),
(152, 'GVEC3', 10137, 'A', 'Diurno'),
(153, 'OIDR2', 14945, 'A', 'Diurno'),
(154, 'OIDR2', 13532, 'AB', 'Diurno'),
(155, 'OIDR2', 10296, 'A', 'Diurno'),
(156, 'CONS2', 14945, 'A', 'Diurno'),
(157, 'CONS2', 13532, 'AB', 'Diurno'),
(158, 'CONS2', 10296, 'A', 'Diurno'),
(159, 'PRED3', 14945, 'ABD', 'Diurno'),
(160, 'PRED3', 14069, 'A', 'Diurno'),
(161, 'PRED3', 14205, 'A', 'Diurno'),
(162, 'PRED3', 14205, 'A', 'Nocturno'),
(163, 'PRED3', 12229, 'ABD', 'Diurno'),
(164, 'PRED3', 10296, 'A inglés', 'Diurno'),
(165, 'PROC3', 14069, 'A', 'Diurno'),
(166, 'PROC3', 15112, 'AB', 'Diurno'),
(167, 'PROC3', 12229, '2. kurtsoa', 'Diurno'),
(168, 'PROC3', 13021, 'ABD inglés', 'Diurno'),
(169, 'OCOC3', 14945, 'AD', 'Diurno'),
(170, 'OCOC3', 13532, 'AB', 'Diurno'),
(171, 'OCOC3', 10296, 'A', 'Diurno'),
(172, 'INEA2', 14069, 'A', 'Diurno'),
(173, 'INEA2', 14088, 'AD', 'Diurno'),
(174, 'INEA2', 14088, 'A', 'Nocturno'),
(175, 'INEA2', 13020, 'ABD', 'Diurno'),
(176, 'INEA2', 15112, 'AB', 'Diurno'),
(177, 'INEA2', 14205, 'A', 'Diurno'),
(178, 'INEA2', 14664, 'A', 'Diurno'),
(179, 'INEA2', 14680, 'A', 'Diurno'),
(180, 'INEA2', 14634, 'A', 'Diurno'),
(181, 'INEA2', 12229, 'AD', 'Diurno'),
(182, 'INEA2', 14728, 'AB', 'Diurno'),
(183, 'INEA2', 12054, 'ABD', 'Diurno'),
(184, 'INEA2', 15630, 'AB', 'Diurno'),
(185, 'INEA2', 13021, 'ABD', 'Diurno'),
(186, 'INEA2', 12742, 'A', 'Diurno'),
(187, 'INEA2', 15624, 'D', 'Diurno'),
(188, 'INEA2', 10201, 'A', 'Diurno'),
(189, 'INEA2', 14845, 'A', 'Diurno'),
(190, 'INEA2', 15108, 'ABD', 'Diurno'),
(191, 'INEA2', 14779, 'A', 'Diurno'),
(192, 'INEA2', 14422, 'AB', 'Diurno'),
(193, 'INEA2', 14824, 'A', 'Diurno'),
(194, 'INEA2', 13023, 'D inglés', 'Diurno'),
(195, 'INEA2', 12572, 'B', 'Diurno'),
(196, 'INEA2', 13022, 'ABD', 'Diurno'),
(197, 'INEA2', 10138, 'ABD', 'Diurno'),
(198, 'INEA2', 10248, 'A', 'Diurno'),
(199, 'INEA2', 13380, 'D', 'Diurno'),
(200, 'INEA2', 14723, 'B', 'Diurno'),
(201, 'INTE2', 14205, 'A', 'Diurno'),
(202, 'INTE2', 15763, 'A', 'Diurno'),
(203, 'INTE2', 12468, 'ABD inglés', 'Diurno'),
(204, 'INTE2', 14301, 'A', 'Diurno'),
(205, 'INTE2', 13021, 'ABD', 'Diurno'),
(206, 'INTE2', 14779, 'A', 'Diurno'),
(207, 'INTE2', 14422, 'AB', 'Diurno'),
(208, 'INTE2', 10138, 'ABD', 'Diurno'),
(209, 'SELA3', 12456, 'A', 'Diurno'),
(210, 'SELA3', 14069, 'A', 'Diurno'),
(211, 'SELA3', 14205, 'A', 'Nocturno'),
(212, 'SELA3', 15112, 'AD', 'Diurno'),
(213, 'SELA3', 14664, 'A', 'Diurno'),
(214, 'SELA3', 15630, 'AB', 'Diurno'),
(215, 'SELA3', 13534, 'D', 'Diurno'),
(216, 'SELA3', 13021, 'AD inglés', 'Diurno'),
(217, 'SELA3', 10201, 'A', 'Diurno'),
(218, 'SELA3', 14845, 'A', 'Diurno'),
(219, 'SELA3', 15108, 'ABD', 'Diurno'),
(220, 'SELA3', 14779, 'AB', 'Diurno'),
(221, 'SELA3', 12132, 'D', 'Diurno'),
(222, 'SELA3', 14422, 'AB', 'Diurno'),
(223, 'SELA3', 12572, 'B', 'Diurno'),
(224, 'SELA3', 10248, 'A', 'Nocturno'),
(225, 'STEI3', 14069, 'A', 'Diurno'),
(226, 'STEI3', 14205, 'ABD', 'Diurno'),
(227, 'STEI3', 14664, 'A', 'Diurno'),
(228, 'STEI3', 14718, 'A', 'Diurno'),
(229, 'STEI3', 14837, 'A', 'Diurno'),
(230, 'STEI3', 12054, 'AD inglés', 'Diurno'),
(231, 'STEI3', 15630, 'AB', 'Diurno'),
(232, 'STEI3', 14279, 'ABD', 'Diurno'),
(233, 'STEI3', 13021, 'ABD', 'Diurno'),
(234, 'STEI3', 10201, 'A', 'Diurno'),
(235, 'STEI3', 14779, 'AB', 'Diurno'),
(236, 'STEI3', 14422, 'AB', 'Diurno'),
(237, 'STEI3', 10138, 'ABD', 'Diurno'),
(238, 'STEI3', 10248, 'A', 'Diurno'),
(239, 'MAEL3', 12746, 'B', 'Diurno'),
(240, 'MAEL3', 14205, 'A', 'Nocturno'),
(241, 'MAEL3', 14664, 'A', 'Diurno'),
(242, 'MAEL3', 14634, 'A', 'Diurno'),
(243, 'MAEL3', 12054, 'AD', 'Diurno'),
(244, 'MAEL3', 15630, 'AB', 'Diurno'),
(245, 'MAEL3', 12468, 'AD inglés', 'Diurno'),
(246, 'MAEL3', 14301, 'A', 'Diurno'),
(247, 'MAEL3', 13021, 'A', 'Diurno'),
(248, 'MAEL3', 14950, 'D', 'Diurno'),
(249, 'MAEL3', 10248, 'A', 'Diurno'),
(250, 'AURI3', 12456, 'D', 'Diurno'),
(251, 'AURI3', 14069, 'AB', 'Diurno'),
(252, 'AURI3', 14088, 'AD', 'Diurno'),
(253, 'AURI3', 13020, 'ABD', 'Diurno'),
(254, 'AURI3', 14205, 'ABD', 'Diurno'),
(255, 'AURI3', 14664, 'A', 'Diurno'),
(256, 'AURI3', 14837, 'B', 'Diurno'),
(257, 'AURI3', 12229, 'AD', 'Diurno'),
(258, 'AURI3', 14728, 'AB', 'Diurno'),
(259, 'AURI3', 12054, 'AD inglés', 'Diurno'),
(260, 'AURI3', 12742, 'A', 'Diurno'),
(261, 'AURI3', 10201, 'A', 'Diurno'),
(262, 'AURI3', 14775, 'D', 'Diurno'),
(263, 'AURI3', 14779, 'A', 'Diurno'),
(264, 'AURI3', 12581, 'D', 'Diurno'),
(265, 'AURI3', 15666, 'AB', 'Diurno'),
(266, 'AURI3', 13023, 'D inglés', 'Diurno'),
(267, 'AURI3', 12572, 'B', 'Diurno'),
(268, 'AURI3', 13022, 'ABD', 'Diurno'),
(269, 'AURI3', 10248, 'ABD', 'Diurno'),
(270, 'AURI3', 10248, 'A', 'Nocturno'),
(271, 'AURI3', 13380, 'D', 'Diurno'),
(272, 'AURI3', 12593, 'A', 'Diurno'),
(273, 'EMCL3', 15666, 'A', 'Diurno'),
(274, 'EEST3', 14775, 'D', 'Diurno'),
(275, 'EEST3', 15666, 'AD inglés', 'Diurno'),
(276, 'EEST3', 13022, 'ABD inglés', 'Diurno'),
(277, 'EEST3', 10296, 'A inglés', 'Diurno'),
(278, 'MECA2', 10319, 'ABD', 'Diurno'),
(279, 'MECA2', 13255, 'D', 'Diurno'),
(280, 'MECA2', 15021, 'D', 'Diurno'),
(281, 'MECA2', 13556, 'D', 'Diurno'),
(282, 'MECA2', 14069, 'A', 'Diurno'),
(283, 'MECA2', 14088, 'AB', 'Diurno'),
(284, 'MECA2', 13020, 'ABD', 'Diurno'),
(285, 'MECA2', 15112, 'A', 'Diurno'),
(286, 'MECA2', 14205, 'ABD', 'Diurno'),
(287, 'MECA2', 14664, 'A', 'Diurno'),
(288, 'MECA2', 14837, 'B', 'Diurno'),
(289, 'MECA2', 12229, 'AD', 'Diurno'),
(290, 'MECA2', 14728, 'AB', 'Diurno'),
(291, 'MECA2', 12054, 'AD', 'Diurno'),
(292, 'MECA2', 12763, 'ABD', 'Diurno'),
(293, 'MECA2', 14301, 'A', 'Diurno'),
(294, 'MECA2', 13021, 'ABD', 'Diurno'),
(295, 'MECA2', 12742, 'A', 'Diurno'),
(296, 'MECA2', 14950, 'D', 'Diurno'),
(297, 'MECA2', 10201, 'ABD', 'Diurno'),
(298, 'MECA2', 15108, 'AD', 'Diurno'),
(299, 'MECA2', 14779, 'A', 'Diurno'),
(300, 'MECA2', 13015, 'D', 'Diurno'),
(301, 'MECA2', 12581, 'D', 'Diurno'),
(302, 'MECA2', 14422, 'AB', 'Diurno'),
(303, 'MECA2', 14824, 'A', 'Diurno'),
(304, 'MECA2', 13023, 'D', 'Diurno'),
(305, 'MECA2', 13022, 'D', 'Diurno'),
(306, 'MECA2', 10138, 'ABD', 'Diurno'),
(307, 'MECA2', 10248, 'ABD', 'Diurno'),
(308, 'MECA2', 13380, 'D', 'Diurno'),
(309, 'MECA2', 14723, 'D', 'Diurno'),
(310, 'SOCA2', 15628, 'ABD', 'Diurno'),
(311, 'SOCA2', 12746, 'B', 'Diurno'),
(312, 'SOCA2', 13255, 'ABD', 'Diurno'),
(313, 'SOCA2', 14069, 'A', 'Diurno'),
(314, 'SOCA2', 15112, 'AB', 'Diurno'),
(315, 'SOCA2', 14680, 'A', 'Diurno'),
(316, 'SOCA2', 15069, 'A', 'Diurno'),
(317, 'SOCA2', 13432, 'D', 'Diurno'),
(318, 'SOCA2', 12468, 'AD', 'Diurno'),
(319, 'SOCA2', 10201, 'A', 'Diurno'),
(320, 'SOCA2', 14779, 'A', 'Diurno'),
(321, 'SOCA2', 12581, 'D', 'Diurno'),
(322, 'SOCA2', 13023, 'D', 'Diurno'),
(323, 'SOCA2', 10138, 'ABD', 'Diurno'),
(324, 'SOCA2', 10248, 'A', 'Diurno'),
(325, 'PPFM3', 12746, 'D', 'Diurno'),
(326, 'PPFM3', 12456, 'A', 'Diurno'),
(327, 'PPFM3', 15021, 'B', 'Diurno'),
(328, 'PPFM3', 13556, 'D', 'Diurno'),
(329, 'PPFM3', 14069, 'AB', 'Diurno'),
(330, 'PPFM3', 14088, 'AD', 'Diurno'),
(331, 'PPFM3', 13020, 'AD inglés', 'Diurno'),
(332, 'PPFM3', 14205, 'A', 'Nocturno'),
(333, 'PPFM3', 15112, 'A', 'Diurno'),
(334, 'PPFM3', 14664, 'A', 'Diurno'),
(335, 'PPFM3', 14837, 'B', 'Diurno'),
(336, 'PPFM3', 12229, 'AD', 'Diurno'),
(337, 'PPFM3', 12054, 'AD', 'Diurno'),
(338, 'PPFM3', 12763, 'D', 'Diurno'),
(339, 'PPFM3', 14301, 'A', 'Diurno'),
(340, 'PPFM3', 13021, 'ABD', 'Diurno'),
(341, 'PPFM3', 12742, 'A', 'Diurno'),
(342, 'PPFM3', 14950, 'D', 'Diurno'),
(343, 'PPFM3', 10201, 'A', 'Diurno'),
(344, 'PPFM3', 14775, 'D', 'Diurno'),
(345, 'PPFM3', 15108, 'ABD', 'Diurno'),
(346, 'PPFM3', 14779, 'A', 'Diurno'),
(347, 'PPFM3', 12581, 'D', 'Diurno'),
(348, 'PPFM3', 14422, 'AB', 'Diurno'),
(349, 'PPFM3', 13023, 'D inglés', 'Diurno'),
(350, 'PPFM3', 13022, 'AD', 'Diurno'),
(351, 'PPFM3', 10138, 'ABD', 'Diurno'),
(352, 'PPFM3', 10248, 'A', 'Nocturno'),
(353, 'PPFM3', 10248, 'ABD', 'Diurno'),
(354, 'PPFM3', 13380, 'D', 'Diurno'),
(355, 'PPFM3', 14723, 'A', 'Diurno'),
(356, 'PPFM3', 12593, 'A', 'Diurno'),
(357, 'COME3', 15628, 'AD', 'Diurno'),
(358, 'COME3', 13255, 'D', 'Diurno'),
(359, 'COME3', 14069, 'A', 'Diurno'),
(360, 'COME3', 13432, 'D', 'Diurno'),
(361, 'COME3', 12468, 'ABD', 'Diurno'),
(362, 'COME3', 14779, 'A', 'Diurno'),
(363, 'COME3', 12581, 'D', 'Diurno'),
(364, 'COME3', 13023, 'D', 'Diurno'),
(365, 'DIFM3', 12746, 'B', 'Diurno'),
(366, 'DIFM3', 12456, 'D', 'Diurno'),
(367, 'DIFM3', 15021, 'D', 'Diurno'),
(368, 'DIFM3', 14069, 'A', 'Diurno'),
(369, 'DIFM3', 13020, 'D', 'Diurno'),
(370, 'DIFM3', 14205, 'A', 'Diurno'),
(371, 'DIFM3', 15112, 'A', 'Diurno'),
(372, 'DIFM3', 14664, 'A', 'Diurno'),
(373, 'DIFM3', 14837, 'B', 'Diurno'),
(374, 'DIFM3', 12229, 'AD', 'Diurno'),
(375, 'DIFM3', 14728, 'BD', 'Diurno'),
(376, 'DIFM3', 12054, 'ABD', 'Diurno'),
(377, 'DIFM3', 12763, 'D inglés', 'Diurno'),
(378, 'DIFM3', 13534, 'D', 'Diurno'),
(379, 'DIFM3', 13021, 'ABD', 'Diurno'),
(380, 'DIFM3', 14779, 'A', 'Diurno'),
(381, 'DIFM3', 12581, 'D', 'Diurno'),
(382, 'DIFM3', 10138, 'ABD', 'Diurno'),
(383, 'DIFM3', 10248, 'ABD', 'Diurno'),
(384, 'DIFM3', 13380, 'D', 'Diurno'),
(385, 'DIFM3', 14723, 'B', 'Diurno'),
(386, 'COGA2', 15069, 'A', 'Diurno'),
(387, 'COGA2', 15325, 'A', 'Diurno'),
(388, 'COGA2', 12491, 'A', 'Diurno'),
(389, 'COGA2', 15176, 'ABD', 'Diurno'),
(390, 'COGA2', 14340, 'ABD', 'Diurno'),
(391, 'COGA2', 10256, 'AD', 'Diurno'),
(392, 'COGA2', 10248, 'A', 'Diurno'),
(393, 'COGA2', 13070, 'A', 'Diurno'),
(394, 'SERR2', 15176, 'ABD', 'Diurno'),
(395, 'SERR2', 14340, 'A', 'Diurno'),
(396, 'SERR2', 10256, 'A', 'Diurno'),
(397, 'SERR2', 10248, 'A', 'Diurno'),
(398, 'GALT3', 12491, 'A', 'Diurno'),
(399, 'GALT3', 15234, 'A', 'Diurno'),
(400, 'AVGE3', 15112, 'A', 'Diurno'),
(401, 'AVGE3', 14635, 'A', 'Diurno'),
(402, 'AVGE3', 14631, 'A', 'Diurno'),
(403, 'AVGE3', 12982, 'A inglés', 'Diurno'),
(404, 'GEAT3', 15112, 'A', 'Diurno'),
(405, 'GEAT3', 14631, 'B', 'Diurno'),
(406, 'GEAT3', 14635, 'A', 'Diurno'),
(407, 'GEAT3', 12982, 'AD inglés', 'Diurno'),
(408, 'GEAT3', 10134, 'A', 'Diurno'),
(409, 'DISR3', 15325, 'A', 'Diurno'),
(410, 'DISR3', 14340, 'A', 'Diurno'),
(411, 'DICO3', 15325, 'A', 'Diurno'),
(412, 'DICO3', 12491, 'AB', 'Diurno'),
(413, 'DICO3', 15176, 'A', 'Diurno'),
(414, 'DICO3', 14340, 'AD inglés', 'Diurno'),
(415, 'DICO3', 10256, 'AD', 'Diurno'),
(416, 'DICO3', 10248, 'A', 'Diurno'),
(417, 'ESBE2', 14069, 'A', 'Diurno'),
(418, 'ESBE2', 14648, 'A', 'Diurno'),
(419, 'ESBE2', 14621, 'A', 'Diurno'),
(420, 'ESBE2', 12756, 'A', 'Diurno'),
(421, 'ESBE2', 10351, 'A', 'Diurno'),
(422, 'ESBE2', 10138, 'A', 'Diurno'),
(423, 'ESBE2', 12291, 'AD', 'Diurno'),
(424, 'PCOC2', 14069, 'A', 'Diurno'),
(425, 'PCOC2', 14643, 'A', 'Diurno'),
(426, 'PCOC2', 14621, 'A', 'Diurno'),
(427, 'PCOC2', 14635, 'A', 'Diurno'),
(428, 'PCOC2', 14648, 'A', 'Diurno'),
(429, 'PCOC2', 12756, 'A', 'Diurno'),
(430, 'PCOC2', 13500, 'A', 'Diurno'),
(431, 'PCOC2', 14422, 'AB', 'Diurno'),
(432, 'PCOC2', 10248, 'A', 'Diurno'),
(433, 'PCOC2', 12291, 'AD', 'Diurno'),
(434, 'ESIB3', 14069, 'A', 'Diurno'),
(435, 'ESIB3', 14621, 'A', 'Diurno'),
(436, 'ESIB3', 10248, 'A', 'Diurno'),
(437, 'ESIB3', 12291, 'AD', 'Diurno'),
(438, 'EDPE3', 14422, 'AB', 'Diurno'),
(439, 'EDPE3', 10138, 'A', 'Diurno'),
(440, 'EDPE3', 12291, 'ABD', 'Diurno'),
(441, 'AIPC3', 10138, 'ABD', 'Diurno'),
(442, 'CAMP3', 14422, 'A', 'Diurno'),
(443, 'VDJS2', 12394, 'A', 'Diurno'),
(444, 'AJEI3', 12394, 'A', 'Diurno'),
(445, 'AJEI3', 15260, 'A', 'Diurno'),
(446, 'AJEI3', 15305, 'D', 'Diurno'),
(447, 'AJEI3', 12498, 'A', 'Diurno'),
(448, 'AJEI3', 15630, 'A inglés', 'Diurno'),
(449, 'PAES3', 12394, 'A', 'Diurno'),
(450, 'RAES3', 12394, 'A', 'Diurno'),
(451, 'RAES3', 15630, 'A inglés', 'Diurno'),
(452, 'RAES3', 10138, 'AD inglés', 'Diurno'),
(453, 'SAES3', 12394, 'A', 'Diurno'),
(454, 'SAES3', 15630, 'D inglés', 'Diurno'),
(455, 'ICTI3', 12394, 'A', 'Diurno'),
(456, 'PARC2', 12491, 'A', 'Diurno'),
(457, 'PARC2', 15176, 'ABD', 'Diurno'),
(458, 'PARC2', 14340, 'A', 'Diurno'),
(459, 'PARC2', 10256, 'ABD', 'Diurno'),
(460, 'PCIA3', 14775, 'B', 'Diurno'),
(461, 'SMIR2', 15628, 'AD', 'Diurno'),
(462, 'SMIR2', 12345, 'D', 'Diurno'),
(463, 'SMIR2', 15112, 'A', 'Diurno'),
(464, 'SMIR2', 15763, 'ABD', 'Diurno'),
(465, 'SMIR2', 14615, 'B', 'Diurno'),
(466, 'SMIR2', 15305, 'D', 'Diurno'),
(467, 'SMIR2', 14669, 'A', 'Diurno'),
(468, 'SMIR2', 14696, 'A', 'Diurno'),
(469, 'SMIR2', 12982, 'AD', 'Diurno'),
(470, 'SMIR2', 12497, 'A', 'Diurno'),
(471, 'SMIR2', 12053, 'AD', 'Diurno'),
(472, 'SMIR2', 12108, 'A', 'Diurno'),
(473, 'SMIR2', 14779, 'A', 'Diurno'),
(474, 'SMIR2', 14422, 'AB', 'Diurno'),
(475, 'SMIR2', 13023, 'D inglés', 'Diurno'),
(476, 'SMIR2', 10137, 'AD', 'Diurno'),
(477, 'SMIR2', 10248, 'ABD', 'Diurno'),
(478, 'ASIR3', 12456, 'D', 'Diurno'),
(479, 'ASIR3', 15112, 'AB inglés', 'Diurno'),
(480, 'ASIR3', 15763, 'A inglés', 'Diurno'),
(481, 'ASIR3', 14718, 'A', 'Diurno'),
(482, 'ASIR3', 14615, 'A', 'Diurno'),
(483, 'ASIR3', 14669, 'A', 'Diurno'),
(484, 'ASIR3', 14696, 'A', 'Diurno'),
(485, 'ASIR3', 12982, 'AD inglés', 'Diurno'),
(486, 'ASIR3', 12479, 'A', 'Diurno'),
(487, 'ASIR3', 12485, 'A', 'Diurno'),
(488, 'ASIR3', 14728, 'AB', 'Diurno'),
(489, 'ASIR3', 12053, 'A', 'Diurno'),
(490, 'ASIR3', 14779, 'A', 'Diurno'),
(491, 'ASIR3', 13023, 'D inglés', 'Diurno'),
(492, 'ASIR3', 10137, 'A inglés', 'Diurno'),
(493, 'ASIR3', 10248, 'A', 'Diurno'),
(494, 'DAPM3', 15763, '2. kurtsoa', 'Diurno'),
(495, 'DAPM3', 15112, 'AB', 'Diurno'),
(496, 'DAPM3', 14631, 'A', 'Diurno'),
(497, 'DAPM3', 14615, 'A', 'Diurno'),
(498, 'DAPM3', 12485, 'A', 'Diurno'),
(499, 'DAPM3', 12497, 'A', 'Diurno'),
(500, 'DAPM3', 12053, 'D inglés', 'Diurno'),
(501, 'DAPM3', 15630, 'A inglés', 'Diurno'),
(502, 'DAPM3', 12108, '2. kurtsoa', 'Diurno'),
(503, 'DAPM3', 14950, 'D', 'Diurno'),
(504, 'DAPM3', 14779, 'AB', 'Diurno'),
(505, 'DAPM3', 10137, '2. kurtsoa', 'Diurno'),
(506, 'DAPM3', 10248, 'A', 'Nocturno'),
(507, 'DAPW3', 15628, 'ABD', 'Diurno'),
(508, 'DAPW3', 15112, 'A', 'Diurno'),
(509, 'DAPW3', 15763, 'ABD', 'Diurno'),
(510, 'DAPW3', 14718, 'A', 'Diurno'),
(511, 'DAPW3', 14631, 'A', 'Diurno'),
(512, 'DAPW3', 14696, 'A', 'Diurno'),
(513, 'DAPW3', 12982, 'A', 'Diurno'),
(514, 'DAPW3', 12479, 'B', 'Diurno'),
(515, 'DAPW3', 12053, '2. kurtsoa', 'Diurno'),
(516, 'DAPW3', 14747, 'A', 'Diurno'),
(517, 'DAPW3', 12108, 'A', 'Diurno'),
(518, 'DAPW3', 10137, 'A inglés', 'Diurno'),
(519, 'DAPW3', 10248, 'A', 'Diurno'),
(520, 'INPC2', 14775, 'D', 'Diurno'),
(521, 'INPC2', 15666, 'A', 'Diurno'),
(522, 'INPC2', 13022, 'ABD', 'Diurno'),
(523, 'INPC2', 10296, 'A', 'Diurno'),
(524, 'INPC2', 14828, 'A', 'Diurno'),
(525, 'INFC2', 14680, 'A', 'Diurno'),
(526, 'INFC2', 12468, 'AD', 'Diurno'),
(527, 'INFC2', 15666, 'A', 'Diurno'),
(528, 'INFC2', 10296, 'A', 'Diurno'),
(529, 'MAEL2', 15628, 'ABD', 'Diurno'),
(530, 'MAEL2', 10319, 'ABD', 'Diurno'),
(531, 'MAEL2', 12746, 'B', 'Diurno'),
(532, 'MAEL2', 14069, 'A', 'Diurno'),
(533, 'MAEL2', 14205, 'A', 'Diurno'),
(534, 'MAEL2', 12529, 'B', 'Diurno'),
(535, 'MAEL2', 12763, 'ABD', 'Diurno'),
(536, 'MAEL2', 14279, 'ABD', 'Diurno'),
(537, 'MAEL2', 13534, 'D', 'Diurno'),
(538, 'MAEL2', 10201, 'A', 'Diurno'),
(539, 'MAEL2', 14775, 'D', 'Diurno'),
(540, 'MAEL2', 14779, 'A', 'Diurno'),
(541, 'MAEL2', 13015, 'D', 'Diurno'),
(542, 'MAEL2', 12581, 'D', 'Diurno'),
(543, 'MAEL2', 12572, 'B', 'Diurno'),
(544, 'MAEL2', 10138, 'ABD', 'Diurno'),
(545, 'MAEL2', 10248, 'A', 'Nocturno'),
(546, 'MAEL2', 10248, 'ABD', 'Diurno'),
(547, 'MAEL2', 12593, 'A', 'Diurno'),
(548, 'PRRP3', 14945, 'ABD', 'Diurno'),
(549, 'PRRP3', 12229, 'ABD', 'Diurno'),
(550, 'PRRP3', 14779, 'A', 'Diurno'),
(551, 'PRRP3', 10296, 'A', 'Diurno'),
(552, 'DPTF3', 15666, 'A', 'Diurno'),
(553, 'MITF3', 15112, 'A', 'Diurno'),
(554, 'MITF3', 12468, 'ABD', 'Diurno'),
(555, 'MITF3', 14441, 'AD', 'Diurno'),
(556, 'MITF3', 13023, 'D', 'Diurno'),
(557, 'MITF3', 13022, 'D', 'Diurno'),
(558, 'MITF3', 10296, 'ABD', 'Diurno'),
(559, 'MEIN3', 15628, 'AD', 'Diurno'),
(560, 'MEIN3', 10319, 'ABD inglés', 'Diurno'),
(561, 'MEIN3', 12456, 'D', 'Diurno'),
(562, 'MEIN3', 14069, 'A', 'Diurno'),
(563, 'MEIN3', 13020, 'D inglés', 'Diurno'),
(564, 'MEIN3', 12054, 'AD', 'Diurno'),
(565, 'MEIN3', 12763, 'D inglés', 'Diurno'),
(566, 'MEIN3', 12468, 'AD inglés', 'Diurno'),
(567, 'MEIN3', 14279, 'AD', 'Diurno'),
(568, 'MEIN3', 10201, 'A', 'Diurno'),
(569, 'MEIN3', 14775, 'D', 'Diurno'),
(570, 'MEIN3', 14779, 'A', 'Diurno'),
(571, 'MEIN3', 12581, 'D', 'Diurno'),
(572, 'MEIN3', 10138, 'ABD', 'Diurno'),
(573, 'MEIN3', 10248, 'ABD', 'Diurno'),
(574, 'MEIN3', 10248, 'A', 'Nocturno'),
(575, 'MEIN3', 13380, 'D', 'Diurno'),
(576, 'MEIN3', 12593, 'A', 'Diurno'),
(577, 'CAMU2', 13556, 'D', 'Diurno'),
(578, 'CAMU2', 12229, 'ABD', 'Diurno'),
(579, 'INAM2', 15021, 'D', 'Diurno'),
(580, 'INAM2', 14069, 'A', 'Diurno'),
(581, 'INAM2', 15069, 'A', 'Diurno'),
(582, 'INAM2', 14680, 'A', 'Diurno'),
(583, 'INAM2', 12229, 'ABD', 'Diurno'),
(584, 'INAM2', 13021, 'ABD', 'Diurno'),
(585, 'INAM2', 10296, 'A', 'Diurno'),
(586, 'DIAM3', 12229, 'AD', 'Diurno'),
(587, 'DIAM3', 13021, 'ABD', 'Diurno'),
(588, 'NPLI2', 14601, 'A', 'Diurno'),
(589, 'NPLI2', 12151, 'A', 'Diurno'),
(590, 'MCMB2', 14601, 'A', 'Diurno'),
(591, 'MCMB2', 14781, 'A', 'Diurno'),
(592, 'MCMB2', 12151, 'A', 'Diurno'),
(593, 'OSHI2', 12151, 'A ', 'Diurno'),
(594, 'TMPA3', 14781, 'A', 'Diurno'),
(595, 'TMPA3', 12151, 'A inglés', 'Diurno'),
(596, 'ACUI3', 13533, 'ABD inglés', 'Diurno'),
(597, 'OMMB3', 14601, 'A', 'Diurno'),
(598, 'OMMB3', 14781, 'A', 'Diurno'),
(599, 'OMMB3', 12151, 'A inglés', 'Diurno'),
(600, 'PLQI2', 12468, 'ABD', 'Diurno'),
(601, 'OPLA2', 15112, 'A', 'Diurno'),
(602, 'OPLA2', 10133, 'A', 'Diurno'),
(603, 'QUAM3', 15630, 'AB', 'Diurno'),
(604, 'QUAM3', 12468, 'ABD', 'Diurno'),
(605, 'LACC3', 15112, 'A', 'Diurno'),
(606, 'LACC3', 15763, 'ABD', 'Diurno'),
(607, 'LACC3', 14718, 'AB', 'Diurno'),
(608, 'LACC3', 14634, 'A', 'Diurno'),
(609, 'LACC3', 12468, 'AD', 'Diurno'),
(610, 'LACC3', 14422, 'AB', 'Diurno'),
(611, 'LACC3', 10248, 'A', 'Diurno'),
(612, 'QUIN3', 14634, 'AB', 'Diurno'),
(613, 'QUIN3', 12468, 'ABD', 'Diurno'),
(614, 'FPPB3', 12468, 'ABD', 'Diurno'),
(615, 'CAEN2', 15628, 'AD', 'Diurno'),
(616, 'CAEN2', 13255, 'D inglés', 'Diurno'),
(617, 'CAEN2', 12345, 'D', 'Diurno'),
(618, 'CAEN2', 14069, 'AD', 'Diurno'),
(619, 'CAEN2', 14086, 'D', 'Diurno'),
(620, 'CAEN2', 14665, 'A', 'Diurno'),
(621, 'CAEN2', 14633, 'A', 'Diurno'),
(622, 'CAEN2', 15326, 'A', 'Diurno'),
(623, 'CAEN2', 14615, 'A', 'Diurno'),
(624, 'CAEN2', 14619, 'AB', 'Diurno'),
(625, 'CAEN2', 12517, 'A', 'Diurno'),
(626, 'CAEN2', 13432, 'AD', 'Diurno'),
(627, 'CAEN2', 14301, 'A', 'Diurno'),
(628, 'CAEN2', 12432, 'A', 'Diurno'),
(629, 'CAEN2', 12108, 'AD', 'Diurno'),
(630, 'CAEN2', 10349, 'A', 'Diurno'),
(631, 'CAEN2', 15623, 'D', 'Diurno'),
(632, 'CAEN2', 14810, 'A', 'Diurno'),
(633, 'CAEN2', 15385, 'A', 'Diurno'),
(634, 'CAEN2', 12566, 'D', 'Diurno'),
(635, 'CAEN2', 12286, 'ABD', 'Diurno'),
(636, 'CAEN2', 10134, 'AD', 'Diurno'),
(637, 'CAEN2', 10248, 'A', 'Nocturno'),
(638, 'CAEN2', 10248, 'A', 'Diurno'),
(639, 'EMSA2', 12345, 'D', 'Diurno'),
(640, 'EMSA2', 14633, 'A', 'Diurno'),
(641, 'EMSA2', 12229, 'AD', 'Diurno'),
(642, 'EMSA2', 14301, 'AB', 'Diurno'),
(643, 'EMSA2', 10134, 'ABD', 'Diurno'),
(644, 'FAPA2', 14619, 'A', 'Diurno'),
(645, 'FAPA2', 14339, 'A', 'Diurno'),
(646, 'FAPA2', 14398, 'A', 'Diurno'),
(647, 'FAPA2', 14810, 'A', 'Diurno'),
(648, 'FAPA2', 12566, 'D', 'Diurno'),
(649, 'FAPA2', 10134, 'A', 'Diurno'),
(650, 'DIET3', 14069, 'A', 'Diurno'),
(651, 'DIET3', 14633, 'A', 'Diurno'),
(652, 'DIET3', 12497, 'A', 'Diurno'),
(653, 'DIET3', 12108, 'A', 'Diurno'),
(654, 'DIET3', 14339, 'ABD', 'Diurno'),
(655, 'DIET3', 10134, 'A', 'Diurno'),
(656, 'SAAM3', 15630, 'AB inglés', 'Diurno'),
(657, 'OPAP3', 10248, 'A', 'Diurno'),
(658, 'ANPA3', 12229, 'B', 'Diurno'),
(659, 'DADS3', 14301, 'A', 'Diurno'),
(660, 'DADS3', 14810, 'A', 'Diurno'),
(661, 'DADS3', 12566, 'B', 'Diurno'),
(662, 'HIGB3', 14069, 'AD', 'Diurno'),
(663, 'HIGB3', 12229, 'AD', 'Diurno'),
(664, 'HIGB3', 10134, 'AD', 'Diurno'),
(665, 'IDMN3', 14810, 'A', 'Diurno'),
(666, 'IDMN3', 12566, 'D', 'Diurno'),
(667, 'LACB3', 14633, 'A', 'Diurno'),
(668, 'LACB3', 14634, 'A', 'Diurno'),
(669, 'LACB3', 14718, 'AB', 'Diurno'),
(670, 'LACB3', 15630, 'A', 'Diurno'),
(671, 'LACB3', 12108, 'A', 'Diurno'),
(672, 'LACB3', 14810, 'A', 'Diurno'),
(673, 'LACB3', 10248, 'A', 'Diurno'),
(674, 'EDCA3', 14837, 'B', 'Diurno'),
(675, 'EDCA3', 12229, 'ABD', 'Diurno'),
(676, 'EDCA3', 14779, 'B', 'Diurno'),
(677, 'EDCA3', 10248, 'A', 'Diurno'),
(678, 'PESD2', 10319, 'ABD', 'Diurno'),
(679, 'PESD2', 13255, 'A', 'Diurno'),
(680, 'PESD2', 13556, 'D', 'Diurno'),
(681, 'PESD2', 15476, 'A', 'Diurno'),
(682, 'PESD2', 12380, 'D', 'Diurno'),
(683, 'PESD2', 14200, 'AD', 'Diurno'),
(684, 'PESD2', 14665, 'A', 'Diurno'),
(685, 'PESD2', 12229, 'AD', 'Diurno'),
(686, 'PESD2', 13432, 'D', 'Diurno'),
(687, 'PESD2', 14320, 'D', 'Diurno'),
(688, 'PESD2', 12108, 'A', 'Diurno'),
(689, 'PESD2', 14950, 'D', 'Diurno'),
(690, 'PESD2', 14779, 'A', 'Diurno'),
(691, 'PESD2', 12581, 'A', 'Diurno'),
(692, 'PESD2', 14810, 'A', 'Diurno'),
(693, 'PESD2', 12566, 'B', 'Diurno'),
(694, 'PESD2', 10134, 'A', 'Diurno'),
(695, 'PESD2', 10248, 'A', 'Diurno'),
(696, 'PESD2', 14723, 'B', 'Diurno'),
(697, 'EDIN3', 14069, 'D', 'Diurno'),
(698, 'EDIN3', 14200, 'AD inglés', 'Diurno'),
(699, 'EDIN3', 14665, 'AB', 'Diurno'),
(700, 'EDIN3', 14620, 'A', 'Diurno'),
(701, 'EDIN3', 12229, 'D', 'Diurno'),
(702, 'EDIN3', 15220, 'D', 'Diurno'),
(703, 'EDIN3', 13432, 'D', 'Diurno'),
(704, 'EDIN3', 14320, 'D', 'Diurno'),
(705, 'EDIN3', 14301, 'D', 'Diurno'),
(706, 'EDIN3', 12108, 'D', 'Diurno'),
(707, 'EDIN3', 15623, 'D', 'Diurno'),
(708, 'EDIN3', 12282, 'D', 'Diurno'),
(709, 'EDIN3', 14810, 'A', 'Diurno'),
(710, 'EDIN3', 14824, 'A', 'Diurno'),
(711, 'EDIN3', 10134, 'D', 'Diurno'),
(712, 'EDIN3', 10228, 'D', 'Diurno'),
(713, 'EDIN3', 10229, 'A', 'Diurno'),
(714, 'INSO3', 15572, 'D', 'Diurno'),
(715, 'INSO3', 12740, 'AD', 'Diurno'),
(716, 'INSO3', 12380, 'D', 'Diurno'),
(717, 'INSO3', 15763, 'AD', 'Diurno'),
(718, 'INSO3', 14633, 'A', 'Diurno'),
(719, 'INSO3', 14696, 'B', 'Diurno'),
(720, 'INSO3', 12490, 'AD', 'Diurno'),
(721, 'INSO3', 15630, 'AD', 'Diurno'),
(722, 'INSO3', 12108, 'ABD', 'Diurno'),
(723, 'INSO3', 14810, 'A', 'Diurno'),
(724, 'INSO3', 12566, 'D', 'Diurno'),
(725, 'INSO3', 10134, 'AD', 'Diurno'),
(726, 'INSO3', 10248, 'A', 'Diurno'),
(727, 'ASTU3', 15188, 'AB', 'Diurno'),
(728, 'ASTU3', 13534, 'D', 'Diurno'),
(729, 'ASTU3', 14441, 'ABD inglés', 'Diurno'),
(730, 'COMO2', 15069, 'A', 'Diurno'),
(731, 'PAMO3', 14069, 'A', 'Diurno'),
(732, 'PAMO3', 12479, 'A', 'Diurno'),
(733, 'VMES3', 12479, 'A', 'Diurno'),
(734, 'CARR2', 13255, 'D', 'Diurno'),
(735, 'CARR2', 14088, 'AD', 'Diurno'),
(736, 'CARR2', 14680, 'A', 'Diurno'),
(737, 'CARR2', 13432, 'D', 'Diurno'),
(738, 'CARR2', 12468, 'AD', 'Diurno'),
(739, 'CARR2', 14301, 'A', 'Diurno'),
(740, 'CARR2', 14824, 'A', 'Diurno'),
(741, 'CARR2', 10138, 'A', 'Diurno'),
(742, 'CARR2', 12593, 'A', 'Diurno'),
(743, 'ELVA2', 13255, 'D', 'Diurno'),
(744, 'ELVA2', 14088, 'AD', 'Diurno'),
(745, 'ELVA2', 14205, 'A', 'Diurno'),
(746, 'ELVA2', 14205, 'A', 'Nocturno'),
(747, 'ELVA2', 14200, 'ABD', 'Diurno'),
(748, 'ELVA2', 12529, 'B', 'Diurno'),
(749, 'ELVA2', 13432, 'D', 'Diurno'),
(750, 'ELVA2', 12468, 'AD', 'Diurno'),
(751, 'ELVA2', 14301, 'AD', 'Diurno'),
(752, 'ELVA2', 14950, 'D', 'Diurno'),
(753, 'ELVA2', 14779, 'A', 'Diurno'),
(754, 'ELVA2', 14422, 'AB', 'Diurno'),
(755, 'ELVA2', 14824, 'A', 'Diurno'),
(756, 'ELVA2', 10138, 'A', 'Diurno'),
(757, 'ELVA2', 10248, 'A', 'Diurno'),
(758, 'ELMA2', 14088, 'AD', 'Diurno'),
(759, 'ELMA2', 13432, 'D', 'Diurno'),
(760, 'AUTO3', 13255, 'D', 'Diurno'),
(761, 'AUTO3', 15386, 'A', 'Diurno'),
(762, 'AUTO3', 14088, 'AD', 'Diurno'),
(763, 'AUTO3', 14200, 'ABD', 'Diurno'),
(764, 'AUTO3', 13432, 'D inglés', 'Diurno'),
(765, 'AUTO3', 12468, 'AD', 'Diurno'),
(766, 'AUTO3', 14950, 'D', 'Diurno'),
(767, 'AUTO3', 14779, 'A', 'Diurno'),
(768, 'AUTO3', 14824, 'A', 'Diurno'),
(769, 'AUTO3', 10138, 'A', 'Diurno'),
(770, 'AUTO3', 10248, 'A', 'Diurno');

--
-- Índices para tablas volcadas
--

--
-- Indices de la tabla `centros`
--
ALTER TABLE `centros`
  ADD PRIMARY KEY (`cod_centro`);

--
-- Indices de la tabla `ciclos`
--
ALTER TABLE `ciclos`
  ADD PRIMARY KEY (`cod_ciclo`),
  ADD KEY `cod_familia` (`cod_familia`);

--
-- Indices de la tabla `familias`
--
ALTER TABLE `familias`
  ADD PRIMARY KEY (`cod_familia`);

--
-- Indices de la tabla `oferta`
--
ALTER TABLE `oferta`
  ADD PRIMARY KEY (`codigo`),
  ADD KEY `cod_ciclo` (`cod_ciclo`),
  ADD KEY `cod_centro` (`cod_centro`);

--
-- Restricciones para tablas volcadas
--

--
-- Filtros para la tabla `ciclos`
--
ALTER TABLE `ciclos`
  ADD CONSTRAINT `ciclos_ibfk_1` FOREIGN KEY (`cod_familia`) REFERENCES `familias` (`cod_familia`);

--
-- Filtros para la tabla `oferta`
--
ALTER TABLE `oferta`
  ADD CONSTRAINT `oferta_ibfk_1` FOREIGN KEY (`cod_centro`) REFERENCES `centros` (`cod_centro`),
  ADD CONSTRAINT `oferta_ibfk_2` FOREIGN KEY (`cod_ciclo`) REFERENCES `ciclos` (`cod_ciclo`);
--
-- Base de datos: `phpmyadmin`
--
CREATE DATABASE IF NOT EXISTS `phpmyadmin` DEFAULT CHARACTER SET utf8 COLLATE utf8_bin;
USE `phpmyadmin`;

-- --------------------------------------------------------

--
-- Estructura de tabla para la tabla `pma__bookmark`
--

CREATE TABLE `pma__bookmark` (
  `id` int(10) UNSIGNED NOT NULL,
  `dbase` varchar(255) COLLATE utf8_bin NOT NULL DEFAULT '',
  `user` varchar(255) COLLATE utf8_bin NOT NULL DEFAULT '',
  `label` varchar(255) CHARACTER SET utf8 NOT NULL DEFAULT '',
  `query` text COLLATE utf8_bin NOT NULL
) ENGINE=InnoDB DEFAULT CHARSET=utf8 COLLATE=utf8_bin COMMENT='Bookmarks';

-- --------------------------------------------------------

--
-- Estructura de tabla para la tabla `pma__central_columns`
--

CREATE TABLE `pma__central_columns` (
  `db_name` varchar(64) COLLATE utf8_bin NOT NULL,
  `col_name` varchar(64) COLLATE utf8_bin NOT NULL,
  `col_type` varchar(64) COLLATE utf8_bin NOT NULL,
  `col_length` text COLLATE utf8_bin DEFAULT NULL,
  `col_collation` varchar(64) COLLATE utf8_bin NOT NULL,
  `col_isNull` tinyint(1) NOT NULL,
  `col_extra` varchar(255) COLLATE utf8_bin DEFAULT '',
  `col_default` text COLLATE utf8_bin DEFAULT NULL
) ENGINE=InnoDB DEFAULT CHARSET=utf8 COLLATE=utf8_bin COMMENT='Central list of columns';

-- --------------------------------------------------------

--
-- Estructura de tabla para la tabla `pma__column_info`
--

CREATE TABLE `pma__column_info` (
  `id` int(5) UNSIGNED NOT NULL,
  `db_name` varchar(64) COLLATE utf8_bin NOT NULL DEFAULT '',
  `table_name` varchar(64) COLLATE utf8_bin NOT NULL DEFAULT '',
  `column_name` varchar(64) COLLATE utf8_bin NOT NULL DEFAULT '',
  `comment` varchar(255) CHARACTER SET utf8 NOT NULL DEFAULT '',
  `mimetype` varchar(255) CHARACTER SET utf8 NOT NULL DEFAULT '',
  `transformation` varchar(255) COLLATE utf8_bin NOT NULL DEFAULT '',
  `transformation_options` varchar(255) COLLATE utf8_bin NOT NULL DEFAULT '',
  `input_transformation` varchar(255) COLLATE utf8_bin NOT NULL DEFAULT '',
  `input_transformation_options` varchar(255) COLLATE utf8_bin NOT NULL DEFAULT ''
) ENGINE=InnoDB DEFAULT CHARSET=utf8 COLLATE=utf8_bin COMMENT='Column information for phpMyAdmin';

-- --------------------------------------------------------

--
-- Estructura de tabla para la tabla `pma__designer_settings`
--

CREATE TABLE `pma__designer_settings` (
  `username` varchar(64) COLLATE utf8_bin NOT NULL,
  `settings_data` text COLLATE utf8_bin NOT NULL
) ENGINE=InnoDB DEFAULT CHARSET=utf8 COLLATE=utf8_bin COMMENT='Settings related to Designer';

--
-- Volcado de datos para la tabla `pma__designer_settings`
--

INSERT INTO `pma__designer_settings` (`username`, `settings_data`) VALUES
('root', '{\"angular_direct\":\"direct\",\"snap_to_grid\":\"off\",\"relation_lines\":\"true\"}');

-- --------------------------------------------------------

--
-- Estructura de tabla para la tabla `pma__export_templates`
--

CREATE TABLE `pma__export_templates` (
  `id` int(5) UNSIGNED NOT NULL,
  `username` varchar(64) COLLATE utf8_bin NOT NULL,
  `export_type` varchar(10) COLLATE utf8_bin NOT NULL,
  `template_name` varchar(64) COLLATE utf8_bin NOT NULL,
  `template_data` text COLLATE utf8_bin NOT NULL
) ENGINE=InnoDB DEFAULT CHARSET=utf8 COLLATE=utf8_bin COMMENT='Saved export templates';

-- --------------------------------------------------------

--
-- Estructura de tabla para la tabla `pma__favorite`
--

CREATE TABLE `pma__favorite` (
  `username` varchar(64) COLLATE utf8_bin NOT NULL,
  `tables` text COLLATE utf8_bin NOT NULL
) ENGINE=InnoDB DEFAULT CHARSET=utf8 COLLATE=utf8_bin COMMENT='Favorite tables';

-- --------------------------------------------------------

--
-- Estructura de tabla para la tabla `pma__history`
--

CREATE TABLE `pma__history` (
  `id` bigint(20) UNSIGNED NOT NULL,
  `username` varchar(64) COLLATE utf8_bin NOT NULL DEFAULT '',
  `db` varchar(64) COLLATE utf8_bin NOT NULL DEFAULT '',
  `table` varchar(64) COLLATE utf8_bin NOT NULL DEFAULT '',
  `timevalue` timestamp NOT NULL DEFAULT current_timestamp(),
  `sqlquery` text COLLATE utf8_bin NOT NULL
) ENGINE=InnoDB DEFAULT CHARSET=utf8 COLLATE=utf8_bin COMMENT='SQL history for phpMyAdmin';

-- --------------------------------------------------------

--
-- Estructura de tabla para la tabla `pma__navigationhiding`
--

CREATE TABLE `pma__navigationhiding` (
  `username` varchar(64) COLLATE utf8_bin NOT NULL,
  `item_name` varchar(64) COLLATE utf8_bin NOT NULL,
  `item_type` varchar(64) COLLATE utf8_bin NOT NULL,
  `db_name` varchar(64) COLLATE utf8_bin NOT NULL,
  `table_name` varchar(64) COLLATE utf8_bin NOT NULL
) ENGINE=InnoDB DEFAULT CHARSET=utf8 COLLATE=utf8_bin COMMENT='Hidden items of navigation tree';

-- --------------------------------------------------------

--
-- Estructura de tabla para la tabla `pma__pdf_pages`
--

CREATE TABLE `pma__pdf_pages` (
  `db_name` varchar(64) COLLATE utf8_bin NOT NULL DEFAULT '',
  `page_nr` int(10) UNSIGNED NOT NULL,
  `page_descr` varchar(50) CHARACTER SET utf8 NOT NULL DEFAULT ''
) ENGINE=InnoDB DEFAULT CHARSET=utf8 COLLATE=utf8_bin COMMENT='PDF relation pages for phpMyAdmin';

--
-- Volcado de datos para la tabla `pma__pdf_pages`
--

INSERT INTO `pma__pdf_pages` (`db_name`, `page_nr`, `page_descr`) VALUES
('covid-ddbb', 1, 'Vista diseñador'),
('covid_ddbb', 2, 'BBDD');

-- --------------------------------------------------------

--
-- Estructura de tabla para la tabla `pma__recent`
--

CREATE TABLE `pma__recent` (
  `username` varchar(64) COLLATE utf8_bin NOT NULL,
  `tables` text COLLATE utf8_bin NOT NULL
) ENGINE=InnoDB DEFAULT CHARSET=utf8 COLLATE=utf8_bin COMMENT='Recently accessed tables';

--
-- Volcado de datos para la tabla `pma__recent`
--

INSERT INTO `pma__recent` (`username`, `tables`) VALUES
('root', '[{\"db\":\"covid_ddbb\",\"table\":\"centro_vacunacion\"},{\"db\":\"covid_ddbb\",\"table\":\"recibe\"},{\"db\":\"covid_ddbb\",\"table\":\"vacuna\"},{\"db\":\"covid_ddbb\",\"table\":\"cita\"},{\"db\":\"covid_ddbb\",\"table\":\"paciente\"},{\"db\":\"covid_ddbb\",\"table\":\"admin\"},{\"db\":\"covid-ddbb\",\"table\":\"admin\"},{\"db\":\"covid-ddbb\",\"table\":\"centro-vacunacion\"},{\"db\":\"covid-ddbb\",\"table\":\"cita\"},{\"db\":\"covid-ddbb\",\"table\":\"info-covid\"}]');

-- --------------------------------------------------------

--
-- Estructura de tabla para la tabla `pma__relation`
--

CREATE TABLE `pma__relation` (
  `master_db` varchar(64) COLLATE utf8_bin NOT NULL DEFAULT '',
  `master_table` varchar(64) COLLATE utf8_bin NOT NULL DEFAULT '',
  `master_field` varchar(64) COLLATE utf8_bin NOT NULL DEFAULT '',
  `foreign_db` varchar(64) COLLATE utf8_bin NOT NULL DEFAULT '',
  `foreign_table` varchar(64) COLLATE utf8_bin NOT NULL DEFAULT '',
  `foreign_field` varchar(64) COLLATE utf8_bin NOT NULL DEFAULT ''
) ENGINE=InnoDB DEFAULT CHARSET=utf8 COLLATE=utf8_bin COMMENT='Relation table';

-- --------------------------------------------------------

--
-- Estructura de tabla para la tabla `pma__savedsearches`
--

CREATE TABLE `pma__savedsearches` (
  `id` int(5) UNSIGNED NOT NULL,
  `username` varchar(64) COLLATE utf8_bin NOT NULL DEFAULT '',
  `db_name` varchar(64) COLLATE utf8_bin NOT NULL DEFAULT '',
  `search_name` varchar(64) COLLATE utf8_bin NOT NULL DEFAULT '',
  `search_data` text COLLATE utf8_bin NOT NULL
) ENGINE=InnoDB DEFAULT CHARSET=utf8 COLLATE=utf8_bin COMMENT='Saved searches';

-- --------------------------------------------------------

--
-- Estructura de tabla para la tabla `pma__table_coords`
--

CREATE TABLE `pma__table_coords` (
  `db_name` varchar(64) COLLATE utf8_bin NOT NULL DEFAULT '',
  `table_name` varchar(64) COLLATE utf8_bin NOT NULL DEFAULT '',
  `pdf_page_number` int(11) NOT NULL DEFAULT 0,
  `x` float UNSIGNED NOT NULL DEFAULT 0,
  `y` float UNSIGNED NOT NULL DEFAULT 0
) ENGINE=InnoDB DEFAULT CHARSET=utf8 COLLATE=utf8_bin COMMENT='Table coordinates for phpMyAdmin PDF output';

--
-- Volcado de datos para la tabla `pma__table_coords`
--

INSERT INTO `pma__table_coords` (`db_name`, `table_name`, `pdf_page_number`, `x`, `y`) VALUES
('covid-ddbb', 'admin', 1, 339, 348),
('covid-ddbb', 'centro-vacunacion', 1, 676, 258),
('covid-ddbb', 'cita', 1, 747, 78),
('covid-ddbb', 'info-covid', 1, 48, 100),
('covid-ddbb', 'pacientes', 1, 386, 94),
('covid_ddbb', 'admin', 2, 1155, 118),
('covid_ddbb', 'centro_vacunacion', 2, 732, 152),
('covid_ddbb', 'cita', 2, 539, 30),
('covid_ddbb', 'paciente', 2, 323, 167),
('covid_ddbb', 'recibe', 2, 284, 412),
('covid_ddbb', 'vacuna', 2, 40, 553);

-- --------------------------------------------------------

--
-- Estructura de tabla para la tabla `pma__table_info`
--

CREATE TABLE `pma__table_info` (
  `db_name` varchar(64) COLLATE utf8_bin NOT NULL DEFAULT '',
  `table_name` varchar(64) COLLATE utf8_bin NOT NULL DEFAULT '',
  `display_field` varchar(64) COLLATE utf8_bin NOT NULL DEFAULT ''
) ENGINE=InnoDB DEFAULT CHARSET=utf8 COLLATE=utf8_bin COMMENT='Table information for phpMyAdmin';

-- --------------------------------------------------------

--
-- Estructura de tabla para la tabla `pma__table_uiprefs`
--

CREATE TABLE `pma__table_uiprefs` (
  `username` varchar(64) COLLATE utf8_bin NOT NULL,
  `db_name` varchar(64) COLLATE utf8_bin NOT NULL,
  `table_name` varchar(64) COLLATE utf8_bin NOT NULL,
  `prefs` text COLLATE utf8_bin NOT NULL,
  `last_update` timestamp NOT NULL DEFAULT current_timestamp() ON UPDATE current_timestamp()
) ENGINE=InnoDB DEFAULT CHARSET=utf8 COLLATE=utf8_bin COMMENT='Tables'' UI preferences';

-- --------------------------------------------------------

--
-- Estructura de tabla para la tabla `pma__tracking`
--

CREATE TABLE `pma__tracking` (
  `db_name` varchar(64) COLLATE utf8_bin NOT NULL,
  `table_name` varchar(64) COLLATE utf8_bin NOT NULL,
  `version` int(10) UNSIGNED NOT NULL,
  `date_created` datetime NOT NULL,
  `date_updated` datetime NOT NULL,
  `schema_snapshot` text COLLATE utf8_bin NOT NULL,
  `schema_sql` text COLLATE utf8_bin DEFAULT NULL,
  `data_sql` longtext COLLATE utf8_bin DEFAULT NULL,
  `tracking` set('UPDATE','REPLACE','INSERT','DELETE','TRUNCATE','CREATE DATABASE','ALTER DATABASE','DROP DATABASE','CREATE TABLE','ALTER TABLE','RENAME TABLE','DROP TABLE','CREATE INDEX','DROP INDEX','CREATE VIEW','ALTER VIEW','DROP VIEW') COLLATE utf8_bin DEFAULT NULL,
  `tracking_active` int(1) UNSIGNED NOT NULL DEFAULT 1
) ENGINE=InnoDB DEFAULT CHARSET=utf8 COLLATE=utf8_bin COMMENT='Database changes tracking for phpMyAdmin';

-- --------------------------------------------------------

--
-- Estructura de tabla para la tabla `pma__userconfig`
--

CREATE TABLE `pma__userconfig` (
  `username` varchar(64) COLLATE utf8_bin NOT NULL,
  `timevalue` timestamp NOT NULL DEFAULT current_timestamp() ON UPDATE current_timestamp(),
  `config_data` text COLLATE utf8_bin NOT NULL
) ENGINE=InnoDB DEFAULT CHARSET=utf8 COLLATE=utf8_bin COMMENT='User preferences storage for phpMyAdmin';

--
-- Volcado de datos para la tabla `pma__userconfig`
--

INSERT INTO `pma__userconfig` (`username`, `timevalue`, `config_data`) VALUES
('root', '2022-01-27 13:28:40', '{\"Console\\/Mode\":\"show\",\"lang\":\"es\",\"Export\\/file_template_server\":\"covid\",\"Console\\/Height\":-23.01400000000001}');

-- --------------------------------------------------------

--
-- Estructura de tabla para la tabla `pma__usergroups`
--

CREATE TABLE `pma__usergroups` (
  `usergroup` varchar(64) COLLATE utf8_bin NOT NULL,
  `tab` varchar(64) COLLATE utf8_bin NOT NULL,
  `allowed` enum('Y','N') COLLATE utf8_bin NOT NULL DEFAULT 'N'
) ENGINE=InnoDB DEFAULT CHARSET=utf8 COLLATE=utf8_bin COMMENT='User groups with configured menu items';

-- --------------------------------------------------------

--
-- Estructura de tabla para la tabla `pma__users`
--

CREATE TABLE `pma__users` (
  `username` varchar(64) COLLATE utf8_bin NOT NULL,
  `usergroup` varchar(64) COLLATE utf8_bin NOT NULL
) ENGINE=InnoDB DEFAULT CHARSET=utf8 COLLATE=utf8_bin COMMENT='Users and their assignments to user groups';

--
-- Índices para tablas volcadas
--

--
-- Indices de la tabla `pma__bookmark`
--
ALTER TABLE `pma__bookmark`
  ADD PRIMARY KEY (`id`);

--
-- Indices de la tabla `pma__central_columns`
--
ALTER TABLE `pma__central_columns`
  ADD PRIMARY KEY (`db_name`,`col_name`);

--
-- Indices de la tabla `pma__column_info`
--
ALTER TABLE `pma__column_info`
  ADD PRIMARY KEY (`id`),
  ADD UNIQUE KEY `db_name` (`db_name`,`table_name`,`column_name`);

--
-- Indices de la tabla `pma__designer_settings`
--
ALTER TABLE `pma__designer_settings`
  ADD PRIMARY KEY (`username`);

--
-- Indices de la tabla `pma__export_templates`
--
ALTER TABLE `pma__export_templates`
  ADD PRIMARY KEY (`id`),
  ADD UNIQUE KEY `u_user_type_template` (`username`,`export_type`,`template_name`);

--
-- Indices de la tabla `pma__favorite`
--
ALTER TABLE `pma__favorite`
  ADD PRIMARY KEY (`username`);

--
-- Indices de la tabla `pma__history`
--
ALTER TABLE `pma__history`
  ADD PRIMARY KEY (`id`),
  ADD KEY `username` (`username`,`db`,`table`,`timevalue`);

--
-- Indices de la tabla `pma__navigationhiding`
--
ALTER TABLE `pma__navigationhiding`
  ADD PRIMARY KEY (`username`,`item_name`,`item_type`,`db_name`,`table_name`);

--
-- Indices de la tabla `pma__pdf_pages`
--
ALTER TABLE `pma__pdf_pages`
  ADD PRIMARY KEY (`page_nr`),
  ADD KEY `db_name` (`db_name`);

--
-- Indices de la tabla `pma__recent`
--
ALTER TABLE `pma__recent`
  ADD PRIMARY KEY (`username`);

--
-- Indices de la tabla `pma__relation`
--
ALTER TABLE `pma__relation`
  ADD PRIMARY KEY (`master_db`,`master_table`,`master_field`),
  ADD KEY `foreign_field` (`foreign_db`,`foreign_table`);

--
-- Indices de la tabla `pma__savedsearches`
--
ALTER TABLE `pma__savedsearches`
  ADD PRIMARY KEY (`id`),
  ADD UNIQUE KEY `u_savedsearches_username_dbname` (`username`,`db_name`,`search_name`);

--
-- Indices de la tabla `pma__table_coords`
--
ALTER TABLE `pma__table_coords`
  ADD PRIMARY KEY (`db_name`,`table_name`,`pdf_page_number`);

--
-- Indices de la tabla `pma__table_info`
--
ALTER TABLE `pma__table_info`
  ADD PRIMARY KEY (`db_name`,`table_name`);

--
-- Indices de la tabla `pma__table_uiprefs`
--
ALTER TABLE `pma__table_uiprefs`
  ADD PRIMARY KEY (`username`,`db_name`,`table_name`);

--
-- Indices de la tabla `pma__tracking`
--
ALTER TABLE `pma__tracking`
  ADD PRIMARY KEY (`db_name`,`table_name`,`version`);

--
-- Indices de la tabla `pma__userconfig`
--
ALTER TABLE `pma__userconfig`
  ADD PRIMARY KEY (`username`);

--
-- Indices de la tabla `pma__usergroups`
--
ALTER TABLE `pma__usergroups`
  ADD PRIMARY KEY (`usergroup`,`tab`,`allowed`);

--
-- Indices de la tabla `pma__users`
--
ALTER TABLE `pma__users`
  ADD PRIMARY KEY (`username`,`usergroup`);

--
-- AUTO_INCREMENT de las tablas volcadas
--

--
-- AUTO_INCREMENT de la tabla `pma__bookmark`
--
ALTER TABLE `pma__bookmark`
  MODIFY `id` int(10) UNSIGNED NOT NULL AUTO_INCREMENT;

--
-- AUTO_INCREMENT de la tabla `pma__column_info`
--
ALTER TABLE `pma__column_info`
  MODIFY `id` int(5) UNSIGNED NOT NULL AUTO_INCREMENT;

--
-- AUTO_INCREMENT de la tabla `pma__export_templates`
--
ALTER TABLE `pma__export_templates`
  MODIFY `id` int(5) UNSIGNED NOT NULL AUTO_INCREMENT;

--
-- AUTO_INCREMENT de la tabla `pma__history`
--
ALTER TABLE `pma__history`
  MODIFY `id` bigint(20) UNSIGNED NOT NULL AUTO_INCREMENT;

--
-- AUTO_INCREMENT de la tabla `pma__pdf_pages`
--
ALTER TABLE `pma__pdf_pages`
  MODIFY `page_nr` int(10) UNSIGNED NOT NULL AUTO_INCREMENT, AUTO_INCREMENT=3;

--
-- AUTO_INCREMENT de la tabla `pma__savedsearches`
--
ALTER TABLE `pma__savedsearches`
  MODIFY `id` int(5) UNSIGNED NOT NULL AUTO_INCREMENT;
--
-- Base de datos: `test`
--
CREATE DATABASE IF NOT EXISTS `test` DEFAULT CHARACTER SET latin1 COLLATE latin1_swedish_ci;
USE `test`;
COMMIT;

/*!40101 SET CHARACTER_SET_CLIENT=@OLD_CHARACTER_SET_CLIENT */;
/*!40101 SET CHARACTER_SET_RESULTS=@OLD_CHARACTER_SET_RESULTS */;
/*!40101 SET COLLATION_CONNECTION=@OLD_COLLATION_CONNECTION */;
